Xesp_014983	AF-4.HG1.0:AFF1/AFF2/AFF3/AFF4	AFF1/AFF2/AFF3/AFF4
Xesp_008268	AP-2.HG1.0:TFAP2A/TFAP2B/TFAP2C/TFAP2D/TFAP2E	islike:TFAP2A/TFAP2B/TFAP2C/TFAP2D/TFAP2E
Xesp_008598	AP-2.HG1.0:TFAP2A/TFAP2B/TFAP2C/TFAP2D/TFAP2E	islike:TFAP2A/TFAP2B/TFAP2C/TFAP2D/TFAP2E
Xesp_008060	AP-2.HG1.0:TFAP2A/TFAP2B/TFAP2C/TFAP2D/TFAP2E	islike:TFAP2A/TFAP2B/TFAP2C/TFAP2D/TFAP2E
Xesp_007789	AP-2.HG1.0:TFAP2A/TFAP2B/TFAP2C/TFAP2D/TFAP2E	islike:TFAP2A/TFAP2B/TFAP2C/TFAP2D/TFAP2E
Xesp_007793	AP-2.HG1.0:TFAP2A/TFAP2B/TFAP2C/TFAP2D/TFAP2E	islike:TFAP2A/TFAP2B/TFAP2C/TFAP2D/TFAP2E
Xesp_020404	AP-2.HG1.0:TFAP2A/TFAP2B/TFAP2C/TFAP2D/TFAP2E	TFAP2A/TFAP2B/TFAP2C/TFAP2D/TFAP2E
Xesp_011742	ARID_BRIGHT.HG1.1:ARID4A/ARID4B	ARID4A/ARID4B
Xesp_013795	ARID_BRIGHT.HG1.2:ARID5A/ARID5B	ARID5A/ARID5B
Xesp_011517	ARID_BRIGHT.HG1.3:ARID1A/ARID1B	ARID1A/ARID1B
Xesp_003167	ARID_BRIGHT.HG1.4:ARID3A/ARID3B/ARID3C	ARID3A/ARID3B/ARID3C
Xesp_005271	ARID_BRIGHT.HG2.0:JARID2	JARID2
Xesp_003067	bZIP.HG1.2:like:DBP/HLF/NFIL3/TEF:likeclu:5/7	NA
Xesp_014897	bZIP.HG1.3:like:DBP/HLF/NFIL3/TEF:likeclu:5/7	NA
Xesp_014820	bZIP.HG1.3:like:DBP/HLF/NFIL3/TEF:likeclu:5/7	NA
Xesp_014749	bZIP.HG1.3:like:DBP/HLF/NFIL3/TEF:likeclu:5/7	NA
Xesp_009860	bZIP.HG1.3:like:DBP/HLF/NFIL3/TEF:likeclu:5/7	NA
Xesp_021826	bZIP.HG1.5:NFIL3	DBP/HLF/TEF
Xesp_003371	bZIP.HG1.10:like:ATF2/ATF4/ATF5/ATF7/CEBPA/CEBPB/CEBPD/CEBPE/CEBPG/CREB5:likeclu:9/11/12	NA
Xesp_011851	bZIP.HG1.12:ATF2/ATF4/ATF5/ATF7/CREB5	CEBPA/CEBPB/CEBPD/CEBPE
Xesp_016539	bZIP.HG1.12:ATF2/ATF4/ATF5/ATF7/CREB5	ATF4/ATF5
Xesp_009645	bZIP.HG1.13:like:ATF2/ATF4/ATF5/ATF7/CREB5:likeclu:12	ATF2/ATF7/CREB5
Xesp_012100	bZIP.HG1.23:FOSL1	FOS/FOSB/FOSL1/FOSL2
Xesp_012102	bZIP.HG1.23:FOSL1	FOS/FOSB/FOSL1/FOSL2
Xesp_010516	bZIP.HG1.28:like:FOSL1:likeclu:23	FOS/FOSB/FOSL1/FOSL2
Xesp_002737	bZIP.HG2.1:MAFF/MAFG/MAFK	MAFF/MAFG/MAFK
Xesp_003756	bZIP.HG2.2:like:MAF/MAFA/MAFB/MAFF/MAFG/MAFK/NRL:likeclu:0/1	NA
Xesp_022606	bZIP.HG2.2:like:MAF/MAFA/MAFB/MAFF/MAFG/MAFK/NRL:likeclu:0/1	NA
Xesp_005274	bZIP.HG2.2:like:MAF/MAFA/MAFB/MAFF/MAFG/MAFK/NRL:likeclu:0/1	NA
Xesp_022647	bZIP.HG2.2:like:MAF/MAFA/MAFB/MAFF/MAFG/MAFK/NRL:likeclu:0/1	NA
Xesp_023616	bZIP.HG3.1:CREBZF	CREBZF
Xesp_023619	bZIP.HG3.1:CREBZF	CREBZF
Xesp_003054	bZIP.HG3.4:CREB3/CREB3L3/CREB3L4	CREB3/CREB3L3/CREB3L4
Xesp_008117	bZIP.HG3.5:CREB3L1/CREB3L2	CREB3L1/CREB3L2
Xesp_000397	bZIP.HG4.1:JUN/JUNB/JUND	islike:JUN/JUNB/JUND
Xesp_021391	bZIP.HG4.1:JUN/JUNB/JUND	islike:JUN/JUNB/JUND
Xesp_002643	bZIP.HG4.1:JUN/JUNB/JUND	islike:JUN/JUNB/JUND
Xesp_009992	bZIP.HG5.1:ATF1/CREB1/CREM	ATF1/CREB1/CREM
Xesp_009812	bZIP.HG6.0:BACH1/BACH2/NFE2/NFE2L1/NFE2L2/NFE2L3	NFE2/NFE2L1/NFE2L2/NFE2L3
Xesp_005018	bZIP.HG7.0:XBP1	XBP1
Xesp_008335	bZIP.HG8.0:ATF6/ATF6B	ATF6/ATF6B
Xesp_012747	CG-1.HG1.0:CAMTA1/CAMTA2	CAMTA1/CAMTA2
Xesp_016510	CSD.HG2.1:CARHSP1/CSDC2	CARHSP1/CSDC2
Xesp_018956	Doublesex_DM.HG1.0:like:DMRT1/DMRT2/DMRT3/DMRTA1/DMRTA2/DMRTB1/DMRTC2:likeclu:5/12/14/17/18/19	NA
Xesp_005191	Doublesex_DM.HG1.0:like:DMRT1/DMRT2/DMRT3/DMRTA1/DMRTA2/DMRTB1/DMRTC2:likeclu:5/12/14/17/18/19	NA
Xesp_028595	Doublesex_DM.HG1.0:like:DMRT1/DMRT2/DMRT3/DMRTA1/DMRTA2/DMRTB1/DMRTC2:likeclu:5/12/14/17/18/19	NA
Xesp_028652	Doublesex_DM.HG1.0:like:DMRT1/DMRT2/DMRT3/DMRTA1/DMRTA2/DMRTB1/DMRTC2:likeclu:5/12/14/17/18/19	NA
Xesp_028688	Doublesex_DM.HG1.0:like:DMRT1/DMRT2/DMRT3/DMRTA1/DMRTA2/DMRTB1/DMRTC2:likeclu:5/12/14/17/18/19	NA
Xesp_000983	Doublesex_DM.HG1.0:like:DMRT1/DMRT2/DMRT3/DMRTA1/DMRTA2/DMRTB1/DMRTC2:likeclu:5/12/14/17/18/19	NA
Xesp_009499	Doublesex_DM.HG1.0:like:DMRT1/DMRT2/DMRT3/DMRTA1/DMRTA2/DMRTB1/DMRTC2:likeclu:5/12/14/17/18/19	NA
Xesp_009491	Doublesex_DM.HG1.0:like:DMRT1/DMRT2/DMRT3/DMRTA1/DMRTA2/DMRTB1/DMRTC2:likeclu:5/12/14/17/18/19	NA
Xesp_009492	Doublesex_DM.HG1.0:like:DMRT1/DMRT2/DMRT3/DMRTA1/DMRTA2/DMRTB1/DMRTC2:likeclu:5/12/14/17/18/19	NA
Xesp_009488	Doublesex_DM.HG1.0:like:DMRT1/DMRT2/DMRT3/DMRTA1/DMRTA2/DMRTB1/DMRTC2:likeclu:5/12/14/17/18/19	NA
Xesp_009500	Doublesex_DM.HG1.1:like:DMRTB1:likeclu:5	NA
Xesp_007059	Doublesex_DM.HG1.1:like:DMRTB1:likeclu:5	NA
Xesp_012261	Doublesex_DM.HG1.5:DMRTB1	DMRTB1
Xesp_000937	Doublesex_DM.HG1.5:DMRTB1	DMRTB1
Xesp_000940	Doublesex_DM.HG1.6:like:DMRTB1:likeclu:5	DMRTB1
Xesp_000939	Doublesex_DM.HG1.6:like:DMRTB1:likeclu:5	DMRTB1
Xesp_021414	Doublesex_DM.HG1.10:like:DMRT2:likeclu:12	NA
Xesp_021415	Doublesex_DM.HG1.11:like:DMRT2:likeclu:12	NA
Xesp_021418	Doublesex_DM.HG1.11:like:DMRT2:likeclu:12	NA
Xesp_012486	Doublesex_DM.HG1.13:like:DMRT1/DMRT2/DMRT3/DMRTA1/DMRTA2/DMRTC2:likeclu:12/14/17/18/19	NA
Xesp_001205	Doublesex_DM.HG1.14:DMRTA1/DMRTA2	DMRTA1/DMRTA2
Xesp_011976	Doublesex_DM.HG1.17:DMRT3	DMRT1/DMRTC2
Xesp_006687	E2F_TDP.HG1.0:E2F4/E2F5	E2F4/E2F5
Xesp_006673	E2F_TDP.HG1.0:E2F4/E2F5	E2F4/E2F5
Xesp_002871	E2F_TDP.HG1.1:E2F1/E2F2/E2F3/E2F6	islike:E2F1/E2F2/E2F3/E2F6
Xesp_014272	E2F_TDP.HG2.1:TFDP1/TFDP2/TFDP3	TFDP1/TFDP2/TFDP3
Xesp_008487	E2F_TDP.HG3.0:E2F7/E2F8	E2F7/E2F8
Xesp_008485	E2F_TDP.HG3.0:E2F7/E2F8	E2F7/E2F8
Xesp_008488	E2F_TDP.HG3.0:E2F7/E2F8	E2F7/E2F8
Xesp_014492	Ets.HG1.5:like:ELK1/ELK3/ELK4/ERF/ERG/ETS1/ETS2/ETV3/ETV3L/FEV/FLI1/GABPA:likeclu:4/6/8	GABPA
Xesp_014494	Ets.HG1.5:like:ELK1/ELK3/ELK4/ERF/ERG/ETS1/ETS2/ETV3/ETV3L/FEV/FLI1/GABPA:likeclu:4/6/8	ETS1/ETS2
Xesp_014336	Ets.HG1.8:ELK1/ELK3/ELK4/ERG/FEV/FLI1	islike:ERG/FEV/FLI1
Xesp_009346	Ets.HG1.10:ETV1/ETV4/ETV5	ETV1/ETV4/ETV5
Xesp_004350	Ets.HG1.12:like:AC020909/EHF/ELF1/ELF2/ELF3/ELF4/ELF5/ETV1/ETV4/ETV5/ETV6/ETV7/SPDEF/SPI1/SPIB/SPIC:likeclu:10/13/14/15/16/17	NA
Xesp_004216	Ets.HG1.12:like:AC020909/EHF/ELF1/ELF2/ELF3/ELF4/ELF5/ETV1/ETV4/ETV5/ETV6/ETV7/SPDEF/SPI1/SPIB/SPIC:likeclu:10/13/14/15/16/17	NA
Xesp_004222	Ets.HG1.12:like:AC020909/EHF/ELF1/ELF2/ELF3/ELF4/ELF5/ETV1/ETV4/ETV5/ETV6/ETV7/SPDEF/SPI1/SPIB/SPIC:likeclu:10/13/14/15/16/17	NA
Xesp_004344	Ets.HG1.12:like:AC020909/EHF/ELF1/ELF2/ELF3/ELF4/ELF5/ETV1/ETV4/ETV5/ETV6/ETV7/SPDEF/SPI1/SPIB/SPIC:likeclu:10/13/14/15/16/17	NA
Xesp_004217	Ets.HG1.12:like:AC020909/EHF/ELF1/ELF2/ELF3/ELF4/ELF5/ETV1/ETV4/ETV5/ETV6/ETV7/SPDEF/SPI1/SPIB/SPIC:likeclu:10/13/14/15/16/17	NA
Xesp_004349	Ets.HG1.12:like:AC020909/EHF/ELF1/ELF2/ELF3/ELF4/ELF5/ETV1/ETV4/ETV5/ETV6/ETV7/SPDEF/SPI1/SPIB/SPIC:likeclu:10/13/14/15/16/17	NA
Xesp_004250	Ets.HG1.12:like:AC020909/EHF/ELF1/ELF2/ELF3/ELF4/ELF5/ETV1/ETV4/ETV5/ETV6/ETV7/SPDEF/SPI1/SPIB/SPIC:likeclu:10/13/14/15/16/17	NA
Xesp_004221	Ets.HG1.12:like:AC020909/EHF/ELF1/ELF2/ELF3/ELF4/ELF5/ETV1/ETV4/ETV5/ETV6/ETV7/SPDEF/SPI1/SPIB/SPIC:likeclu:10/13/14/15/16/17	NA
Xesp_004345	Ets.HG1.12:like:AC020909/EHF/ELF1/ELF2/ELF3/ELF4/ELF5/ETV1/ETV4/ETV5/ETV6/ETV7/SPDEF/SPI1/SPIB/SPIC:likeclu:10/13/14/15/16/17	NA
Xesp_004348	Ets.HG1.12:like:AC020909/EHF/ELF1/ELF2/ELF3/ELF4/ELF5/ETV1/ETV4/ETV5/ETV6/ETV7/SPDEF/SPI1/SPIB/SPIC:likeclu:10/13/14/15/16/17	NA
Xesp_004220	Ets.HG1.12:like:AC020909/EHF/ELF1/ELF2/ELF3/ELF4/ELF5/ETV1/ETV4/ETV5/ETV6/ETV7/SPDEF/SPI1/SPIB/SPIC:likeclu:10/13/14/15/16/17	NA
Xesp_004347	Ets.HG1.12:like:AC020909/EHF/ELF1/ELF2/ELF3/ELF4/ELF5/ETV1/ETV4/ETV5/ETV6/ETV7/SPDEF/SPI1/SPIB/SPIC:likeclu:10/13/14/15/16/17	NA
Xesp_004346	Ets.HG1.12:like:AC020909/EHF/ELF1/ELF2/ELF3/ELF4/ELF5/ETV1/ETV4/ETV5/ETV6/ETV7/SPDEF/SPI1/SPIB/SPIC:likeclu:10/13/14/15/16/17	NA
Xesp_004219	Ets.HG1.12:like:AC020909/EHF/ELF1/ELF2/ELF3/ELF4/ELF5/ETV1/ETV4/ETV5/ETV6/ETV7/SPDEF/SPI1/SPIB/SPIC:likeclu:10/13/14/15/16/17	NA
Xesp_004218	Ets.HG1.12:like:AC020909/EHF/ELF1/ELF2/ELF3/ELF4/ELF5/ETV1/ETV4/ETV5/ETV6/ETV7/SPDEF/SPI1/SPIB/SPIC:likeclu:10/13/14/15/16/17	NA
Xesp_008356	Ets.HG1.12:like:AC020909/EHF/ELF1/ELF2/ELF3/ELF4/ELF5/ETV1/ETV4/ETV5/ETV6/ETV7/SPDEF/SPI1/SPIB/SPIC:likeclu:10/13/14/15/16/17	NA
Xesp_004352	Ets.HG1.12:like:AC020909/EHF/ELF1/ELF2/ELF3/ELF4/ELF5/ETV1/ETV4/ETV5/ETV6/ETV7/SPDEF/SPI1/SPIB/SPIC:likeclu:10/13/14/15/16/17	NA
Xesp_004215	Ets.HG1.12:like:AC020909/EHF/ELF1/ELF2/ELF3/ELF4/ELF5/ETV1/ETV4/ETV5/ETV6/ETV7/SPDEF/SPI1/SPIB/SPIC:likeclu:10/13/14/15/16/17	NA
Xesp_017429	Ets.HG1.14:SPDEF	SPDEF
Xesp_017416	Ets.HG1.14:SPDEF	SPDEF
Xesp_022438	Ets.HG1.14:SPDEF	SPDEF
Xesp_023878	Ets.HG1.14:SPDEF	SPDEF
Xesp_027990	Ets.HG1.15:AC020909/ELF5/ETV6/ETV7/SPI1/SPIB/SPIC	ETV6/ETV7
Xesp_015818	Ets.HG1.15:AC020909/ELF5/ETV6/ETV7/SPI1/SPIB/SPIC	AC020909/SPI1/SPIB/SPIC
Xesp_023137	Ets.HG1.17:EHF	EHF/ELF3/ELF5
Xesp_021425	Forkhead.HG1.4:FOXN3	FOXN2/FOXN3
Xesp_024463	Forkhead.HG1.6:FOXM1	FOXM1
Xesp_012663	Forkhead.HG1.8:FOXJ2/FOXJ3	FOXJ3
Xesp_016503	Forkhead.HG1.9:FOXK1/FOXK2	FOXK1/FOXK2
Xesp_018035	Forkhead.HG1.10:FOXJ1	FOXJ1
Xesp_011808	Forkhead.HG1.11:FOXG1	FOXG1
Xesp_008988	Forkhead.HG1.12:like:FOXA1/FOXA2/FOXA3/FOXB1/FOXB2/FOXC1/FOXC2/FOXD1/FOXD2/FOXD3/FOXD4/FOXD4L1/FOXD4L3/FOXD4L4/FOXD4L5/FOXD4L6/FOXE1/FOXE3/FOXF1/FOXF2/FOXG1/FOXH1/FOXI1/FOXI2/FOXI3/FOXJ1/FOXL1/FOXL2/FOXQ1/FOXS1:likeclu:10/11/13/14/15/16/20/22/24	NA
Xesp_008857	Forkhead.HG1.12:like:FOXA1/FOXA2/FOXA3/FOXB1/FOXB2/FOXC1/FOXC2/FOXD1/FOXD2/FOXD3/FOXD4/FOXD4L1/FOXD4L3/FOXD4L4/FOXD4L5/FOXD4L6/FOXE1/FOXE3/FOXF1/FOXF2/FOXG1/FOXH1/FOXI1/FOXI2/FOXI3/FOXJ1/FOXL1/FOXL2/FOXQ1/FOXS1:likeclu:10/11/13/14/15/16/20/22/24	NA
Xesp_008840	Forkhead.HG1.12:like:FOXA1/FOXA2/FOXA3/FOXB1/FOXB2/FOXC1/FOXC2/FOXD1/FOXD2/FOXD3/FOXD4/FOXD4L1/FOXD4L3/FOXD4L4/FOXD4L5/FOXD4L6/FOXE1/FOXE3/FOXF1/FOXF2/FOXG1/FOXH1/FOXI1/FOXI2/FOXI3/FOXJ1/FOXL1/FOXL2/FOXQ1/FOXS1:likeclu:10/11/13/14/15/16/20/22/24	NA
Xesp_008866	Forkhead.HG1.12:like:FOXA1/FOXA2/FOXA3/FOXB1/FOXB2/FOXC1/FOXC2/FOXD1/FOXD2/FOXD3/FOXD4/FOXD4L1/FOXD4L3/FOXD4L4/FOXD4L5/FOXD4L6/FOXE1/FOXE3/FOXF1/FOXF2/FOXG1/FOXH1/FOXI1/FOXI2/FOXI3/FOXJ1/FOXL1/FOXL2/FOXQ1/FOXS1:likeclu:10/11/13/14/15/16/20/22/24	NA
Xesp_008987	Forkhead.HG1.12:like:FOXA1/FOXA2/FOXA3/FOXB1/FOXB2/FOXC1/FOXC2/FOXD1/FOXD2/FOXD3/FOXD4/FOXD4L1/FOXD4L3/FOXD4L4/FOXD4L5/FOXD4L6/FOXE1/FOXE3/FOXF1/FOXF2/FOXG1/FOXH1/FOXI1/FOXI2/FOXI3/FOXJ1/FOXL1/FOXL2/FOXQ1/FOXS1:likeclu:10/11/13/14/15/16/20/22/24	NA
Xesp_008979	Forkhead.HG1.12:like:FOXA1/FOXA2/FOXA3/FOXB1/FOXB2/FOXC1/FOXC2/FOXD1/FOXD2/FOXD3/FOXD4/FOXD4L1/FOXD4L3/FOXD4L4/FOXD4L5/FOXD4L6/FOXE1/FOXE3/FOXF1/FOXF2/FOXG1/FOXH1/FOXI1/FOXI2/FOXI3/FOXJ1/FOXL1/FOXL2/FOXQ1/FOXS1:likeclu:10/11/13/14/15/16/20/22/24	NA
Xesp_008986	Forkhead.HG1.12:like:FOXA1/FOXA2/FOXA3/FOXB1/FOXB2/FOXC1/FOXC2/FOXD1/FOXD2/FOXD3/FOXD4/FOXD4L1/FOXD4L3/FOXD4L4/FOXD4L5/FOXD4L6/FOXE1/FOXE3/FOXF1/FOXF2/FOXG1/FOXH1/FOXI1/FOXI2/FOXI3/FOXJ1/FOXL1/FOXL2/FOXQ1/FOXS1:likeclu:10/11/13/14/15/16/20/22/24	NA
Xesp_008980	Forkhead.HG1.12:like:FOXA1/FOXA2/FOXA3/FOXB1/FOXB2/FOXC1/FOXC2/FOXD1/FOXD2/FOXD3/FOXD4/FOXD4L1/FOXD4L3/FOXD4L4/FOXD4L5/FOXD4L6/FOXE1/FOXE3/FOXF1/FOXF2/FOXG1/FOXH1/FOXI1/FOXI2/FOXI3/FOXJ1/FOXL1/FOXL2/FOXQ1/FOXS1:likeclu:10/11/13/14/15/16/20/22/24	NA
Xesp_008976	Forkhead.HG1.12:like:FOXA1/FOXA2/FOXA3/FOXB1/FOXB2/FOXC1/FOXC2/FOXD1/FOXD2/FOXD3/FOXD4/FOXD4L1/FOXD4L3/FOXD4L4/FOXD4L5/FOXD4L6/FOXE1/FOXE3/FOXF1/FOXF2/FOXG1/FOXH1/FOXI1/FOXI2/FOXI3/FOXJ1/FOXL1/FOXL2/FOXQ1/FOXS1:likeclu:10/11/13/14/15/16/20/22/24	NA
Xesp_009001	Forkhead.HG1.12:like:FOXA1/FOXA2/FOXA3/FOXB1/FOXB2/FOXC1/FOXC2/FOXD1/FOXD2/FOXD3/FOXD4/FOXD4L1/FOXD4L3/FOXD4L4/FOXD4L5/FOXD4L6/FOXE1/FOXE3/FOXF1/FOXF2/FOXG1/FOXH1/FOXI1/FOXI2/FOXI3/FOXJ1/FOXL1/FOXL2/FOXQ1/FOXS1:likeclu:10/11/13/14/15/16/20/22/24	NA
Xesp_008994	Forkhead.HG1.12:like:FOXA1/FOXA2/FOXA3/FOXB1/FOXB2/FOXC1/FOXC2/FOXD1/FOXD2/FOXD3/FOXD4/FOXD4L1/FOXD4L3/FOXD4L4/FOXD4L5/FOXD4L6/FOXE1/FOXE3/FOXF1/FOXF2/FOXG1/FOXH1/FOXI1/FOXI2/FOXI3/FOXJ1/FOXL1/FOXL2/FOXQ1/FOXS1:likeclu:10/11/13/14/15/16/20/22/24	NA
Xesp_008991	Forkhead.HG1.12:like:FOXA1/FOXA2/FOXA3/FOXB1/FOXB2/FOXC1/FOXC2/FOXD1/FOXD2/FOXD3/FOXD4/FOXD4L1/FOXD4L3/FOXD4L4/FOXD4L5/FOXD4L6/FOXE1/FOXE3/FOXF1/FOXF2/FOXG1/FOXH1/FOXI1/FOXI2/FOXI3/FOXJ1/FOXL1/FOXL2/FOXQ1/FOXS1:likeclu:10/11/13/14/15/16/20/22/24	NA
Xesp_008993	Forkhead.HG1.12:like:FOXA1/FOXA2/FOXA3/FOXB1/FOXB2/FOXC1/FOXC2/FOXD1/FOXD2/FOXD3/FOXD4/FOXD4L1/FOXD4L3/FOXD4L4/FOXD4L5/FOXD4L6/FOXE1/FOXE3/FOXF1/FOXF2/FOXG1/FOXH1/FOXI1/FOXI2/FOXI3/FOXJ1/FOXL1/FOXL2/FOXQ1/FOXS1:likeclu:10/11/13/14/15/16/20/22/24	NA
Xesp_007339	Forkhead.HG1.12:like:FOXA1/FOXA2/FOXA3/FOXB1/FOXB2/FOXC1/FOXC2/FOXD1/FOXD2/FOXD3/FOXD4/FOXD4L1/FOXD4L3/FOXD4L4/FOXD4L5/FOXD4L6/FOXE1/FOXE3/FOXF1/FOXF2/FOXG1/FOXH1/FOXI1/FOXI2/FOXI3/FOXJ1/FOXL1/FOXL2/FOXQ1/FOXS1:likeclu:10/11/13/14/15/16/20/22/24	NA
Xesp_007342	Forkhead.HG1.12:like:FOXA1/FOXA2/FOXA3/FOXB1/FOXB2/FOXC1/FOXC2/FOXD1/FOXD2/FOXD3/FOXD4/FOXD4L1/FOXD4L3/FOXD4L4/FOXD4L5/FOXD4L6/FOXE1/FOXE3/FOXF1/FOXF2/FOXG1/FOXH1/FOXI1/FOXI2/FOXI3/FOXJ1/FOXL1/FOXL2/FOXQ1/FOXS1:likeclu:10/11/13/14/15/16/20/22/24	NA
Xesp_007363	Forkhead.HG1.12:like:FOXA1/FOXA2/FOXA3/FOXB1/FOXB2/FOXC1/FOXC2/FOXD1/FOXD2/FOXD3/FOXD4/FOXD4L1/FOXD4L3/FOXD4L4/FOXD4L5/FOXD4L6/FOXE1/FOXE3/FOXF1/FOXF2/FOXG1/FOXH1/FOXI1/FOXI2/FOXI3/FOXJ1/FOXL1/FOXL2/FOXQ1/FOXS1:likeclu:10/11/13/14/15/16/20/22/24	NA
Xesp_007362	Forkhead.HG1.12:like:FOXA1/FOXA2/FOXA3/FOXB1/FOXB2/FOXC1/FOXC2/FOXD1/FOXD2/FOXD3/FOXD4/FOXD4L1/FOXD4L3/FOXD4L4/FOXD4L5/FOXD4L6/FOXE1/FOXE3/FOXF1/FOXF2/FOXG1/FOXH1/FOXI1/FOXI2/FOXI3/FOXJ1/FOXL1/FOXL2/FOXQ1/FOXS1:likeclu:10/11/13/14/15/16/20/22/24	NA
Xesp_007340	Forkhead.HG1.13:FOXS1	islike:FOXA1/FOXA2/FOXA3/FOXB1/FOXB2/FOXC1/FOXC2/FOXD1/FOXD2/FOXD3/FOXD4/FOXD4L1/FOXD4L3/FOXD4L4/FOXD4L5/FOXD4L6/FOXE1/FOXE3/FOXF1/FOXF2/FOXH1/FOXI1/FOXI2/FOXI3/FOXL1/FOXL2/FOXQ1/FOXS1
Xesp_006292	Forkhead.HG1.14:FOXC1/FOXC2	islike:FOXC1/FOXC2
Xesp_006291	Forkhead.HG1.14:FOXC1/FOXC2	FOXC1/FOXC2
Xesp_018653	Forkhead.HG1.15:FOXL1	islike:FOXL1
Xesp_012614	Forkhead.HG1.16:FOXA1/FOXA2/FOXA3/FOXB1/FOXB2/FOXI1/FOXI2/FOXI3/FOXL2	FOXL2
Xesp_002944	Forkhead.HG1.16:FOXA1/FOXA2/FOXA3/FOXB1/FOXB2/FOXI1/FOXI2/FOXI3/FOXL2	islike:FOXA1/FOXA2/FOXA3/FOXB1/FOXB2
Xesp_002945	Forkhead.HG1.16:FOXA1/FOXA2/FOXA3/FOXB1/FOXB2/FOXI1/FOXI2/FOXI3/FOXL2	islike:FOXA1/FOXA2/FOXA3/FOXB1/FOXB2
Xesp_003050	Forkhead.HG1.16:FOXA1/FOXA2/FOXA3/FOXB1/FOXB2/FOXI1/FOXI2/FOXI3/FOXL2	FOXB1/FOXB2
Xesp_022001	Forkhead.HG1.18:like:FOXA1/FOXA2/FOXA3/FOXB1/FOXB2/FOXD1/FOXD2/FOXD3/FOXD4/FOXD4L1/FOXD4L3/FOXD4L4/FOXD4L5/FOXD4L6/FOXE1/FOXE3/FOXF1/FOXF2/FOXH1/FOXI1/FOXI2/FOXI3/FOXL2/FOXQ1:likeclu:16/20/22/24	FOXA1/FOXA2/FOXA3
Xesp_022000	Forkhead.HG1.18:like:FOXA1/FOXA2/FOXA3/FOXB1/FOXB2/FOXD1/FOXD2/FOXD3/FOXD4/FOXD4L1/FOXD4L3/FOXD4L4/FOXD4L5/FOXD4L6/FOXE1/FOXE3/FOXF1/FOXF2/FOXH1/FOXI1/FOXI2/FOXI3/FOXL2/FOXQ1:likeclu:16/20/22/24	FOXA1/FOXA2/FOXA3
Xesp_006295	Forkhead.HG1.23:like:FOXD1/FOXD2/FOXD3/FOXD4/FOXD4L1/FOXD4L3/FOXD4L4/FOXD4L5/FOXD4L6/FOXE1/FOXE3/FOXF1/FOXF2/FOXH1/FOXQ1:likeclu:20/22/24	FOXQ1
Xesp_002364	Forkhead.HG1.23:like:FOXD1/FOXD2/FOXD3/FOXD4/FOXD4L1/FOXD4L3/FOXD4L4/FOXD4L5/FOXD4L6/FOXE1/FOXE3/FOXF1/FOXF2/FOXH1/FOXQ1:likeclu:20/22/24	NA
Xesp_000527	Forkhead.HG1.24:FOXD1/FOXD2/FOXD3/FOXD4/FOXD4L1/FOXD4L3/FOXD4L4/FOXD4L5/FOXD4L6	FOXD3
Xesp_003872	Forkhead.HG2.0:NA	NA
Xesp_022027	Forkhead.HG2.1:NA	NA
Xesp_022026	Forkhead.HG2.1:NA	NA
Xesp_003090	Forkhead.HG2.3:NA	NA
Xesp_007360	Forkhead.HG2.3:NA	NA
Xesp_003091	Forkhead.HG2.3:NA	NA
Xesp_003092	Forkhead.HG2.3:NA	NA
Xesp_010658	Forkhead.HG3.1:FOXO1/FOXO3/FOXO4/FOXO6	islike:FOXO1/FOXO3/FOXO4/FOXO6
Xesp_003936	Forkhead.HG4.0:FOXP1/FOXP2/FOXP3/FOXP4	FOXP1/FOXP2/FOXP3/FOXP4
Xesp_021632	Forkhead.HG5.0:FOXN1/FOXN4/FOXR1/FOXR2	FOXN1/FOXN4/FOXR1/FOXR2
Xesp_010401	GATA.HG1.1:ZGLP1	ZGLP1
Xesp_014928	GATA.HG1.8:GATA1/GATA2/GATA3/GATA5/GATA6	GATA2/GATA3
Xesp_012874	GATA.HG2.1:RERE	RERE
Xesp_015521	Grainyhead_LSF.HG1.0:GRHL1/GRHL2/GRHL3	GRHL1/GRHL2/GRHL3
Xesp_009809	Grainyhead_LSF.HG2.0:TFCP2/TFCP2L1/UBP1	TFCP2/TFCP2L1/UBP1
Xesp_023908	GTF2-like.HG1.2:GTF2IRD2/GTF2IRD2B	islike:GTF2I/GTF2IRD1/GTF2IRD2/GTF2IRD2B
Xesp_026783	GTF2-like.HG1.2:GTF2IRD2/GTF2IRD2B	islike:GTF2I/GTF2IRD1/GTF2IRD2/GTF2IRD2B
Xesp_024738	GTF2-like.HG1.2:GTF2IRD2/GTF2IRD2B	islike:GTF2I/GTF2IRD1/GTF2IRD2/GTF2IRD2B
Xesp_029139	GTF2-like.HG1.2:GTF2IRD2/GTF2IRD2B	islike:GTF2I/GTF2IRD1/GTF2IRD2/GTF2IRD2B
Xesp_024542	GTF2-like.HG1.2:GTF2IRD2/GTF2IRD2B	islike:GTF2I/GTF2IRD1/GTF2IRD2/GTF2IRD2B
Xesp_024523	GTF2-like.HG1.2:GTF2IRD2/GTF2IRD2B	islike:GTF2I/GTF2IRD1/GTF2IRD2/GTF2IRD2B
Xesp_025573	GTF2-like.HG1.2:GTF2IRD2/GTF2IRD2B	islike:GTF2I/GTF2IRD1/GTF2IRD2/GTF2IRD2B
Xesp_027487	GTF2-like.HG1.2:GTF2IRD2/GTF2IRD2B	islike:GTF2I/GTF2IRD1/GTF2IRD2/GTF2IRD2B
Xesp_025898	GTF2-like.HG1.2:GTF2IRD2/GTF2IRD2B	islike:GTF2I/GTF2IRD1/GTF2IRD2/GTF2IRD2B
Xesp_003442	HLH.HG2.0:like:HES1/HES2/HES3/HES4/HES5/HES6/HES7:likeclu:11	NA
Xesp_000303	HLH.HG2.0:like:HES1/HES2/HES3/HES4/HES5/HES6/HES7:likeclu:11	NA
Xesp_011617	HLH.HG2.5:like:HES1/HES2/HES3/HES4/HES5/HES6/HES7:likeclu:11	NA
Xesp_003441	HLH.HG2.5:like:HES1/HES2/HES3/HES4/HES5/HES6/HES7:likeclu:11	NA
Xesp_000304	HLH.HG2.6:like:HES1/HES2/HES3/HES4/HES5/HES6/HES7:likeclu:11	NA
Xesp_026659	HLH.HG2.8:like:HES1/HES2/HES3/HES4/HES5/HES6/HES7:likeclu:11	NA
Xesp_021663	HLH.HG2.8:like:HES1/HES2/HES3/HES4/HES5/HES6/HES7:likeclu:11	NA
Xesp_008431	HLH.HG2.13:BHLHE41/HEY1/HEY2/HEYL	islike:BHLHE40/BHLHE41
Xesp_005051	HLH.HG2.21:MGA	MLXIP/MLXIPL
Xesp_009253	HLH.HG2.25:MAX/MLX	MLX
Xesp_021834	HLH.HG2.27:MNT/MXD1/MXD3/MXD4/MXI1	MAX
Xesp_004482	HLH.HG2.27:MNT/MXD1/MXD3/MXD4/MXI1	MNT
Xesp_013881	HLH.HG2.27:MNT/MXD1/MXD3/MXD4/MXI1	islike:MXD1/MXD3/MXD4/MXI1
Xesp_005122	HLH.HG2.27:MNT/MXD1/MXD3/MXD4/MXI1	islike:MYC/MYCL/MYCN
Xesp_020627	HLH.HG2.30:MYC/MYCL/MYCN	MYC/MYCL/MYCN
Xesp_020272	HLH.HG2.30:MYC/MYCL/MYCN	MYC/MYCL/MYCN
Xesp_023816	HLH.HG2.30:MYC/MYCL/MYCN	MYC/MYCL/MYCN
Xesp_026019	HLH.HG2.30:MYC/MYCL/MYCN	MYC/MYCL/MYCN
Xesp_026022	HLH.HG2.37:like:MYC/MYCL/MYCN:likeclu:30	MYC/MYCL/MYCN
Xesp_015942	HLH.HG3.1:SREBF1/SREBF2/TFAP4	SREBF1/SREBF2
Xesp_014349	HLH.HG3.4:MITF/TFE3/TFEB/TFEC	MITF/TFE3/TFEB/TFEC
Xesp_014795	HLH.HG3.6:USF1/USF2/USF3	USF1/USF2
Xesp_008454	HLH.HG4.0:AC019117/AHR/AHRR/NCOA1/NPAS1/SIM1	AC019117/AHR/AHRR
Xesp_016059	HLH.HG4.1:ARNTL/ARNTL2/CLOCK/NPAS2	islike:CLOCK/NPAS2
Xesp_022807	HLH.HG4.1:ARNTL/ARNTL2/CLOCK/NPAS2	ARNTL/ARNTL2
Xesp_002329	HLH.HG4.1:ARNTL/ARNTL2/CLOCK/NPAS2	ARNT/ARNT2
Xesp_020946	HLH.HG5.0:TCF12/TCF3/TCF4	TCF12/TCF3/TCF4
Xesp_000933	HLH.HG6.0:EBF1/EBF2/EBF3/EBF4	EBF1/EBF2/EBF3/EBF4
Xesp_003472	HMGbox_Sox.HG1.4:BBX/HBP1	HBP1
Xesp_003476	HMGbox_Sox.HG1.4:BBX/HBP1	HBP1
Xesp_003479	HMGbox_Sox.HG1.4:BBX/HBP1	HBP1
Xesp_008140	HMGbox_Sox.HG1.7:like:BHMG1/HMGXB3/SOX1/SOX2/SOX3/SOX4/SOX5/SOX6/SOX7/SOX8/SOX9/SOX10/SOX11/SOX12/SOX13/SOX14/SOX15/SOX17/SOX18/SOX21/SOX30/SRY:likeclu:6/8/9/11/14/15/16/23/24/28	NA
Xesp_013188	HMGbox_Sox.HG1.8:SOX30	SOX30
Xesp_020583	HMGbox_Sox.HG1.9:SOX11/SOX12/SOX4	SOX11/SOX12/SOX4
Xesp_019269	HMGbox_Sox.HG1.10:like:SOX4/SOX7/SOX11/SOX12/SOX17/SOX18:likeclu:9/11	SOX17/SOX18/SOX7
Xesp_013176	HMGbox_Sox.HG1.12:like:SOX7/SOX8/SOX9/SOX10/SOX17/SOX18:likeclu:11/14/15/16	NA
Xesp_018635	HMGbox_Sox.HG1.13:like:SOX8/SOX9/SOX10:likeclu:14/15/16	NA
Xesp_018636	HMGbox_Sox.HG1.13:like:SOX8/SOX9/SOX10:likeclu:14/15/16	NA
Xesp_018638	HMGbox_Sox.HG1.13:like:SOX8/SOX9/SOX10:likeclu:14/15/16	NA
Xesp_018637	HMGbox_Sox.HG1.13:like:SOX8/SOX9/SOX10:likeclu:14/15/16	NA
Xesp_018639	HMGbox_Sox.HG1.13:like:SOX8/SOX9/SOX10:likeclu:14/15/16	NA
Xesp_018640	HMGbox_Sox.HG1.17:like:BHMG1/HMGXB3/SOX1/SOX2/SOX3/SOX4/SOX5/SOX6/SOX7/SOX8/SOX9/SOX10/SOX11/SOX12/SOX13/SOX14/SOX15/SOX17/SOX18/SOX21/SOX30/SRY:likeclu:6/8/9/11/14/15/16/23/24/28	SOX10/SOX9
Xesp_013714	HMGbox_Sox.HG1.18:like:BHMG1/SOX1/SOX2/SOX3/SOX4/SOX7/SOX8/SOX9/SOX10/SOX11/SOX12/SOX14/SOX15/SOX17/SOX18/SOX21/SOX30/SRY:likeclu:8/9/11/14/15/16/23/24/28	NA
Xesp_021642	HMGbox_Sox.HG1.18:like:BHMG1/SOX1/SOX2/SOX3/SOX4/SOX7/SOX8/SOX9/SOX10/SOX11/SOX12/SOX14/SOX15/SOX17/SOX18/SOX21/SOX30/SRY:likeclu:8/9/11/14/15/16/23/24/28	NA
Xesp_010384	HMGbox_Sox.HG1.20:like:BHMG1/SOX1/SOX2/SOX3/SOX14/SOX15/SOX21/SRY:likeclu:23/24/28	NA
Xesp_010953	HMGbox_Sox.HG1.21:like:BHMG1/SOX1/SOX2/SOX3/SOX14/SOX15/SOX21/SRY:likeclu:23/24/28	NA
Xesp_010536	HMGbox_Sox.HG1.22:like:BHMG1/SOX1/SOX2/SOX3/SOX14/SOX15/SOX21/SRY:likeclu:23/24/28	NA
Xesp_014147	HMGbox_Sox.HG1.23:SOX1/SOX15/SOX2/SRY	SOX1/SOX2/SOX3
Xesp_005308	HMGbox_Sox.HG1.26:like:BHMG1/SOX14/SOX21:likeclu:28	NA
Xesp_014150	HMGbox_Sox.HG1.27:like:BHMG1/SOX1/SOX2/SOX3/SOX14/SOX15/SOX21/SRY:likeclu:23/24/28	BHMG1
Xesp_002409	HMGbox_Sox.HG3.0:like:LEF1/TCF7/TCF7L1/TCF7L2:likeclu:1	NA
Xesp_022137	HMGbox_Sox.HG4.1:SMARCE1	SMARCE1
Xesp_014789	HMGbox_Sox.HG5.0:MAEL	MAEL
Xesp_009607	HNF1.HG1.2:HNF_HNF1A/HNF_HNF1B	HNF_HNF1A/HNF_HNF1B
Xesp_003131	Homeobox.HG1.4:LIM_ISL2/LIM_LHX6/LIM_LHX8	LIM_ISL1/LIM_ISL2
Xesp_007816	Homeobox.HG1.5:LIM_LHX2	LIM_LHX6/LIM_LHX8
Xesp_007462	Homeobox.HG1.5:LIM_LHX2	LIM_LHX2
Xesp_004478	Homeobox.HG1.9:like:LIM_LHX1:likeclu:10	LIM_LHX1
Xesp_007902	Homeobox.HG1.15:LIM_LMX1A/LIM_LMX1B	LIM_LMX1A/LIM_LMX1B
Xesp_013550	Homeobox.HG1.24:like:ANTP_EMX1/ANTP_EMX2/ANTP_NOTO/ANTP_VAX1/ANTP_VAX2/HNF_HMBOX1/PRD_TPRX1:likeclu:22/26/27	NA
Xesp_013549	Homeobox.HG1.24:like:ANTP_EMX1/ANTP_EMX2/ANTP_NOTO/ANTP_VAX1/ANTP_VAX2/HNF_HMBOX1/PRD_TPRX1:likeclu:22/26/27	NA
Xesp_013545	Homeobox.HG1.24:like:ANTP_EMX1/ANTP_EMX2/ANTP_NOTO/ANTP_VAX1/ANTP_VAX2/HNF_HMBOX1/PRD_TPRX1:likeclu:22/26/27	NA
Xesp_013548	Homeobox.HG1.24:like:ANTP_EMX1/ANTP_EMX2/ANTP_NOTO/ANTP_VAX1/ANTP_VAX2/HNF_HMBOX1/PRD_TPRX1:likeclu:22/26/27	NA
Xesp_013885	Homeobox.HG1.26:ANTP_EMX1/ANTP_EMX2	islike:ANTP_NOTO/ANTP_VAX1/ANTP_VAX2
Xesp_020407	Homeobox.HG1.27:ANTP_NOTO/ANTP_VAX1/ANTP_VAX2	islike:ANTP_VAX1/ANTP_VAX2
Xesp_013856	Homeobox.HG1.30:like:ANTP_NOTO/ANTP_VAX1/ANTP_VAX2:likeclu:27	NA
Xesp_014998	Homeobox.HG1.32:like:ANTP_EMX1/ANTP_EMX2/ANTP_NOTO/ANTP_VAX1/ANTP_VAX2/HNF_HMBOX1/LIM_ISL1/LIM_ISL2/LIM_LHX1/LIM_LHX2/LIM_LHX3/LIM_LHX4/LIM_LHX6/LIM_LHX8/LIM_LMX1A/LIM_LMX1B/Other_CPHX1/Other_CPHX2/POU_POU4F1/POU_POU4F2/POU_POU4F3/PRD_ALX1/PRD_ALX3/PRD_ALX4/PRD_ARGFX/PRD_ARX/PRD_CRX/PRD_DMBX1/PRD_DPRX/PRD_DRGX/PRD_ESX1/PRD_GSC/PRD_GSC2/PRD_HESX1/PRD_ISX/PRD_LEUTX/PRD_MIXL1/PRD_NOBOX/PRD_OTP/PRD_OTX1/PRD_OTX2/PRD_PAX3/PRD_PAX4/PRD_PAX6/PRD_PAX7/PRD_PHOX2A/PRD_PITX1/PRD_PITX2/PRD_PROP1/PRD_PRRX1/PRD_PRRX2/PRD_RAX/PRD_RAX2/PRD_RHOXF1/PRD_RHOXF2/PRD_RHOXF2B/PRD_SEBOX/PRD_SHOX/PRD_SHOX2/PRD_TPRX1/PRD_UNCX/PRD_VSX1/PRD_VSX2/ZF_ZFHX2/ZF_ZFHX3/ZF_ZFHX4/ZF_ZHX1/ZF_ZHX2/ZF_ZHX3:likeclu:0/3/4/5/7/10/14/15/19/22/26/27/37/39/40/42/44/45/53/55/58/61/63/67/68/72/73/74/75/76/79/80/83/84/88/101/103	NA
Xesp_008262	Homeobox.HG1.33:like:ANTP_EMX1/ANTP_EMX2/ANTP_NOTO/ANTP_VAX1/ANTP_VAX2/HNF_HMBOX1/LIM_ISL1/LIM_ISL2/LIM_LHX1/LIM_LHX2/LIM_LHX3/LIM_LHX4/LIM_LHX6/LIM_LHX8/LIM_LMX1A/LIM_LMX1B/Other_CPHX1/Other_CPHX2/POU_POU4F1/POU_POU4F2/POU_POU4F3/PRD_ALX1/PRD_ALX3/PRD_ALX4/PRD_ARGFX/PRD_ARX/PRD_CRX/PRD_DMBX1/PRD_DPRX/PRD_DRGX/PRD_ESX1/PRD_GSC/PRD_GSC2/PRD_HESX1/PRD_ISX/PRD_LEUTX/PRD_MIXL1/PRD_NOBOX/PRD_OTP/PRD_OTX1/PRD_OTX2/PRD_PAX3/PRD_PAX4/PRD_PAX6/PRD_PAX7/PRD_PHOX2A/PRD_PITX1/PRD_PITX2/PRD_PROP1/PRD_PRRX1/PRD_PRRX2/PRD_RAX/PRD_RAX2/PRD_RHOXF1/PRD_RHOXF2/PRD_RHOXF2B/PRD_SEBOX/PRD_SHOX/PRD_SHOX2/PRD_TPRX1/PRD_UNCX/PRD_VSX1/PRD_VSX2/ZF_ZFHX2/ZF_ZFHX3/ZF_ZFHX4/ZF_ZHX1/ZF_ZHX2/ZF_ZHX3:likeclu:0/3/4/5/7/10/14/15/19/22/26/27/37/39/40/42/44/45/53/55/58/61/63/67/68/72/73/74/75/76/79/80/83/84/88/101/103	NA
Xesp_011837	Homeobox.HG1.33:like:ANTP_EMX1/ANTP_EMX2/ANTP_NOTO/ANTP_VAX1/ANTP_VAX2/HNF_HMBOX1/LIM_ISL1/LIM_ISL2/LIM_LHX1/LIM_LHX2/LIM_LHX3/LIM_LHX4/LIM_LHX6/LIM_LHX8/LIM_LMX1A/LIM_LMX1B/Other_CPHX1/Other_CPHX2/POU_POU4F1/POU_POU4F2/POU_POU4F3/PRD_ALX1/PRD_ALX3/PRD_ALX4/PRD_ARGFX/PRD_ARX/PRD_CRX/PRD_DMBX1/PRD_DPRX/PRD_DRGX/PRD_ESX1/PRD_GSC/PRD_GSC2/PRD_HESX1/PRD_ISX/PRD_LEUTX/PRD_MIXL1/PRD_NOBOX/PRD_OTP/PRD_OTX1/PRD_OTX2/PRD_PAX3/PRD_PAX4/PRD_PAX6/PRD_PAX7/PRD_PHOX2A/PRD_PITX1/PRD_PITX2/PRD_PROP1/PRD_PRRX1/PRD_PRRX2/PRD_RAX/PRD_RAX2/PRD_RHOXF1/PRD_RHOXF2/PRD_RHOXF2B/PRD_SEBOX/PRD_SHOX/PRD_SHOX2/PRD_TPRX1/PRD_UNCX/PRD_VSX1/PRD_VSX2/ZF_ZFHX2/ZF_ZFHX3/ZF_ZFHX4/ZF_ZHX1/ZF_ZHX2/ZF_ZHX3:likeclu:0/3/4/5/7/10/14/15/19/22/26/27/37/39/40/42/44/45/53/55/58/61/63/67/68/72/73/74/75/76/79/80/83/84/88/101/103	NA
Xesp_002038	Homeobox.HG1.43:like:Other_CPHX1/Other_CPHX2/PRD_ALX1/PRD_ALX3/PRD_ALX4/PRD_ARGFX/PRD_ARX/PRD_CRX/PRD_DMBX1/PRD_DPRX/PRD_DRGX/PRD_ESX1/PRD_GSC/PRD_GSC2/PRD_HESX1/PRD_ISX/PRD_LEUTX/PRD_MIXL1/PRD_NOBOX/PRD_OTP/PRD_OTX1/PRD_OTX2/PRD_PAX3/PRD_PAX4/PRD_PAX6/PRD_PAX7/PRD_PHOX2A/PRD_PITX1/PRD_PITX2/PRD_PROP1/PRD_PRRX1/PRD_PRRX2/PRD_RAX/PRD_RAX2/PRD_RHOXF1/PRD_RHOXF2/PRD_RHOXF2B/PRD_SEBOX/PRD_SHOX/PRD_SHOX2/PRD_UNCX/PRD_VSX1/PRD_VSX2:likeclu:37/39/40/42/44/45/53/55/58/61/63/67/68/72/73/74/75/76/79/80/83/84/88/101/103	NA
Xesp_008077	Homeobox.HG1.56:like:PRD_ALX1/PRD_ALX3/PRD_ALX4/PRD_ARGFX/PRD_ARX/PRD_CRX/PRD_DMBX1/PRD_DPRX/PRD_DRGX/PRD_ESX1/PRD_GSC/PRD_GSC2/PRD_ISX/PRD_NOBOX/PRD_OTP/PRD_OTX1/PRD_OTX2/PRD_PAX6/PRD_PHOX2A/PRD_PITX1/PRD_PITX2/PRD_PROP1/PRD_PRRX1/PRD_PRRX2/PRD_RAX/PRD_RAX2/PRD_RHOXF1/PRD_RHOXF2/PRD_RHOXF2B/PRD_SEBOX/PRD_SHOX/PRD_SHOX2/PRD_UNCX/PRD_VSX1/PRD_VSX2:likeclu:55/58/61/63/67/68/72/73/74/75/76/79/80/83/84/88/101/103	NA
Xesp_021853	Homeobox.HG1.58:PRD_DMBX1/PRD_DRGX/PRD_GSC/PRD_GSC2	PRD_GSC/PRD_GSC2
Xesp_021849	Homeobox.HG1.58:PRD_DMBX1/PRD_DRGX/PRD_GSC/PRD_GSC2	PRD_GSC/PRD_GSC2
Xesp_015857	Homeobox.HG1.59:like:PRD_ARGFX/PRD_DMBX1/PRD_DPRX/PRD_DRGX/PRD_GSC/PRD_GSC2:likeclu:58/61	NA
Xesp_015859	Homeobox.HG1.59:like:PRD_ARGFX/PRD_DMBX1/PRD_DPRX/PRD_DRGX/PRD_GSC/PRD_GSC2:likeclu:58/61	NA
Xesp_021847	Homeobox.HG1.65:like:PRD_ISX/PRD_SHOX/PRD_SHOX2:likeclu:67	NA
Xesp_021848	Homeobox.HG1.65:like:PRD_ISX/PRD_SHOX/PRD_SHOX2:likeclu:67	NA
Xesp_002094	Homeobox.HG1.70:like:PRD_ESX1/PRD_NOBOX/PRD_OTP/PRD_PRRX1/PRD_PRRX2/PRD_RHOXF1:likeclu:68/72	PRD_OTP
Xesp_023672	Homeobox.HG1.77:like:PRD_ALX1/PRD_ALX3/PRD_ALX4/PRD_ARX/PRD_ESX1/PRD_NOBOX/PRD_OTP/PRD_PHOX2A/PRD_PITX1/PRD_PITX2/PRD_PROP1/PRD_PRRX1/PRD_PRRX2/PRD_RAX/PRD_RAX2/PRD_RHOXF1/PRD_RHOXF2/PRD_RHOXF2B/PRD_SEBOX/PRD_UNCX/PRD_VSX1/PRD_VSX2:likeclu:68/72/73/74/75/76/79/80/83/84/88/101/103	PRD_ALX1/PRD_ALX3/PRD_ALX4
Xesp_023462	Homeobox.HG1.77:like:PRD_ALX1/PRD_ALX3/PRD_ALX4/PRD_ARX/PRD_ESX1/PRD_NOBOX/PRD_OTP/PRD_PHOX2A/PRD_PITX1/PRD_PITX2/PRD_PROP1/PRD_PRRX1/PRD_PRRX2/PRD_RAX/PRD_RAX2/PRD_RHOXF1/PRD_RHOXF2/PRD_RHOXF2B/PRD_SEBOX/PRD_UNCX/PRD_VSX1/PRD_VSX2:likeclu:68/72/73/74/75/76/79/80/83/84/88/101/103	PRD_ALX1/PRD_ALX3/PRD_ALX4
Xesp_018411	Homeobox.HG1.77:like:PRD_ALX1/PRD_ALX3/PRD_ALX4/PRD_ARX/PRD_ESX1/PRD_NOBOX/PRD_OTP/PRD_PHOX2A/PRD_PITX1/PRD_PITX2/PRD_PROP1/PRD_PRRX1/PRD_PRRX2/PRD_RAX/PRD_RAX2/PRD_RHOXF1/PRD_RHOXF2/PRD_RHOXF2B/PRD_SEBOX/PRD_UNCX/PRD_VSX1/PRD_VSX2:likeclu:68/72/73/74/75/76/79/80/83/84/88/101/103	NA
Xesp_018559	Homeobox.HG1.78:like:PRD_PITX1/PRD_PITX2/PRD_UNCX:likeclu:79	NA
Xesp_015707	Homeobox.HG1.79:PRD_PITX1/PRD_PITX2/PRD_UNCX	PRD_PITX1/PRD_PITX2
Xesp_001887	Homeobox.HG1.79:PRD_PITX1/PRD_PITX2/PRD_UNCX	islike:PRD_ARX/PRD_PHOX2A/PRD_PROP1/PRD_RAX/PRD_RAX2/PRD_SEBOX/PRD_VSX1/PRD_VSX2
Xesp_011817	Homeobox.HG1.80:PRD_ARX	PRD_ARX
Xesp_014781	Homeobox.HG1.81:like:PRD_ARX/PRD_PHOX2A/PRD_PITX1/PRD_PITX2/PRD_PROP1/PRD_RAX/PRD_RAX2/PRD_SEBOX/PRD_UNCX/PRD_VSX1/PRD_VSX2:likeclu:79/80/83/84/88/101/103	NA
Xesp_012582	Homeobox.HG1.84:PRD_PROP1	islike:PRD_PROP1
Xesp_014791	Homeobox.HG1.86:like:PRD_ARX/PRD_PHOX2A/PRD_PITX1/PRD_PITX2/PRD_PROP1/PRD_RAX/PRD_RAX2/PRD_SEBOX/PRD_UNCX/PRD_VSX1/PRD_VSX2:likeclu:79/80/83/84/88/101/103	NA
Xesp_012277	Homeobox.HG1.88:PRD_RAX/PRD_RAX2/PRD_SEBOX	islike:PRD_VSX1/PRD_VSX2
Xesp_015821	Homeobox.HG1.88:PRD_RAX/PRD_RAX2/PRD_SEBOX	PRD_VSX1/PRD_VSX2
Xesp_012798	Homeobox.HG2.4:ANTP_LBX1/ANTP_LBX2	ANTP_LBX1/ANTP_LBX2
Xesp_013923	Homeobox.HG2.7:ANTP_HMX1/ANTP_HMX2/ANTP_HMX3/ANTP_TLX1	islike:ANTP_HMX1/ANTP_HMX2/ANTP_HMX3
Xesp_013920	Homeobox.HG2.7:ANTP_HMX1/ANTP_HMX2/ANTP_HMX3/ANTP_TLX1	ANTP_HMX1/ANTP_HMX3
Xesp_009873	Homeobox.HG2.7:ANTP_HMX1/ANTP_HMX2/ANTP_HMX3/ANTP_TLX1	islike:ANTP_NANOG/ANTP_NKX2-1/ANTP_NKX2-2/ANTP_NKX2-3/ANTP_NKX2-4/ANTP_NKX2-5/ANTP_NKX2-6/ANTP_NKX2-8/ANTP_NKX3-1/ANTP_NKX3-2
Xesp_007966	Homeobox.HG2.7:ANTP_HMX1/ANTP_HMX2/ANTP_HMX3/ANTP_TLX1	islike:ANTP_NANOG/ANTP_NKX2-1/ANTP_NKX2-2/ANTP_NKX2-3/ANTP_NKX2-4/ANTP_NKX2-5/ANTP_NKX2-6/ANTP_NKX2-8/ANTP_NKX3-1/ANTP_NKX3-2
Xesp_013038	Homeobox.HG2.11:ANTP_NKX3-2	ANTP_NKX3-2
Xesp_013044	Homeobox.HG2.12:like:ANTP_NANOG/ANTP_NKX2-1/ANTP_NKX2-2/ANTP_NKX2-3/ANTP_NKX2-4/ANTP_NKX2-5/ANTP_NKX2-6/ANTP_NKX2-8/ANTP_NKX3-1/ANTP_NKX3-2:likeclu:9/11/13/14	ANTP_NKX2-3/ANTP_NKX2-5/ANTP_NKX2-6
Xesp_022051	Homeobox.HG2.13:ANTP_NANOG/ANTP_NKX2-1/ANTP_NKX2-3/ANTP_NKX2-4/ANTP_NKX2-5/ANTP_NKX2-6	islike:ANTP_NKX2-2/ANTP_NKX2-8
Xesp_021545	Homeobox.HG2.13:ANTP_NANOG/ANTP_NKX2-1/ANTP_NKX2-3/ANTP_NKX2-4/ANTP_NKX2-5/ANTP_NKX2-6	islike:ANTP_NKX2-2/ANTP_NKX2-8
Xesp_021495	Homeobox.HG2.13:ANTP_NANOG/ANTP_NKX2-1/ANTP_NKX2-3/ANTP_NKX2-4/ANTP_NKX2-5/ANTP_NKX2-6	islike:ANTP_NKX2-2/ANTP_NKX2-8
Xesp_021558	Homeobox.HG2.14:ANTP_NKX2-2/ANTP_NKX2-8	ANTP_NKX2-2/ANTP_NKX2-8
Xesp_016908	Homeobox.HG2.14:ANTP_NKX2-2/ANTP_NKX2-8	ANTP_NKX2-2/ANTP_NKX2-8
Xesp_013039	Homeobox.HG2.17:like:ANTP_EN1/ANTP_EN2/ANTP_MSX1/ANTP_MSX2:likeclu:18	ANTP_MSX1/ANTP_MSX2
Xesp_022121	Homeobox.HG2.18:ANTP_EN1/ANTP_EN2/ANTP_MSX1/ANTP_MSX2	islike:ANTP_MSX1/ANTP_MSX2
Xesp_022106	Homeobox.HG2.18:ANTP_EN1/ANTP_EN2/ANTP_MSX1/ANTP_MSX2	islike:ANTP_MSX1/ANTP_MSX2
Xesp_022116	Homeobox.HG2.18:ANTP_EN1/ANTP_EN2/ANTP_MSX1/ANTP_MSX2	islike:ANTP_MSX1/ANTP_MSX2
Xesp_022099	Homeobox.HG2.18:ANTP_EN1/ANTP_EN2/ANTP_MSX1/ANTP_MSX2	islike:ANTP_MSX1/ANTP_MSX2
Xesp_017090	Homeobox.HG2.18:ANTP_EN1/ANTP_EN2/ANTP_MSX1/ANTP_MSX2	islike:ANTP_MSX1/ANTP_MSX2
Xesp_022100	Homeobox.HG2.18:ANTP_EN1/ANTP_EN2/ANTP_MSX1/ANTP_MSX2	islike:ANTP_MSX1/ANTP_MSX2
Xesp_010137	Homeobox.HG2.18:ANTP_EN1/ANTP_EN2/ANTP_MSX1/ANTP_MSX2	islike:ANTP_EN1/ANTP_EN2
Xesp_010136	Homeobox.HG2.18:ANTP_EN1/ANTP_EN2/ANTP_MSX1/ANTP_MSX2	islike:ANTP_EN1/ANTP_EN2
Xesp_007813	Homeobox.HG2.20:ANTP_BARHL1/ANTP_BARHL2/ANTP_NKX1-1/ANTP_NKX1-2	islike:ANTP_NKX1-1/ANTP_NKX1-2
Xesp_013922	Homeobox.HG2.21:like:ANTP_BARHL1/ANTP_BARHL2/ANTP_NKX1-1/ANTP_NKX1-2:likeclu:20	ANTP_NKX1-1/ANTP_NKX1-2
Xesp_007808	Homeobox.HG2.23:like:ANTP_BARHL1/ANTP_BARHL2/ANTP_BARX1/ANTP_BARX2/ANTP_BSX/ANTP_CDX1/ANTP_CDX2/ANTP_CDX4/ANTP_DBX1/ANTP_DBX2/ANTP_DLX1/ANTP_DLX2/ANTP_DLX3/ANTP_DLX4/ANTP_DLX5/ANTP_DLX6/ANTP_EN1/ANTP_EN2/ANTP_EVX1/ANTP_EVX2/ANTP_GBX1/ANTP_GBX2/ANTP_GSX1/ANTP_GSX2/ANTP_HHEX/ANTP_HLX/ANTP_HOXA1/ANTP_HOXA2/ANTP_HOXA3/ANTP_HOXA4/ANTP_HOXA5/ANTP_HOXA6/ANTP_HOXA7/ANTP_HOXA9/ANTP_HOXA10/ANTP_HOXA11/ANTP_HOXA13/ANTP_HOXB1/ANTP_HOXB2/ANTP_HOXB3/ANTP_HOXB4/ANTP_HOXB5/ANTP_HOXB6/ANTP_HOXB7/ANTP_HOXB8/ANTP_HOXB9/ANTP_HOXB13/ANTP_HOXC4/ANTP_HOXC5/ANTP_HOXC6/ANTP_HOXC8/ANTP_HOXC9/ANTP_HOXC10/ANTP_HOXC12/ANTP_HOXC13/ANTP_HOXD1/ANTP_HOXD3/ANTP_HOXD4/ANTP_HOXD8/ANTP_HOXD9/ANTP_HOXD10/ANTP_HOXD11/ANTP_HOXD12/ANTP_HOXD13/ANTP_MEOX1/ANTP_MEOX2/ANTP_MNX1/ANTP_MSX1/ANTP_MSX2/ANTP_NKX1-1/ANTP_NKX1-2/ANTP_NKX6-1/ANTP_NKX6-2/ANTP_NKX6-3/ANTP_PDX1/ANTP_VENTX:likeclu:18/20/27/32/34/42/43/44/48/49/54/56/59/60/61/64/65/68/70/76/78/84/88/89/94/97/100/101/104/106/108/110	NA
Xesp_007810	Homeobox.HG2.23:like:ANTP_BARHL1/ANTP_BARHL2/ANTP_BARX1/ANTP_BARX2/ANTP_BSX/ANTP_CDX1/ANTP_CDX2/ANTP_CDX4/ANTP_DBX1/ANTP_DBX2/ANTP_DLX1/ANTP_DLX2/ANTP_DLX3/ANTP_DLX4/ANTP_DLX5/ANTP_DLX6/ANTP_EN1/ANTP_EN2/ANTP_EVX1/ANTP_EVX2/ANTP_GBX1/ANTP_GBX2/ANTP_GSX1/ANTP_GSX2/ANTP_HHEX/ANTP_HLX/ANTP_HOXA1/ANTP_HOXA2/ANTP_HOXA3/ANTP_HOXA4/ANTP_HOXA5/ANTP_HOXA6/ANTP_HOXA7/ANTP_HOXA9/ANTP_HOXA10/ANTP_HOXA11/ANTP_HOXA13/ANTP_HOXB1/ANTP_HOXB2/ANTP_HOXB3/ANTP_HOXB4/ANTP_HOXB5/ANTP_HOXB6/ANTP_HOXB7/ANTP_HOXB8/ANTP_HOXB9/ANTP_HOXB13/ANTP_HOXC4/ANTP_HOXC5/ANTP_HOXC6/ANTP_HOXC8/ANTP_HOXC9/ANTP_HOXC10/ANTP_HOXC12/ANTP_HOXC13/ANTP_HOXD1/ANTP_HOXD3/ANTP_HOXD4/ANTP_HOXD8/ANTP_HOXD9/ANTP_HOXD10/ANTP_HOXD11/ANTP_HOXD12/ANTP_HOXD13/ANTP_MEOX1/ANTP_MEOX2/ANTP_MNX1/ANTP_MSX1/ANTP_MSX2/ANTP_NKX1-1/ANTP_NKX1-2/ANTP_NKX6-1/ANTP_NKX6-2/ANTP_NKX6-3/ANTP_PDX1/ANTP_VENTX:likeclu:18/20/27/32/34/42/43/44/48/49/54/56/59/60/61/64/65/68/70/76/78/84/88/89/94/97/100/101/104/106/108/110	NA
Xesp_007809	Homeobox.HG2.23:like:ANTP_BARHL1/ANTP_BARHL2/ANTP_BARX1/ANTP_BARX2/ANTP_BSX/ANTP_CDX1/ANTP_CDX2/ANTP_CDX4/ANTP_DBX1/ANTP_DBX2/ANTP_DLX1/ANTP_DLX2/ANTP_DLX3/ANTP_DLX4/ANTP_DLX5/ANTP_DLX6/ANTP_EN1/ANTP_EN2/ANTP_EVX1/ANTP_EVX2/ANTP_GBX1/ANTP_GBX2/ANTP_GSX1/ANTP_GSX2/ANTP_HHEX/ANTP_HLX/ANTP_HOXA1/ANTP_HOXA2/ANTP_HOXA3/ANTP_HOXA4/ANTP_HOXA5/ANTP_HOXA6/ANTP_HOXA7/ANTP_HOXA9/ANTP_HOXA10/ANTP_HOXA11/ANTP_HOXA13/ANTP_HOXB1/ANTP_HOXB2/ANTP_HOXB3/ANTP_HOXB4/ANTP_HOXB5/ANTP_HOXB6/ANTP_HOXB7/ANTP_HOXB8/ANTP_HOXB9/ANTP_HOXB13/ANTP_HOXC4/ANTP_HOXC5/ANTP_HOXC6/ANTP_HOXC8/ANTP_HOXC9/ANTP_HOXC10/ANTP_HOXC12/ANTP_HOXC13/ANTP_HOXD1/ANTP_HOXD3/ANTP_HOXD4/ANTP_HOXD8/ANTP_HOXD9/ANTP_HOXD10/ANTP_HOXD11/ANTP_HOXD12/ANTP_HOXD13/ANTP_MEOX1/ANTP_MEOX2/ANTP_MNX1/ANTP_MSX1/ANTP_MSX2/ANTP_NKX1-1/ANTP_NKX1-2/ANTP_NKX6-1/ANTP_NKX6-2/ANTP_NKX6-3/ANTP_PDX1/ANTP_VENTX:likeclu:18/20/27/32/34/42/43/44/48/49/54/56/59/60/61/64/65/68/70/76/78/84/88/89/94/97/100/101/104/106/108/110	NA
Xesp_007977	Homeobox.HG2.23:like:ANTP_BARHL1/ANTP_BARHL2/ANTP_BARX1/ANTP_BARX2/ANTP_BSX/ANTP_CDX1/ANTP_CDX2/ANTP_CDX4/ANTP_DBX1/ANTP_DBX2/ANTP_DLX1/ANTP_DLX2/ANTP_DLX3/ANTP_DLX4/ANTP_DLX5/ANTP_DLX6/ANTP_EN1/ANTP_EN2/ANTP_EVX1/ANTP_EVX2/ANTP_GBX1/ANTP_GBX2/ANTP_GSX1/ANTP_GSX2/ANTP_HHEX/ANTP_HLX/ANTP_HOXA1/ANTP_HOXA2/ANTP_HOXA3/ANTP_HOXA4/ANTP_HOXA5/ANTP_HOXA6/ANTP_HOXA7/ANTP_HOXA9/ANTP_HOXA10/ANTP_HOXA11/ANTP_HOXA13/ANTP_HOXB1/ANTP_HOXB2/ANTP_HOXB3/ANTP_HOXB4/ANTP_HOXB5/ANTP_HOXB6/ANTP_HOXB7/ANTP_HOXB8/ANTP_HOXB9/ANTP_HOXB13/ANTP_HOXC4/ANTP_HOXC5/ANTP_HOXC6/ANTP_HOXC8/ANTP_HOXC9/ANTP_HOXC10/ANTP_HOXC12/ANTP_HOXC13/ANTP_HOXD1/ANTP_HOXD3/ANTP_HOXD4/ANTP_HOXD8/ANTP_HOXD9/ANTP_HOXD10/ANTP_HOXD11/ANTP_HOXD12/ANTP_HOXD13/ANTP_MEOX1/ANTP_MEOX2/ANTP_MNX1/ANTP_MSX1/ANTP_MSX2/ANTP_NKX1-1/ANTP_NKX1-2/ANTP_NKX6-1/ANTP_NKX6-2/ANTP_NKX6-3/ANTP_PDX1/ANTP_VENTX:likeclu:18/20/27/32/34/42/43/44/48/49/54/56/59/60/61/64/65/68/70/76/78/84/88/89/94/97/100/101/104/106/108/110	NA
Xesp_007812	Homeobox.HG2.23:like:ANTP_BARHL1/ANTP_BARHL2/ANTP_BARX1/ANTP_BARX2/ANTP_BSX/ANTP_CDX1/ANTP_CDX2/ANTP_CDX4/ANTP_DBX1/ANTP_DBX2/ANTP_DLX1/ANTP_DLX2/ANTP_DLX3/ANTP_DLX4/ANTP_DLX5/ANTP_DLX6/ANTP_EN1/ANTP_EN2/ANTP_EVX1/ANTP_EVX2/ANTP_GBX1/ANTP_GBX2/ANTP_GSX1/ANTP_GSX2/ANTP_HHEX/ANTP_HLX/ANTP_HOXA1/ANTP_HOXA2/ANTP_HOXA3/ANTP_HOXA4/ANTP_HOXA5/ANTP_HOXA6/ANTP_HOXA7/ANTP_HOXA9/ANTP_HOXA10/ANTP_HOXA11/ANTP_HOXA13/ANTP_HOXB1/ANTP_HOXB2/ANTP_HOXB3/ANTP_HOXB4/ANTP_HOXB5/ANTP_HOXB6/ANTP_HOXB7/ANTP_HOXB8/ANTP_HOXB9/ANTP_HOXB13/ANTP_HOXC4/ANTP_HOXC5/ANTP_HOXC6/ANTP_HOXC8/ANTP_HOXC9/ANTP_HOXC10/ANTP_HOXC12/ANTP_HOXC13/ANTP_HOXD1/ANTP_HOXD3/ANTP_HOXD4/ANTP_HOXD8/ANTP_HOXD9/ANTP_HOXD10/ANTP_HOXD11/ANTP_HOXD12/ANTP_HOXD13/ANTP_MEOX1/ANTP_MEOX2/ANTP_MNX1/ANTP_MSX1/ANTP_MSX2/ANTP_NKX1-1/ANTP_NKX1-2/ANTP_NKX6-1/ANTP_NKX6-2/ANTP_NKX6-3/ANTP_PDX1/ANTP_VENTX:likeclu:18/20/27/32/34/42/43/44/48/49/54/56/59/60/61/64/65/68/70/76/78/84/88/89/94/97/100/101/104/106/108/110	NA
Xesp_014792	Homeobox.HG2.27:ANTP_VENTX	ANTP_VENTX
Xesp_014794	Homeobox.HG2.27:ANTP_VENTX	ANTP_VENTX
Xesp_015541	Homeobox.HG2.33:like:ANTP_BARHL1/ANTP_BARHL2/ANTP_BARX1/ANTP_BARX2/ANTP_BSX/ANTP_CDX1/ANTP_CDX2/ANTP_CDX4/ANTP_DBX1/ANTP_DBX2/ANTP_DLX1/ANTP_DLX2/ANTP_DLX3/ANTP_DLX4/ANTP_DLX5/ANTP_DLX6/ANTP_EN1/ANTP_EN2/ANTP_EVX1/ANTP_EVX2/ANTP_GBX1/ANTP_GBX2/ANTP_GSX1/ANTP_GSX2/ANTP_HHEX/ANTP_HLX/ANTP_HOXA1/ANTP_HOXA2/ANTP_HOXA3/ANTP_HOXA4/ANTP_HOXA5/ANTP_HOXA6/ANTP_HOXA7/ANTP_HOXA9/ANTP_HOXA10/ANTP_HOXA11/ANTP_HOXA13/ANTP_HOXB1/ANTP_HOXB2/ANTP_HOXB3/ANTP_HOXB4/ANTP_HOXB5/ANTP_HOXB6/ANTP_HOXB7/ANTP_HOXB8/ANTP_HOXB9/ANTP_HOXB13/ANTP_HOXC4/ANTP_HOXC5/ANTP_HOXC6/ANTP_HOXC8/ANTP_HOXC9/ANTP_HOXC10/ANTP_HOXC12/ANTP_HOXC13/ANTP_HOXD1/ANTP_HOXD3/ANTP_HOXD4/ANTP_HOXD8/ANTP_HOXD9/ANTP_HOXD10/ANTP_HOXD11/ANTP_HOXD12/ANTP_HOXD13/ANTP_MEOX1/ANTP_MEOX2/ANTP_MNX1/ANTP_MSX1/ANTP_MSX2/ANTP_NKX1-1/ANTP_NKX1-2/ANTP_NKX6-1/ANTP_NKX6-2/ANTP_NKX6-3/ANTP_PDX1/ANTP_VENTX:likeclu:18/20/27/32/34/42/43/44/48/49/54/56/59/60/61/64/65/68/70/76/78/84/88/89/94/97/100/101/104/106/108/110	ANTP_BARX1/ANTP_BARX2
Xesp_004967	Homeobox.HG2.38:like:ANTP_BARX1/ANTP_BARX2:likeclu:34	NA
Xesp_010138	Homeobox.HG2.41:like:ANTP_BARHL1/ANTP_BARHL2/ANTP_BARX1/ANTP_BARX2/ANTP_BSX/ANTP_CDX1/ANTP_CDX2/ANTP_CDX4/ANTP_DBX1/ANTP_DBX2/ANTP_DLX1/ANTP_DLX2/ANTP_DLX3/ANTP_DLX4/ANTP_DLX5/ANTP_DLX6/ANTP_EN1/ANTP_EN2/ANTP_EVX1/ANTP_EVX2/ANTP_GBX1/ANTP_GBX2/ANTP_GSX1/ANTP_GSX2/ANTP_HHEX/ANTP_HLX/ANTP_HOXA1/ANTP_HOXA2/ANTP_HOXA3/ANTP_HOXA4/ANTP_HOXA5/ANTP_HOXA6/ANTP_HOXA7/ANTP_HOXA9/ANTP_HOXA10/ANTP_HOXA11/ANTP_HOXA13/ANTP_HOXB1/ANTP_HOXB2/ANTP_HOXB3/ANTP_HOXB4/ANTP_HOXB5/ANTP_HOXB6/ANTP_HOXB7/ANTP_HOXB8/ANTP_HOXB9/ANTP_HOXB13/ANTP_HOXC4/ANTP_HOXC5/ANTP_HOXC6/ANTP_HOXC8/ANTP_HOXC9/ANTP_HOXC10/ANTP_HOXC12/ANTP_HOXC13/ANTP_HOXD1/ANTP_HOXD3/ANTP_HOXD4/ANTP_HOXD8/ANTP_HOXD9/ANTP_HOXD10/ANTP_HOXD11/ANTP_HOXD12/ANTP_HOXD13/ANTP_MEOX1/ANTP_MEOX2/ANTP_MNX1/ANTP_MSX1/ANTP_MSX2/ANTP_NKX1-1/ANTP_NKX1-2/ANTP_NKX6-1/ANTP_NKX6-2/ANTP_NKX6-3/ANTP_PDX1/ANTP_VENTX:likeclu:18/20/27/32/34/42/43/44/48/49/54/56/59/60/61/64/65/68/70/76/78/84/88/89/94/97/100/101/104/106/108/110	ANTP_DLX1/ANTP_DLX2/ANTP_DLX3/ANTP_DLX4/ANTP_DLX5/ANTP_DLX6
Xesp_013949	Homeobox.HG2.45:like:ANTP_BARHL1/ANTP_BARHL2/ANTP_BARX1/ANTP_BARX2/ANTP_BSX/ANTP_CDX1/ANTP_CDX2/ANTP_CDX4/ANTP_DBX1/ANTP_DBX2/ANTP_DLX1/ANTP_DLX2/ANTP_DLX3/ANTP_DLX4/ANTP_DLX5/ANTP_DLX6/ANTP_EN1/ANTP_EN2/ANTP_EVX1/ANTP_EVX2/ANTP_GBX1/ANTP_GBX2/ANTP_GSX1/ANTP_GSX2/ANTP_HHEX/ANTP_HLX/ANTP_HOXA1/ANTP_HOXA2/ANTP_HOXA3/ANTP_HOXA4/ANTP_HOXA5/ANTP_HOXA6/ANTP_HOXA7/ANTP_HOXA9/ANTP_HOXA10/ANTP_HOXA11/ANTP_HOXA13/ANTP_HOXB1/ANTP_HOXB2/ANTP_HOXB3/ANTP_HOXB4/ANTP_HOXB5/ANTP_HOXB6/ANTP_HOXB7/ANTP_HOXB8/ANTP_HOXB9/ANTP_HOXB13/ANTP_HOXC4/ANTP_HOXC5/ANTP_HOXC6/ANTP_HOXC8/ANTP_HOXC9/ANTP_HOXC10/ANTP_HOXC12/ANTP_HOXC13/ANTP_HOXD1/ANTP_HOXD3/ANTP_HOXD4/ANTP_HOXD8/ANTP_HOXD9/ANTP_HOXD10/ANTP_HOXD11/ANTP_HOXD12/ANTP_HOXD13/ANTP_MEOX1/ANTP_MEOX2/ANTP_MNX1/ANTP_MSX1/ANTP_MSX2/ANTP_NKX1-1/ANTP_NKX1-2/ANTP_NKX6-1/ANTP_NKX6-2/ANTP_NKX6-3/ANTP_PDX1/ANTP_VENTX:likeclu:18/20/27/32/34/42/43/44/48/49/54/56/59/60/61/64/65/68/70/76/78/84/88/89/94/97/100/101/104/106/108/110	ANTP_NKX6-1/ANTP_NKX6-2/ANTP_NKX6-3
Xesp_013947	Homeobox.HG2.54:ANTP_DBX1/ANTP_DBX2/ANTP_HHEX	ANTP_HHEX
Xesp_009987	Homeobox.HG2.57:like:ANTP_HLX:likeclu:56	ANTP_HLX
Xesp_010186	Homeobox.HG2.60:ANTP_MNX1	ANTP_MEOX1/ANTP_MEOX2
Xesp_001248	Homeobox.HG2.62:like:ANTP_EVX1/ANTP_EVX2/ANTP_GBX1/ANTP_GBX2/ANTP_MNX1:likeclu:60/61/64	ANTP_GBX1/ANTP_GBX2
Xesp_009291	Homeobox.HG2.62:like:ANTP_EVX1/ANTP_EVX2/ANTP_GBX1/ANTP_GBX2/ANTP_MNX1:likeclu:60/61/64	NA
Xesp_015649	Homeobox.HG2.65:ANTP_GSX1/ANTP_GSX2	ANTP_GSX1/ANTP_GSX2
Xesp_009187	Homeobox.HG2.66:like:ANTP_CDX1/ANTP_CDX2/ANTP_CDX4/ANTP_EVX1/ANTP_EVX2/ANTP_GBX1/ANTP_GBX2/ANTP_GSX1/ANTP_GSX2/ANTP_HOXA1/ANTP_HOXA2/ANTP_HOXA3/ANTP_HOXA4/ANTP_HOXA5/ANTP_HOXA6/ANTP_HOXA7/ANTP_HOXA9/ANTP_HOXA10/ANTP_HOXA11/ANTP_HOXA13/ANTP_HOXB1/ANTP_HOXB2/ANTP_HOXB3/ANTP_HOXB4/ANTP_HOXB5/ANTP_HOXB6/ANTP_HOXB7/ANTP_HOXB8/ANTP_HOXB9/ANTP_HOXB13/ANTP_HOXC4/ANTP_HOXC5/ANTP_HOXC6/ANTP_HOXC8/ANTP_HOXC9/ANTP_HOXC10/ANTP_HOXC12/ANTP_HOXC13/ANTP_HOXD1/ANTP_HOXD3/ANTP_HOXD4/ANTP_HOXD8/ANTP_HOXD9/ANTP_HOXD10/ANTP_HOXD11/ANTP_HOXD12/ANTP_HOXD13/ANTP_MEOX1/ANTP_MEOX2/ANTP_MNX1/ANTP_PDX1:likeclu:59/60/61/64/65/68/70/76/78/84/88/89/94/97/100/101/104/106/108/110	NA
Xesp_009184	Homeobox.HG2.70:ANTP_HOXA3/ANTP_HOXB3/ANTP_HOXD3	ANTP_HOXA3/ANTP_HOXB3/ANTP_HOXD3
Xesp_009183	Homeobox.HG2.71:like:ANTP_HOXA3/ANTP_HOXB3/ANTP_HOXD3:likeclu:70	ANTP_HOXA3/ANTP_HOXB3/ANTP_HOXD3
Xesp_009185	Homeobox.HG2.80:like:ANTP_CDX1/ANTP_CDX2/ANTP_CDX4/ANTP_HOXA9/ANTP_HOXA10/ANTP_HOXA11/ANTP_HOXA13/ANTP_HOXB9/ANTP_HOXB13/ANTP_HOXC9/ANTP_HOXC10/ANTP_HOXC12/ANTP_HOXC13/ANTP_HOXD9/ANTP_HOXD10/ANTP_HOXD11/ANTP_HOXD12/ANTP_HOXD13:likeclu:84/88/89/94/97/100/101/104/106/108/110	NA
Xesp_009182	Homeobox.HG2.80:like:ANTP_CDX1/ANTP_CDX2/ANTP_CDX4/ANTP_HOXA9/ANTP_HOXA10/ANTP_HOXA11/ANTP_HOXA13/ANTP_HOXB9/ANTP_HOXB13/ANTP_HOXC9/ANTP_HOXC10/ANTP_HOXC12/ANTP_HOXC13/ANTP_HOXD9/ANTP_HOXD10/ANTP_HOXD11/ANTP_HOXD12/ANTP_HOXD13:likeclu:84/88/89/94/97/100/101/104/106/108/110	NA
Xesp_013872	Homeobox.HG2.82:like:ANTP_CDX1/ANTP_CDX2/ANTP_CDX4/ANTP_HOXA9/ANTP_HOXA10/ANTP_HOXA11/ANTP_HOXA13/ANTP_HOXB9/ANTP_HOXB13/ANTP_HOXC9/ANTP_HOXC10/ANTP_HOXC12/ANTP_HOXC13/ANTP_HOXD9/ANTP_HOXD10/ANTP_HOXD11/ANTP_HOXD12/ANTP_HOXD13:likeclu:84/88/89/94/97/100/101/104/106/108/110	NA
Xesp_008206	Homeobox.HG3.0:TALE_TGIF1/TALE_TGIF2/TALE_TGIF2LX/TALE_TGIF2LY	TALE_TGIF1/TALE_TGIF2/TALE_TGIF2LX/TALE_TGIF2LY
Xesp_014119	Homeobox.HG3.1:TALE_MEIS1/TALE_MEIS3/TALE_PKNOX1/TALE_PKNOX2	TALE_PKNOX1/TALE_PKNOX2
Xesp_011953	Homeobox.HG3.1:TALE_MEIS1/TALE_MEIS3/TALE_PKNOX1/TALE_PKNOX2	TALE_MEIS1/TALE_MEIS3
Xesp_007094	Homeobox.HG3.12:like:TALE_IRX1/TALE_IRX2/TALE_IRX3/TALE_IRX4/TALE_IRX6/TALE_MKX:likeclu:7	NA
Xesp_011490	Homeobox.HG6.0:CUT_SATB1/CUT_SATB2	CUT_SATB1/CUT_SATB2
Xesp_007990	Homeobox.HG7.1:TALE_PBX1/TALE_PBX2/TALE_PBX3/TALE_PBX4	TALE_PBX1/TALE_PBX2/TALE_PBX3/TALE_PBX4
Xesp_005207	HSF.HG1.2:like:HSF5:likeclu:1	NA
Xesp_000820	HSF.HG1.3:like:HSFX1/HSFX2/HSFX3/HSFX4/HSFY1/HSFY2:likeclu:4	NA
Xesp_005493	HSF.HG1.6:HSF1/HSF2/HSF4	HSF1/HSF2/HSF4
Xesp_025608	HSF.HG1.6:HSF1/HSF2/HSF4	HSF1/HSF2/HSF4
Xesp_021673	IRF.HG1.0:like:IRF1/IRF2/IRF3/IRF4/IRF5/IRF6/IRF7/IRF8/IRF9:likeclu:1/4	NA
Xesp_021674	IRF.HG1.0:like:IRF1/IRF2/IRF3/IRF4/IRF5/IRF6/IRF7/IRF8/IRF9:likeclu:1/4	NA
Xesp_016163	IRF.HG1.1:IRF1/IRF2	islike:IRF1/IRF2
Xesp_016162	IRF.HG1.1:IRF1/IRF2	islike:IRF1/IRF2
Xesp_002758	IRF.HG1.1:IRF1/IRF2	IRF1/IRF2
Xesp_005744	IRF.HG1.4:IRF3/IRF4/IRF5/IRF6/IRF7/IRF8/IRF9	IRF3/IRF4/IRF5/IRF6/IRF7/IRF8/IRF9
Xesp_021798	LAG1_CSL.HG1.0:RBPJ/RBPJL	RBPJ/RBPJL
Xesp_012125	MADS-box_SRF.HG1.3:SRF	SRF
Xesp_001768	MADS-box_SRF.HG2.0:BORCS8/MEF2A/MEF2B/MEF2C/MEF2D	BORCS8/MEF2A/MEF2B/MEF2C/MEF2D
Xesp_024785	MBD.HG1.1:SETDB1/SETDB2	SETDB1/SETDB2
Xesp_002162	MBD.HG1.2:MBD2/MBD3	MBD2/MBD3
Xesp_002163	MBD.HG1.2:MBD2/MBD3	MBD2/MBD3
Xesp_016134	mTERF.HG1.1:like:MTERF1/MTERF2/MTERF3/MTERF4:likeclu:4/5/6	NA
Xesp_017194	mTERF.HG1.3:like:MTERF1/MTERF2/MTERF3/MTERF4:likeclu:4/5/6	NA
Xesp_025274	mTERF.HG1.3:like:MTERF1/MTERF2/MTERF3/MTERF4:likeclu:4/5/6	NA
Xesp_011272	Myb.HG10.0:CDC5L	CDC5L
Xesp_028458	Myb.HG11.0:TERF2IP	TERF2IP
Xesp_028085	Myb.HG11.0:TERF2IP	TERF2IP
Xesp_028122	Myb.HG11.0:TERF2IP	TERF2IP
Xesp_028387	Myb.HG11.0:TERF2IP	TERF2IP
Xesp_028417	Myb.HG11.0:TERF2IP	TERF2IP
Xesp_001089	Myb.HG12.0:DMAP1	DMAP1
Xesp_022388	Myb.HG13.0:BDP1	BDP1
Xesp_023668	Myb.HG15.0:NA	NA
Xesp_006263	Myb.HG1.2:NA	NA
Xesp_021155	Myb.HG1.2:NA	NA
Xesp_015121	Myb.HG1.4:NA	NA
Xesp_022110	Myb.HG1.4:NA	NA
Xesp_025285	Myb.HG1.4:NA	NA
Xesp_026499	Myb.HG1.4:NA	NA
Xesp_024465	Myb.HG1.4:NA	NA
Xesp_008904	Myb.HG1.4:NA	NA
Xesp_001907	Myb.HG1.4:NA	NA
Xesp_015186	Myb.HG1.4:NA	NA
Xesp_006966	Myb.HG1.4:NA	NA
Xesp_028136	Myb.HG1.4:NA	NA
Xesp_025985	Myb.HG1.4:NA	NA
Xesp_006895	Myb.HG1.4:NA	NA
Xesp_018158	Myb.HG1.4:NA	NA
Xesp_019549	Myb.HG1.4:NA	NA
Xesp_015180	Myb.HG1.4:NA	NA
Xesp_021211	Myb.HG1.4:NA	NA
Xesp_026232	Myb.HG1.4:NA	NA
Xesp_026374	Myb.HG1.4:NA	NA
Xesp_027861	Myb.HG1.4:NA	NA
Xesp_007356	Myb.HG1.4:NA	NA
Xesp_005901	Myb.HG1.4:NA	NA
Xesp_005918	Myb.HG1.4:NA	NA
Xesp_023353	Myb.HG1.4:NA	NA
Xesp_026090	Myb.HG1.4:NA	NA
Xesp_028897	Myb.HG1.4:NA	NA
Xesp_015189	Myb.HG1.4:NA	NA
Xesp_011011	Myb.HG1.4:NA	NA
Xesp_027063	Myb.HG1.4:NA	NA
Xesp_020435	Myb.HG1.4:NA	NA
Xesp_025852	Myb.HG1.4:NA	NA
Xesp_026488	Myb.HG1.4:NA	NA
Xesp_025509	Myb.HG1.4:NA	NA
Xesp_003978	Myb.HG1.4:NA	NA
Xesp_028264	Myb.HG1.4:NA	NA
Xesp_004145	Myb.HG1.4:NA	NA
Xesp_024074	Myb.HG1.4:NA	NA
Xesp_006733	Myb.HG1.4:NA	NA
Xesp_025867	Myb.HG1.4:NA	NA
Xesp_028293	Myb.HG1.4:NA	NA
Xesp_024430	Myb.HG1.4:NA	NA
Xesp_027408	Myb.HG1.4:NA	NA
Xesp_028271	Myb.HG1.4:NA	NA
Xesp_025922	Myb.HG1.4:NA	NA
Xesp_027556	Myb.HG1.4:NA	NA
Xesp_011208	Myb.HG1.4:NA	NA
Xesp_012773	Myb.HG1.4:NA	NA
Xesp_023371	Myb.HG1.4:NA	NA
Xesp_025198	Myb.HG1.4:NA	NA
Xesp_006792	Myb.HG1.4:NA	NA
Xesp_006124	Myb.HG1.4:NA	NA
Xesp_006583	Myb.HG1.4:NA	NA
Xesp_025863	Myb.HG1.4:NA	NA
Xesp_011199	Myb.HG1.4:NA	NA
Xesp_026530	Myb.HG1.4:NA	NA
Xesp_000162	Myb.HG1.4:NA	NA
Xesp_008752	Myb.HG1.4:NA	NA
Xesp_026611	Myb.HG1.4:NA	NA
Xesp_022578	Myb.HG1.4:NA	NA
Xesp_024143	Myb.HG1.4:NA	NA
Xesp_026233	Myb.HG1.4:NA	NA
Xesp_001903	Myb.HG1.4:NA	NA
Xesp_026542	Myb.HG1.4:NA	NA
Xesp_006368	Myb.HG1.4:NA	NA
Xesp_006789	Myb.HG1.4:NA	NA
Xesp_006790	Myb.HG1.4:NA	NA
Xesp_005841	Myb.HG1.4:NA	NA
Xesp_005943	Myb.HG1.4:NA	NA
Xesp_025944	Myb.HG1.4:NA	NA
Xesp_025043	Myb.HG1.4:NA	NA
Xesp_018037	Myb.HG1.4:NA	NA
Xesp_003216	Myb.HG1.4:NA	NA
Xesp_022429	Myb.HG1.4:NA	NA
Xesp_006706	Myb.HG1.4:NA	NA
Xesp_025869	Myb.HG1.4:NA	NA
Xesp_018934	Myb.HG1.4:NA	NA
Xesp_028246	Myb.HG1.4:NA	NA
Xesp_025870	Myb.HG1.4:NA	NA
Xesp_018205	Myb.HG1.4:NA	NA
Xesp_008847	Myb.HG1.5:NA	NA
Xesp_008850	Myb.HG1.5:NA	NA
Xesp_006552	Myb.HG1.5:NA	NA
Xesp_019544	Myb.HG1.5:NA	NA
Xesp_023545	Myb.HG1.5:NA	NA
Xesp_010691	Myb.HG1.5:NA	NA
Xesp_013410	Myb.HG1.5:NA	NA
Xesp_026355	Myb.HG1.5:NA	NA
Xesp_024173	Myb.HG1.5:NA	NA
Xesp_024545	Myb.HG1.5:NA	NA
Xesp_001821	Myb.HG1.5:NA	NA
Xesp_015334	Myb.HG1.6:NA	NA
Xesp_006201	Myb.HG1.6:NA	NA
Xesp_025943	Myb.HG1.6:NA	NA
Xesp_022101	Myb.HG1.6:NA	NA
Xesp_018153	Myb.HG1.6:NA	NA
Xesp_026102	Myb.HG1.7:NA	NA
Xesp_006919	Myb.HG1.7:NA	NA
Xesp_006345	Myb.HG1.8:NA	NA
Xesp_024946	Myb.HG1.8:NA	NA
Xesp_025309	Myb.HG1.8:NA	NA
Xesp_006960	Myb.HG1.8:NA	NA
Xesp_018020	Myb.HG1.8:NA	NA
Xesp_026214	Myb.HG1.8:NA	NA
Xesp_024736	Myb.HG1.8:NA	NA
Xesp_026072	Myb.HG1.9:NA	NA
Xesp_026408	Myb.HG1.9:NA	NA
Xesp_007676	Myb.HG1.9:NA	NA
Xesp_006486	Myb.HG1.9:NA	NA
Xesp_026684	Myb.HG1.9:NA	NA
Xesp_019807	Myb.HG1.9:NA	NA
Xesp_024920	Myb.HG1.9:NA	NA
Xesp_001857	Myb.HG1.9:NA	NA
Xesp_025284	Myb.HG1.9:NA	NA
Xesp_023918	Myb.HG1.9:NA	NA
Xesp_023357	Myb.HG1.9:NA	NA
Xesp_018152	Myb.HG1.9:NA	NA
Xesp_019253	Myb.HG1.9:NA	NA
Xesp_019249	Myb.HG1.10:NA	NA
Xesp_015282	Myb.HG1.10:NA	NA
Xesp_020439	Myb.HG1.11:NA	NA
Xesp_023315	Myb.HG1.11:NA	NA
Xesp_004665	Myb.HG1.11:NA	NA
Xesp_010603	Myb.HG1.12:NA	NA
Xesp_024608	Myb.HG1.12:NA	NA
Xesp_012501	Myb.HG1.12:NA	NA
Xesp_026075	Myb.HG1.12:NA	NA
Xesp_025373	Myb.HG1.12:NA	NA
Xesp_019780	Myb.HG1.12:NA	NA
Xesp_017745	Myb.HG1.12:NA	NA
Xesp_028730	Myb.HG1.16:NA	NA
Xesp_007283	Myb.HG1.16:NA	NA
Xesp_009121	Myb.HG1.16:NA	NA
Xesp_009008	Myb.HG1.16:NA	NA
Xesp_027858	Myb.HG1.16:NA	NA
Xesp_001832	Myb.HG1.16:NA	NA
Xesp_007409	Myb.HG1.16:NA	NA
Xesp_015298	Myb.HG1.16:NA	NA
Xesp_026127	Myb.HG1.16:NA	NA
Xesp_017925	Myb.HG1.16:NA	NA
Xesp_017009	Myb.HG1.16:NA	NA
Xesp_024622	Myb.HG1.16:NA	NA
Xesp_016883	Myb.HG1.16:NA	NA
Xesp_025136	Myb.HG1.16:NA	NA
Xesp_010764	Myb.HG1.16:NA	NA
Xesp_020429	Myb.HG1.16:NA	NA
Xesp_000191	Myb.HG1.16:NA	NA
Xesp_006109	Myb.HG1.16:NA	NA
Xesp_025982	Myb.HG1.16:NA	NA
Xesp_025288	Myb.HG1.16:NA	NA
Xesp_003942	Myb.HG1.16:NA	NA
Xesp_019694	Myb.HG1.16:NA	NA
Xesp_013407	Myb.HG1.16:NA	NA
Xesp_023613	Myb.HG1.16:NA	NA
Xesp_023776	Myb.HG1.16:NA	NA
Xesp_024975	Myb.HG1.16:NA	NA
Xesp_006259	Myb.HG1.16:NA	NA
Xesp_013406	Myb.HG1.16:NA	NA
Xesp_027225	Myb.HG1.16:NA	NA
Xesp_024386	Myb.HG1.16:NA	NA
Xesp_024570	Myb.HG1.17:NA	NA
Xesp_011593	Myb.HG1.17:NA	NA
Xesp_018516	Myb.HG1.17:NA	NA
Xesp_018533	Myb.HG1.17:NA	NA
Xesp_018530	Myb.HG1.17:NA	NA
Xesp_018524	Myb.HG1.17:NA	NA
Xesp_018504	Myb.HG1.18:NA	NA
Xesp_000677	Myb.HG1.19:NA	NA
Xesp_001473	Myb.HG1.19:NA	NA
Xesp_015495	Myb.HG1.19:NA	NA
Xesp_024981	Myb.HG1.19:NA	NA
Xesp_027036	Myb.HG1.19:NA	NA
Xesp_026100	Myb.HG1.19:NA	NA
Xesp_015442	Myb.HG1.20:NA	NA
Xesp_025454	Myb.HG1.20:NA	NA
Xesp_015315	Myb.HG1.20:NA	NA
Xesp_015038	Myb.HG1.21:NA	NA
Xesp_027042	Myb.HG1.21:NA	NA
Xesp_027185	Myb.HG1.21:NA	NA
Xesp_001659	Myb.HG1.22:NA	NA
Xesp_026444	Myb.HG1.22:NA	NA
Xesp_028165	Myb.HG1.22:NA	NA
Xesp_008995	Myb.HG1.22:NA	NA
Xesp_026438	Myb.HG1.22:NA	NA
Xesp_015177	Myb.HG1.22:NA	NA
Xesp_018902	Myb.HG1.22:NA	NA
Xesp_013271	Myb.HG1.22:NA	NA
Xesp_016959	Myb.HG1.22:NA	NA
Xesp_017010	Myb.HG1.22:NA	NA
Xesp_025994	Myb.HG1.22:NA	NA
Xesp_001517	Myb.HG1.22:NA	NA
Xesp_022435	Myb.HG1.22:NA	NA
Xesp_004027	Myb.HG1.22:NA	NA
Xesp_025560	Myb.HG1.25:NA	NA
Xesp_025183	Myb.HG1.25:NA	NA
Xesp_023329	Myb.HG1.25:NA	NA
Xesp_027104	Myb.HG1.25:NA	NA
Xesp_026321	Myb.HG1.25:NA	NA
Xesp_026234	Myb.HG1.25:NA	NA
Xesp_026138	Myb.HG1.25:NA	NA
Xesp_001911	Myb.HG1.56:NA	NA
Xesp_023886	Myb.HG1.57:NA	NA
Xesp_018430	Myb.HG1.58:NA	NA
Xesp_018167	Myb.HG1.59:NA	NA
Xesp_010475	Myb.HG1.64:NA	NA
Xesp_026196	Myb.HG1.65:NA	NA
Xesp_018188	Myb.HG2.22:like:HSPA14/MSANTD2/ZKSCAN2/ZSCAN20/ZSCAN29/ZSCAN32:likeclu:19	NA
Xesp_026109	Myb.HG2.22:like:HSPA14/MSANTD2/ZKSCAN2/ZSCAN20/ZSCAN29/ZSCAN32:likeclu:19	NA
Xesp_003218	Myb.HG2.22:like:HSPA14/MSANTD2/ZKSCAN2/ZSCAN20/ZSCAN29/ZSCAN32:likeclu:19	NA
Xesp_020288	Myb.HG2.22:like:HSPA14/MSANTD2/ZKSCAN2/ZSCAN20/ZSCAN29/ZSCAN32:likeclu:19	NA
Xesp_026441	Myb.HG2.22:like:HSPA14/MSANTD2/ZKSCAN2/ZSCAN20/ZSCAN29/ZSCAN32:likeclu:19	NA
Xesp_004057	Myb.HG2.22:like:HSPA14/MSANTD2/ZKSCAN2/ZSCAN20/ZSCAN29/ZSCAN32:likeclu:19	NA
Xesp_010285	Myb.HG2.23:like:HSPA14/MSANTD2/ZKSCAN2/ZSCAN20/ZSCAN29/ZSCAN32:likeclu:19	NA
Xesp_023911	Myb.HG2.23:like:HSPA14/MSANTD2/ZKSCAN2/ZSCAN20/ZSCAN29/ZSCAN32:likeclu:19	NA
Xesp_004117	Myb.HG2.24:like:HSPA14/MSANTD2/ZKSCAN2/ZSCAN20/ZSCAN29/ZSCAN32:likeclu:19	NA
Xesp_006550	Myb.HG2.25:like:HSPA14/MSANTD2/ZKSCAN2/ZSCAN20/ZSCAN29/ZSCAN32:likeclu:19	NA
Xesp_013496	Myb.HG2.26:like:HSPA14/MSANTD2/ZKSCAN2/ZSCAN20/ZSCAN29/ZSCAN32:likeclu:19	NA
Xesp_008743	Myb.HG2.29:like:HSPA14/MSANTD2/ZKSCAN2/ZSCAN20/ZSCAN29/ZSCAN32:likeclu:19	NA
Xesp_026115	Myb.HG2.30:like:HSPA14/MSANTD2/ZKSCAN2/ZSCAN20/ZSCAN29/ZSCAN32:likeclu:19	NA
Xesp_028442	Myb.HG2.31:like:HSPA14/MSANTD2/ZKSCAN2/ZSCAN20/ZSCAN29/ZSCAN32:likeclu:19	NA
Xesp_003954	Myb.HG2.32:like:HSPA14/MSANTD2/ZKSCAN2/ZSCAN20/ZSCAN29/ZSCAN32:likeclu:19	NA
Xesp_001321	Myb.HG2.33:like:HSPA14/MSANTD2/ZKSCAN2/ZSCAN20/ZSCAN29/ZSCAN32:likeclu:19	NA
Xesp_026680	Myb.HG2.34:like:HSPA14/MSANTD2/ZKSCAN2/ZSCAN20/ZSCAN29/ZSCAN32:likeclu:19	NA
Xesp_017487	Myb.HG2.35:like:HSPA14/MSANTD2/ZKSCAN2/ZSCAN20/ZSCAN29/ZSCAN32:likeclu:19	NA
Xesp_026457	Myb.HG2.36:like:HSPA14/MSANTD2/ZKSCAN2/ZSCAN20/ZSCAN29/ZSCAN32:likeclu:19	NA
Xesp_026148	Myb.HG2.37:like:HSPA14/MSANTD2/ZKSCAN2/ZSCAN20/ZSCAN29/ZSCAN32:likeclu:19	NA
Xesp_018717	Myb.HG2.38:like:HSPA14/MSANTD2/ZKSCAN2/ZSCAN20/ZSCAN29/ZSCAN32:likeclu:19	NA
Xesp_001655	Myb.HG2.39:like:HSPA14/MSANTD2/ZKSCAN2/ZSCAN20/ZSCAN29/ZSCAN32:likeclu:19	NA
Xesp_027001	Myb.HG3.10:like:MSANTD4/MYPOP/NAIF1/TSNARE1:likeclu:6/7/8	NA
Xesp_022978	Myb.HG3.10:like:MSANTD4/MYPOP/NAIF1/TSNARE1:likeclu:6/7/8	NA
Xesp_018372	Myb.HG3.10:like:MSANTD4/MYPOP/NAIF1/TSNARE1:likeclu:6/7/8	NA
Xesp_007403	Myb.HG4.1:like:AC118549/MYSM1/SMARCC1/SMARCC2:likeclu:2/3	AC118549
Xesp_009988	Myb.HG4.3:MYSM1/SMARCC1/SMARCC2	SMARCC1/SMARCC2
Xesp_005118	Myb.HG4.4:MIER1/MIER2/MIER3/NCOR1/NCOR2	NCOR1/NCOR2
Xesp_021478	Myb.HG4.6:MTA1/MTA3/RCOR1/RCOR2/RCOR3	RCOR1/RCOR2/RCOR3
Xesp_011703	Myb.HG5.0:like:TERB1/TERF1/TERF2:likeclu:1/2	NA
Xesp_028119	Myb.HG5.1:TERB1	TERB1
Xesp_014682	Myb.HG5.2:TERF1/TERF2	TERF1/TERF2
Xesp_014739	Myb.HG5.4:like:MYB/MYBL1/MYBL2/SNAPC4/TERB1/TERF1/TERF2:likeclu:1/2/3/5/6	NA
Xesp_020044	Myb.HG6.0:DMTF1	DMTF1
Xesp_008246	Myb.HG6.1:TTF1	TTF1
Xesp_012064	Myb.HG7.0:TADA2B	TADA2B
Xesp_015765	Myb.HG7.1:TADA2A	TADA2A
Xesp_009320	Myb.HG8.0:DNAJC1	DNAJC1
Xesp_003399	Myb.HG8.2:DNAJC2	DNAJC2
Xesp_004244	Ndt80_PhoG.HG1.0:MYRF/MYRFL	MYRF/MYRFL
Xesp_004240	Ndt80_PhoG.HG1.0:MYRF/MYRFL	MYRF/MYRFL
Xesp_004239	Ndt80_PhoG.HG1.0:MYRF/MYRFL	MYRF/MYRFL
Xesp_014932	NFX1_ZF.HG1.0:NFXL1	NFXL1
Xesp_000896	NFX1_ZF.HG1.1:NFX1	NFX1
Xesp_013982	NFYA.HG1.0:like:NFYA:likeclu:1	NA
Xesp_002437	NFYB_NFYC.HG2.0:CHRAC1	CHRAC1
Xesp_000655	NFYB_NFYC.HG2.1:POLE4	POLE4
Xesp_000627	NFYB_NFYC.HG2.1:POLE4	POLE4
Xesp_008597	NFYB_NFYC.HG2.3:NFYC	NFYC
Xesp_010571	NFYB_NFYC.HG3.0:TAF12	TAF12
Xesp_021578	NFYB_NFYC.HG3.1:DR1	DR1
Xesp_012490	NFYB_NFYC.HG5.0:DRAP1	DRAP1
Xesp_008259	NFYB_NFYC.HG6.0:POLE3	POLE3
Xesp_003586	NRF1.HG1.2:NRF1	NRF1
Xesp_012641	P53.HG1.0:like:TP53/TP63/TP73:likeclu:3	NA
Xesp_028762	P53.HG1.0:like:TP53/TP63/TP73:likeclu:3	NA
Xesp_028607	P53.HG1.0:like:TP53/TP63/TP73:likeclu:3	NA
Xesp_023824	P53.HG1.0:like:TP53/TP63/TP73:likeclu:3	NA
Xesp_028297	P53.HG1.0:like:TP53/TP63/TP73:likeclu:3	NA
Xesp_028371	P53.HG1.0:like:TP53/TP63/TP73:likeclu:3	NA
Xesp_012559	P53.HG1.1:like:TP53/TP63/TP73:likeclu:3	NA
Xesp_012560	P53.HG1.2:like:TP53/TP63/TP73:likeclu:3	NA
Xesp_000958	P53.HG1.3:TP53/TP63/TP73	TP53/TP63/TP73
Xesp_023510	PAX.HG1.3:PAX1/PAX9/PRD_PAX2/PRD_PAX3/PRD_PAX4/PRD_PAX5/PRD_PAX6/PRD_PAX7/PRD_PAX8	islike:PAX1/PAX9/PRD_PAX2/PRD_PAX3/PRD_PAX4/PRD_PAX5/PRD_PAX6/PRD_PAX7/PRD_PAX8
Xesp_018547	PAX.HG1.3:PAX1/PAX9/PRD_PAX2/PRD_PAX3/PRD_PAX4/PRD_PAX5/PRD_PAX6/PRD_PAX7/PRD_PAX8	islike:PAX1/PAX9/PRD_PAX2/PRD_PAX3/PRD_PAX4/PRD_PAX5/PRD_PAX6/PRD_PAX7/PRD_PAX8
Xesp_023521	PAX.HG1.3:PAX1/PAX9/PRD_PAX2/PRD_PAX3/PRD_PAX4/PRD_PAX5/PRD_PAX6/PRD_PAX7/PRD_PAX8	islike:PAX1/PAX9/PRD_PAX2/PRD_PAX3/PRD_PAX4/PRD_PAX5/PRD_PAX6/PRD_PAX7/PRD_PAX8
Xesp_001376	PAX.HG1.3:PAX1/PAX9/PRD_PAX2/PRD_PAX3/PRD_PAX4/PRD_PAX5/PRD_PAX6/PRD_PAX7/PRD_PAX8	islike:PAX1/PAX9/PRD_PAX2/PRD_PAX3/PRD_PAX4/PRD_PAX5/PRD_PAX6/PRD_PAX7/PRD_PAX8
Xesp_024081	PAX.HG1.3:PAX1/PAX9/PRD_PAX2/PRD_PAX3/PRD_PAX4/PRD_PAX5/PRD_PAX6/PRD_PAX7/PRD_PAX8	islike:PAX1/PAX9/PRD_PAX2/PRD_PAX3/PRD_PAX4/PRD_PAX5/PRD_PAX6/PRD_PAX7/PRD_PAX8
Xesp_010624	PAX.HG1.3:PAX1/PAX9/PRD_PAX2/PRD_PAX3/PRD_PAX4/PRD_PAX5/PRD_PAX6/PRD_PAX7/PRD_PAX8	islike:PAX1/PAX9/PRD_PAX2/PRD_PAX3/PRD_PAX4/PRD_PAX5/PRD_PAX6/PRD_PAX7/PRD_PAX8
Xesp_027666	PAX.HG1.3:PAX1/PAX9/PRD_PAX2/PRD_PAX3/PRD_PAX4/PRD_PAX5/PRD_PAX6/PRD_PAX7/PRD_PAX8	islike:PAX1/PAX9/PRD_PAX2/PRD_PAX3/PRD_PAX4/PRD_PAX5/PRD_PAX6/PRD_PAX7/PRD_PAX8
Xesp_003697	PAX.HG1.3:PAX1/PAX9/PRD_PAX2/PRD_PAX3/PRD_PAX4/PRD_PAX5/PRD_PAX6/PRD_PAX7/PRD_PAX8	islike:PAX1/PAX9/PRD_PAX2/PRD_PAX3/PRD_PAX4/PRD_PAX5/PRD_PAX6/PRD_PAX7/PRD_PAX8
Xesp_025448	PAX.HG1.3:PAX1/PAX9/PRD_PAX2/PRD_PAX3/PRD_PAX4/PRD_PAX5/PRD_PAX6/PRD_PAX7/PRD_PAX8	islike:PAX1/PAX9/PRD_PAX2/PRD_PAX3/PRD_PAX4/PRD_PAX5/PRD_PAX6/PRD_PAX7/PRD_PAX8
Xesp_002547	PAX.HG1.9:like:PAX1/PAX9/PRD_PAX2/PRD_PAX3/PRD_PAX4/PRD_PAX5/PRD_PAX6/PRD_PAX7/PRD_PAX8:likeclu:3	NA
Xesp_006617	Pipsqueak.HG1.12:NA	NA
Xesp_020497	RFX.HG1.0:RFX4/RFX5/RFX7/RFX8	RFX5/RFX7
Xesp_014203	RFX.HG1.0:RFX4/RFX5/RFX7/RFX8	islike:RFX4/RFX6
Xesp_022304	RFX.HG1.0:RFX4/RFX5/RFX7/RFX8	islike:RFX6
Xesp_022267	RFX.HG1.1:RFX6	RFX6
Xesp_000358	RFX.HG2.0:RFX1/RFX2/RFX3	RFX1/RFX2/RFX3
Xesp_021788	RHD_Rel.HG1.0:NFKB1/NFKB2/REL/RELA/RELB	NFKB1/NFKB2/REL/RELA/RELB
Xesp_014822	RHD_Rel.HG2.0:NFAT5/NFATC1/NFATC2/NFATC3/NFATC4	NFAT5/NFATC1/NFATC2/NFATC3/NFATC4
Xesp_011218	Runt_Runx.HG1.1:RUNX1/RUNX2/RUNX3	RUNX1/RUNX2/RUNX3
Xesp_012598	SAND.HG1.1:like:AIRE/DEAF1/SP100/SP110/SP140/SP140L:likeclu:2/4	NA
Xesp_008639	SAND.HG1.2:AIRE/SP100/SP110/SP140/SP140L	DEAF1
Xesp_020969	SMAD_MH1.HG1.0:SMAD6/SMAD7	SMAD6/SMAD7
Xesp_015766	SMAD_MH1.HG1.4:like:SMAD1/SMAD2/SMAD3/SMAD5/SMAD9:likeclu:6/8	NA
Xesp_020967	SMAD_MH1.HG1.8:SMAD2/SMAD3	SMAD2/SMAD3
Xesp_009901	SMAD_MH1.HG2.0:like:SMAD4:likeclu:1	NA
Xesp_020961	SMAD_MH1.HG2.1:SMAD4	SMAD4
Xesp_000712	STAT.HG1.0:STAT1/STAT2/STAT3/STAT4/STAT5A/STAT5B/STAT6	STAT5A/STAT5B/STAT6
Xesp_010637	T-box.HG1.0:TBX15/TBX18/TBX20/TBX22	TBX15/TBX18/TBX22
Xesp_015011	T-box.HG1.0:TBX15/TBX18/TBX20/TBX22	TBX20
Xesp_005104	T-box.HG1.2:TBX1/TBX10	TBX1/TBX10
Xesp_004511	T-box.HG1.5:TBX4/TBX5	islike:TBX4/TBX5
Xesp_004512	T-box.HG1.9:like:MGA/TBX2/TBX3/TBX6:likeclu:8/10	TBX2/TBX3
Xesp_011318	T-box.HG1.13:TBX19/TBXT	TBX19/TBXT
Xesp_024112	T-box.HG1.14:like:EOMES/TBR1/TBX2/TBX3/TBX19/TBX21/TBXT:likeclu:10/11/13	NA
Xesp_007504	T-box.HG1.14:like:EOMES/TBR1/TBX2/TBX3/TBX19/TBX21/TBXT:likeclu:10/11/13	NA
Xesp_017036	T-box.HG1.14:like:EOMES/TBR1/TBX2/TBX3/TBX19/TBX21/TBXT:likeclu:10/11/13	NA
Xesp_011783	TBP.HG1.3:TBP/TBPL2	TBP/TBPL2
Xesp_005361	TEA.HG1.0:like:TEAD1/TEAD2/TEAD3/TEAD4:likeclu:1	NA
Xesp_008457	TEA.HG1.2:like:TEAD1/TEAD2/TEAD3/TEAD4:likeclu:1	NA
Xesp_013459	Tesmin_TSO1-like.HG1.0:like:LIN54/TESMIN:likeclu:2	NA
Xesp_008513	Tesmin_TSO1-like.HG1.2:LIN54/TESMIN	LIN54
Xesp_003175	TFIIA.HG1.0:GTF2A1/GTF2A1L/STON1	GTF2A1/GTF2A1L/STON1
Xesp_008336	TFIIB.HG1.1:GTF2B	GTF2B
Xesp_014806	TFIIB.HG2.0:BRF1	BRF1
Xesp_022892	THAP_finger.HG2.1:AC073612/THAP10/THAP2/THAP4/THAP7/THAP8	islike:AC073612/THAP2/THAP4/THAP8
Xesp_026406	THAP_finger.HG2.1:AC073612/THAP10/THAP2/THAP4/THAP7/THAP8	islike:AC073612/THAP2/THAP4/THAP8
Xesp_028079	THAP_finger.HG2.1:AC073612/THAP10/THAP2/THAP4/THAP7/THAP8	islike:AC073612/THAP2/THAP4/THAP8
Xesp_017912	THAP_finger.HG2.1:AC073612/THAP10/THAP2/THAP4/THAP7/THAP8	islike:AC073612/THAP2/THAP4/THAP8
Xesp_028513	THAP_finger.HG2.1:AC073612/THAP10/THAP2/THAP4/THAP7/THAP8	islike:AC073612/THAP2/THAP4/THAP8
Xesp_018768	THAP_finger.HG2.1:AC073612/THAP10/THAP2/THAP4/THAP7/THAP8	islike:AC073612/THAP2/THAP4/THAP8
Xesp_003748	THAP_finger.HG2.1:AC073612/THAP10/THAP2/THAP4/THAP7/THAP8	islike:AC073612/THAP2/THAP4/THAP8
Xesp_026128	THAP_finger.HG2.1:AC073612/THAP10/THAP2/THAP4/THAP7/THAP8	islike:THAP7
Xesp_006393	THAP_finger.HG2.1:AC073612/THAP10/THAP2/THAP4/THAP7/THAP8	islike:THAP7
Xesp_020436	THAP_finger.HG2.1:AC073612/THAP10/THAP2/THAP4/THAP7/THAP8	islike:THAP7
Xesp_026524	THAP_finger.HG2.1:AC073612/THAP10/THAP2/THAP4/THAP7/THAP8	islike:THAP7
Xesp_018186	THAP_finger.HG2.1:AC073612/THAP10/THAP2/THAP4/THAP7/THAP8	islike:THAP7
Xesp_026531	THAP_finger.HG2.1:AC073612/THAP10/THAP2/THAP4/THAP7/THAP8	islike:THAP7
Xesp_001219	THAP_finger.HG2.1:AC073612/THAP10/THAP2/THAP4/THAP7/THAP8	islike:THAP7
Xesp_027097	THAP_finger.HG2.1:AC073612/THAP10/THAP2/THAP4/THAP7/THAP8	islike:THAP7
Xesp_016740	THAP_finger.HG2.1:AC073612/THAP10/THAP2/THAP4/THAP7/THAP8	islike:THAP7
Xesp_001222	THAP_finger.HG2.1:AC073612/THAP10/THAP2/THAP4/THAP7/THAP8	islike:THAP7
Xesp_025165	THAP_finger.HG2.1:AC073612/THAP10/THAP2/THAP4/THAP7/THAP8	THAP10
Xesp_007345	THAP_finger.HG2.1:AC073612/THAP10/THAP2/THAP4/THAP7/THAP8	THAP10
Xesp_023721	THAP_finger.HG2.1:AC073612/THAP10/THAP2/THAP4/THAP7/THAP8	THAP10
Xesp_019413	THAP_finger.HG2.1:AC073612/THAP10/THAP2/THAP4/THAP7/THAP8	THAP10
Xesp_000908	THAP_finger.HG2.1:AC073612/THAP10/THAP2/THAP4/THAP7/THAP8	THAP10
Xesp_020202	THAP_finger.HG2.1:AC073612/THAP10/THAP2/THAP4/THAP7/THAP8	THAP10
Xesp_025258	THAP_finger.HG2.1:AC073612/THAP10/THAP2/THAP4/THAP7/THAP8	THAP10
Xesp_018128	THAP_finger.HG2.1:AC073612/THAP10/THAP2/THAP4/THAP7/THAP8	THAP10
Xesp_027669	THAP_finger.HG2.1:AC073612/THAP10/THAP2/THAP4/THAP7/THAP8	THAP10
Xesp_026515	THAP_finger.HG2.1:AC073612/THAP10/THAP2/THAP4/THAP7/THAP8	THAP10
Xesp_003214	THAP_finger.HG2.1:AC073612/THAP10/THAP2/THAP4/THAP7/THAP8	THAP10
Xesp_022685	THAP_finger.HG2.1:AC073612/THAP10/THAP2/THAP4/THAP7/THAP8	THAP10
Xesp_019152	THAP_finger.HG2.2:like:AC073612/THAP2/THAP4/THAP7/THAP8/THAP10:likeclu:1	THAP10
Xesp_017151	THAP_finger.HG2.3:like:AC073612/THAP2/THAP4/THAP7/THAP8/THAP10:likeclu:1	THAP10
Xesp_017136	THAP_finger.HG2.3:like:AC073612/THAP2/THAP4/THAP7/THAP8/THAP10:likeclu:1	THAP10
Xesp_007318	THAP_finger.HG2.3:like:AC073612/THAP2/THAP4/THAP7/THAP8/THAP10:likeclu:1	THAP10
Xesp_009007	THAP_finger.HG2.3:like:AC073612/THAP2/THAP4/THAP7/THAP8/THAP10:likeclu:1	THAP10
Xesp_028644	THAP_finger.HG2.3:like:AC073612/THAP2/THAP4/THAP7/THAP8/THAP10:likeclu:1	THAP10
Xesp_023193	THAP_finger.HG2.3:like:AC073612/THAP2/THAP4/THAP7/THAP8/THAP10:likeclu:1	THAP10
Xesp_026634	THAP_finger.HG2.3:like:AC073612/THAP2/THAP4/THAP7/THAP8/THAP10:likeclu:1	THAP10
Xesp_023318	THAP_finger.HG2.3:like:AC073612/THAP2/THAP4/THAP7/THAP8/THAP10:likeclu:1	THAP10
Xesp_017250	THAP_finger.HG2.3:like:AC073612/THAP2/THAP4/THAP7/THAP8/THAP10:likeclu:1	THAP10
Xesp_017334	THAP_finger.HG2.3:like:AC073612/THAP2/THAP4/THAP7/THAP8/THAP10:likeclu:1	THAP10
Xesp_017231	THAP_finger.HG2.3:like:AC073612/THAP2/THAP4/THAP7/THAP8/THAP10:likeclu:1	THAP10
Xesp_008661	THAP_finger.HG2.3:like:AC073612/THAP2/THAP4/THAP7/THAP8/THAP10:likeclu:1	THAP10
Xesp_018209	THAP_finger.HG2.3:like:AC073612/THAP2/THAP4/THAP7/THAP8/THAP10:likeclu:1	THAP10
Xesp_027770	THAP_finger.HG2.3:like:AC073612/THAP2/THAP4/THAP7/THAP8/THAP10:likeclu:1	THAP10
Xesp_023197	THAP_finger.HG2.3:like:AC073612/THAP2/THAP4/THAP7/THAP8/THAP10:likeclu:1	THAP10
Xesp_019150	THAP_finger.HG2.3:like:AC073612/THAP2/THAP4/THAP7/THAP8/THAP10:likeclu:1	THAP10
Xesp_029118	THAP_finger.HG2.3:like:AC073612/THAP2/THAP4/THAP7/THAP8/THAP10:likeclu:1	THAP10
Xesp_029151	THAP_finger.HG2.3:like:AC073612/THAP2/THAP4/THAP7/THAP8/THAP10:likeclu:1	THAP10
Xesp_004567	THAP_finger.HG2.4:like:AC073612/THAP2/THAP4/THAP7/THAP8/THAP10:likeclu:1	THAP10
Xesp_006417	THAP_finger.HG2.4:like:AC073612/THAP2/THAP4/THAP7/THAP8/THAP10:likeclu:1	THAP10
Xesp_025253	THAP_finger.HG2.5:like:AC073612/THAP2/THAP4/THAP7/THAP8/THAP10:likeclu:1	THAP10
Xesp_006948	THAP_finger.HG2.5:like:AC073612/THAP2/THAP4/THAP7/THAP8/THAP10:likeclu:1	THAP10
Xesp_024238	THAP_finger.HG2.5:like:AC073612/THAP2/THAP4/THAP7/THAP8/THAP10:likeclu:1	THAP10
Xesp_019373	THAP_finger.HG2.5:like:AC073612/THAP2/THAP4/THAP7/THAP8/THAP10:likeclu:1	THAP10
Xesp_006937	THAP_finger.HG2.5:like:AC073612/THAP2/THAP4/THAP7/THAP8/THAP10:likeclu:1	THAP10
Xesp_025535	THAP_finger.HG2.5:like:AC073612/THAP2/THAP4/THAP7/THAP8/THAP10:likeclu:1	THAP10
Xesp_006198	THAP_finger.HG2.5:like:AC073612/THAP2/THAP4/THAP7/THAP8/THAP10:likeclu:1	THAP10
Xesp_028318	THAP_finger.HG2.5:like:AC073612/THAP2/THAP4/THAP7/THAP8/THAP10:likeclu:1	THAP10
Xesp_028546	THAP_finger.HG2.5:like:AC073612/THAP2/THAP4/THAP7/THAP8/THAP10:likeclu:1	THAP10
Xesp_028542	THAP_finger.HG2.5:like:AC073612/THAP2/THAP4/THAP7/THAP8/THAP10:likeclu:1	THAP10
Xesp_028521	THAP_finger.HG2.5:like:AC073612/THAP2/THAP4/THAP7/THAP8/THAP10:likeclu:1	THAP10
Xesp_003622	THAP_finger.HG2.5:like:AC073612/THAP2/THAP4/THAP7/THAP8/THAP10:likeclu:1	THAP10
Xesp_023364	THAP_finger.HG2.6:like:AC073612/THAP2/THAP4/THAP7/THAP8/THAP10:likeclu:1	THAP10
Xesp_010278	THAP_finger.HG2.6:like:AC073612/THAP2/THAP4/THAP7/THAP8/THAP10:likeclu:1	THAP10
Xesp_024235	THAP_finger.HG2.6:like:AC073612/THAP2/THAP4/THAP7/THAP8/THAP10:likeclu:1	THAP10
Xesp_022506	THAP_finger.HG2.6:like:AC073612/THAP2/THAP4/THAP7/THAP8/THAP10:likeclu:1	THAP10
Xesp_028055	THAP_finger.HG2.6:like:AC073612/THAP2/THAP4/THAP7/THAP8/THAP10:likeclu:1	THAP10
Xesp_023372	THAP_finger.HG2.6:like:AC073612/THAP2/THAP4/THAP7/THAP8/THAP10:likeclu:1	THAP10
Xesp_021021	THAP_finger.HG2.6:like:AC073612/THAP2/THAP4/THAP7/THAP8/THAP10:likeclu:1	THAP10
Xesp_027470	THAP_finger.HG2.6:like:AC073612/THAP2/THAP4/THAP7/THAP8/THAP10:likeclu:1	THAP10
Xesp_018394	THAP_finger.HG2.7:like:AC073612/THAP2/THAP4/THAP7/THAP8/THAP10:likeclu:1	THAP10
Xesp_004066	THAP_finger.HG2.7:like:AC073612/THAP2/THAP4/THAP7/THAP8/THAP10:likeclu:1	THAP10
Xesp_025200	THAP_finger.HG2.8:like:AC073612/THAP2/THAP4/THAP7/THAP8/THAP10:likeclu:1	THAP10
Xesp_006812	THAP_finger.HG2.8:like:AC073612/THAP2/THAP4/THAP7/THAP8/THAP10:likeclu:1	THAP10
Xesp_020198	THAP_finger.HG2.8:like:AC073612/THAP2/THAP4/THAP7/THAP8/THAP10:likeclu:1	THAP10
Xesp_002733	THAP_finger.HG2.8:like:AC073612/THAP2/THAP4/THAP7/THAP8/THAP10:likeclu:1	THAP10
Xesp_023656	THAP_finger.HG2.8:like:AC073612/THAP2/THAP4/THAP7/THAP8/THAP10:likeclu:1	THAP10
Xesp_022778	THAP_finger.HG2.8:like:AC073612/THAP2/THAP4/THAP7/THAP8/THAP10:likeclu:1	THAP10
Xesp_022648	THAP_finger.HG2.8:like:AC073612/THAP2/THAP4/THAP7/THAP8/THAP10:likeclu:1	THAP10
Xesp_027526	THAP_finger.HG2.8:like:AC073612/THAP2/THAP4/THAP7/THAP8/THAP10:likeclu:1	THAP10
Xesp_022781	THAP_finger.HG2.8:like:AC073612/THAP2/THAP4/THAP7/THAP8/THAP10:likeclu:1	THAP10
Xesp_011206	THAP_finger.HG2.8:like:AC073612/THAP2/THAP4/THAP7/THAP8/THAP10:likeclu:1	THAP10
Xesp_007232	THAP_finger.HG2.8:like:AC073612/THAP2/THAP4/THAP7/THAP8/THAP10:likeclu:1	THAP10
Xesp_018857	THAP_finger.HG2.8:like:AC073612/THAP2/THAP4/THAP7/THAP8/THAP10:likeclu:1	THAP10
Xesp_026790	THAP_finger.HG2.8:like:AC073612/THAP2/THAP4/THAP7/THAP8/THAP10:likeclu:1	THAP10
Xesp_010232	THAP_finger.HG2.8:like:AC073612/THAP2/THAP4/THAP7/THAP8/THAP10:likeclu:1	THAP10
Xesp_018143	THAP_finger.HG2.8:like:AC073612/THAP2/THAP4/THAP7/THAP8/THAP10:likeclu:1	THAP10
Xesp_026377	THAP_finger.HG2.9:like:AC073612/THAP2/THAP4/THAP7/THAP8/THAP10:likeclu:1	THAP10
Xesp_020164	THAP_finger.HG2.9:like:AC073612/THAP2/THAP4/THAP7/THAP8/THAP10:likeclu:1	THAP10
Xesp_001102	THAP_finger.HG2.9:like:AC073612/THAP2/THAP4/THAP7/THAP8/THAP10:likeclu:1	THAP10
Xesp_006142	THAP_finger.HG2.9:like:AC073612/THAP2/THAP4/THAP7/THAP8/THAP10:likeclu:1	THAP10
Xesp_024613	THAP_finger.HG2.9:like:AC073612/THAP2/THAP4/THAP7/THAP8/THAP10:likeclu:1	THAP10
Xesp_027032	THAP_finger.HG2.9:like:AC073612/THAP2/THAP4/THAP7/THAP8/THAP10:likeclu:1	THAP10
Xesp_016170	THAP_finger.HG2.9:like:AC073612/THAP2/THAP4/THAP7/THAP8/THAP10:likeclu:1	THAP10
Xesp_016174	THAP_finger.HG2.9:like:AC073612/THAP2/THAP4/THAP7/THAP8/THAP10:likeclu:1	THAP10
Xesp_017530	THAP_finger.HG2.9:like:AC073612/THAP2/THAP4/THAP7/THAP8/THAP10:likeclu:1	THAP10
Xesp_006351	THAP_finger.HG2.9:like:AC073612/THAP2/THAP4/THAP7/THAP8/THAP10:likeclu:1	THAP10
Xesp_023508	THAP_finger.HG2.10:like:AC073612/THAP2/THAP4/THAP7/THAP8/THAP10:likeclu:1	THAP10
Xesp_026547	THAP_finger.HG2.10:like:AC073612/THAP2/THAP4/THAP7/THAP8/THAP10:likeclu:1	THAP10
Xesp_018682	THAP_finger.HG2.10:like:AC073612/THAP2/THAP4/THAP7/THAP8/THAP10:likeclu:1	THAP10
Xesp_018993	THAP_finger.HG2.10:like:AC073612/THAP2/THAP4/THAP7/THAP8/THAP10:likeclu:1	THAP10
Xesp_014946	THAP_finger.HG2.10:like:AC073612/THAP2/THAP4/THAP7/THAP8/THAP10:likeclu:1	THAP10
Xesp_017004	THAP_finger.HG2.10:like:AC073612/THAP2/THAP4/THAP7/THAP8/THAP10:likeclu:1	THAP10
Xesp_027999	THAP_finger.HG2.11:like:AC073612/THAP2/THAP4/THAP7/THAP8/THAP10:likeclu:1	THAP10
Xesp_008733	THAP_finger.HG2.11:like:AC073612/THAP2/THAP4/THAP7/THAP8/THAP10:likeclu:1	THAP10
Xesp_016177	THAP_finger.HG2.11:like:AC073612/THAP2/THAP4/THAP7/THAP8/THAP10:likeclu:1	THAP10
Xesp_019827	THAP_finger.HG2.11:like:AC073612/THAP2/THAP4/THAP7/THAP8/THAP10:likeclu:1	THAP10
Xesp_015264	THAP_finger.HG2.11:like:AC073612/THAP2/THAP4/THAP7/THAP8/THAP10:likeclu:1	THAP10
Xesp_025157	THAP_finger.HG2.11:like:AC073612/THAP2/THAP4/THAP7/THAP8/THAP10:likeclu:1	THAP10
Xesp_019235	THAP_finger.HG2.11:like:AC073612/THAP2/THAP4/THAP7/THAP8/THAP10:likeclu:1	THAP10
Xesp_026916	THAP_finger.HG2.11:like:AC073612/THAP2/THAP4/THAP7/THAP8/THAP10:likeclu:1	THAP10
Xesp_024257	THAP_finger.HG2.11:like:AC073612/THAP2/THAP4/THAP7/THAP8/THAP10:likeclu:1	THAP10
Xesp_006251	THAP_finger.HG2.11:like:AC073612/THAP2/THAP4/THAP7/THAP8/THAP10:likeclu:1	THAP10
Xesp_025119	THAP_finger.HG2.11:like:AC073612/THAP2/THAP4/THAP7/THAP8/THAP10:likeclu:1	THAP10
Xesp_013559	THAP_finger.HG2.11:like:AC073612/THAP2/THAP4/THAP7/THAP8/THAP10:likeclu:1	THAP10
Xesp_024764	THAP_finger.HG2.12:like:AC073612/THAP2/THAP4/THAP7/THAP8/THAP10:likeclu:1	THAP10
Xesp_027112	THAP_finger.HG2.12:like:AC073612/THAP2/THAP4/THAP7/THAP8/THAP10:likeclu:1	THAP10
Xesp_007658	THAP_finger.HG2.12:like:AC073612/THAP2/THAP4/THAP7/THAP8/THAP10:likeclu:1	THAP10
Xesp_007652	THAP_finger.HG2.12:like:AC073612/THAP2/THAP4/THAP7/THAP8/THAP10:likeclu:1	THAP10
Xesp_017300	THAP_finger.HG2.12:like:AC073612/THAP2/THAP4/THAP7/THAP8/THAP10:likeclu:1	THAP10
Xesp_022884	THAP_finger.HG2.12:like:AC073612/THAP2/THAP4/THAP7/THAP8/THAP10:likeclu:1	THAP10
Xesp_027396	THAP_finger.HG2.12:like:AC073612/THAP2/THAP4/THAP7/THAP8/THAP10:likeclu:1	THAP10
Xesp_017985	THAP_finger.HG2.12:like:AC073612/THAP2/THAP4/THAP7/THAP8/THAP10:likeclu:1	THAP10
Xesp_017442	THAP_finger.HG2.13:like:AC073612/THAP2/THAP4/THAP7/THAP8/THAP10:likeclu:1	THAP10
Xesp_001862	THAP_finger.HG2.13:like:AC073612/THAP2/THAP4/THAP7/THAP8/THAP10:likeclu:1	THAP10
Xesp_008554	THAP_finger.HG2.13:like:AC073612/THAP2/THAP4/THAP7/THAP8/THAP10:likeclu:1	THAP10
Xesp_015328	THAP_finger.HG2.13:like:AC073612/THAP2/THAP4/THAP7/THAP8/THAP10:likeclu:1	THAP10
Xesp_028334	THAP_finger.HG2.13:like:AC073612/THAP2/THAP4/THAP7/THAP8/THAP10:likeclu:1	THAP10
Xesp_006387	THAP_finger.HG2.13:like:AC073612/THAP2/THAP4/THAP7/THAP8/THAP10:likeclu:1	THAP10
Xesp_006506	THAP_finger.HG2.13:like:AC073612/THAP2/THAP4/THAP7/THAP8/THAP10:likeclu:1	THAP10
Xesp_006619	THAP_finger.HG2.13:like:AC073612/THAP2/THAP4/THAP7/THAP8/THAP10:likeclu:1	THAP10
Xesp_018892	THAP_finger.HG2.13:like:AC073612/THAP2/THAP4/THAP7/THAP8/THAP10:likeclu:1	THAP10
Xesp_015252	THAP_finger.HG2.13:like:AC073612/THAP2/THAP4/THAP7/THAP8/THAP10:likeclu:1	THAP10
Xesp_023354	THAP_finger.HG2.13:like:AC073612/THAP2/THAP4/THAP7/THAP8/THAP10:likeclu:1	THAP10
Xesp_022542	THAP_finger.HG2.13:like:AC073612/THAP2/THAP4/THAP7/THAP8/THAP10:likeclu:1	THAP10
Xesp_001942	THAP_finger.HG2.13:like:AC073612/THAP2/THAP4/THAP7/THAP8/THAP10:likeclu:1	THAP10
Xesp_024144	THAP_finger.HG2.14:like:AC073612/THAP2/THAP4/THAP7/THAP8/THAP10:likeclu:1	THAP10
Xesp_026118	THAP_finger.HG2.14:like:AC073612/THAP2/THAP4/THAP7/THAP8/THAP10:likeclu:1	THAP10
Xesp_025000	THAP_finger.HG2.14:like:AC073612/THAP2/THAP4/THAP7/THAP8/THAP10:likeclu:1	THAP10
Xesp_023143	THAP_finger.HG2.14:like:AC073612/THAP2/THAP4/THAP7/THAP8/THAP10:likeclu:1	THAP10
Xesp_008969	THAP_finger.HG2.14:like:AC073612/THAP2/THAP4/THAP7/THAP8/THAP10:likeclu:1	THAP10
Xesp_027692	THAP_finger.HG2.14:like:AC073612/THAP2/THAP4/THAP7/THAP8/THAP10:likeclu:1	THAP10
Xesp_016874	THAP_finger.HG2.14:like:AC073612/THAP2/THAP4/THAP7/THAP8/THAP10:likeclu:1	THAP10
Xesp_028399	THAP_finger.HG2.14:like:AC073612/THAP2/THAP4/THAP7/THAP8/THAP10:likeclu:1	THAP10
Xesp_004744	THAP_finger.HG3.0:THAP1/THAP3/THAP5/THAP9	islike:THAP1/THAP3/THAP5/THAP9
Xesp_004098	THAP_finger.HG3.0:THAP1/THAP3/THAP5/THAP9	islike:THAP1/THAP3/THAP5/THAP9
Xesp_007398	THAP_finger.HG3.0:THAP1/THAP3/THAP5/THAP9	THAP9
Xesp_013332	THAP_finger.HG5.0:like:THAP12:likeclu:1	NA
Xesp_025903	THAP_finger.HG5.0:like:THAP12:likeclu:1	NA
Xesp_009870	THAP_finger.HG5.0:like:THAP12:likeclu:1	NA
Xesp_013408	THAP_finger.HG5.0:like:THAP12:likeclu:1	NA
Xesp_025180	THAP_finger.HG5.0:like:THAP12:likeclu:1	NA
Xesp_004094	THAP_finger.HG5.1:THAP12	THAP12
Xesp_008102	Tub.HG1.1:TUB/TULP1/TULP2/TULP3	TUB/TULP1/TULP3
Xesp_020501	YL1.HG1.0:VPS72	VPS72
Xesp_007935	zf-C2H2.HG10.10:like:GFI1/GFI1B:likeclu:13	NA
Xesp_007934	zf-C2H2.HG10.11:like:GFI1/GFI1B/ZNF576:likeclu:8/13	GFI1/GFI1B
Xesp_007926	zf-C2H2.HG10.11:like:GFI1/GFI1B/ZNF576:likeclu:8/13	GFI1/GFI1B
Xesp_008131	zf-C2H2.HG11.2:like:KAT7:likeclu:6	NA
Xesp_000212	zf-C2H2.HG11.6:KAT7	islike:AL121581/L3MBTL1/L3MBTL4/MYT1/MYT1L/ST18
Xesp_020733	zf-C2H2.HG11.8:L3MBTL1/L3MBTL4/MYT1	L3MBTL1/L3MBTL4
Xesp_012212	zf-C2H2.HG13.0:like:TRERF1/ZNF541:likeclu:1	NA
Xesp_011879	zf-C2H2.HG13.1:TRERF1/ZNF541	TRERF1/ZNF541
Xesp_014155	zf-C2H2.HG14.0:OVOL1/OVOL2/OVOL3	OVOL3
Xesp_022393	zf-C2H2.HG20.1:ZNF32	islike:ZNF32
Xesp_012273	zf-C2H2.HG3.1:INSM1/INSM2	INSM1/INSM2
Xesp_000297	zf-C2H2.HG3.3:like:HINFP:likeclu:5	NA
Xesp_000697	zf-C2H2.HG3.47:like:ZNF512/ZNF532/ZNF592/ZNF687:likeclu:23/24/68	NA
Xesp_015727	zf-C2H2.HG5.5:MECOM/PRDM16/ZBTB17/ZBTB24/ZBTB32/ZBTB38/ZBTB49	islike:MECOM/PRDM16
Xesp_022412	zf-C2H2.HG5.9:like:HIC1/HIC2/PRDM1/PRDM2/PRDM4/PRDM8/PRDM10/PRDM15/RLF/ZBTB18/ZBTB42/ZNF654/ZNF683:likeclu:8/10/12	NA
Xesp_013887	zf-C2H2.HG5.16:like:HIC1/HIC2/MECOM/MYNN/PATZ1/PRDM1/PRDM2/PRDM4/PRDM5/PRDM6/PRDM8/PRDM9/PRDM10/PRDM12/PRDM14/PRDM15/PRDM16/RLF/ZBTB2/ZBTB3/ZBTB8A/ZBTB17/ZBTB18/ZBTB21/ZBTB24/ZBTB25/ZBTB32/ZBTB38/ZBTB40/ZBTB42/ZBTB47/ZBTB49/ZNF574/ZNF652/ZNF654/ZNF683:likeclu:3/4/5/6/7/8/10/12/18/19/21/24/31	NA
Xesp_028693	zf-C2H2.HG5.17:like:HIC1/HIC2/MECOM/MYNN/PATZ1/PRDM1/PRDM2/PRDM4/PRDM6/PRDM8/PRDM9/PRDM10/PRDM12/PRDM14/PRDM15/PRDM16/RLF/ZBTB2/ZBTB3/ZBTB8A/ZBTB17/ZBTB18/ZBTB21/ZBTB24/ZBTB25/ZBTB32/ZBTB38/ZBTB40/ZBTB42/ZBTB47/ZBTB49/ZNF652/ZNF654/ZNF683:likeclu:5/6/7/8/10/12/18/19/21/24/31	NA
Xesp_023922	zf-C2H2.HG5.17:like:HIC1/HIC2/MECOM/MYNN/PATZ1/PRDM1/PRDM2/PRDM4/PRDM6/PRDM8/PRDM9/PRDM10/PRDM12/PRDM14/PRDM15/PRDM16/RLF/ZBTB2/ZBTB3/ZBTB8A/ZBTB17/ZBTB18/ZBTB21/ZBTB24/ZBTB25/ZBTB32/ZBTB38/ZBTB40/ZBTB42/ZBTB47/ZBTB49/ZNF652/ZNF654/ZNF683:likeclu:5/6/7/8/10/12/18/19/21/24/31	NA
Xesp_028744	zf-C2H2.HG5.17:like:HIC1/HIC2/MECOM/MYNN/PATZ1/PRDM1/PRDM2/PRDM4/PRDM6/PRDM8/PRDM9/PRDM10/PRDM12/PRDM14/PRDM15/PRDM16/RLF/ZBTB2/ZBTB3/ZBTB8A/ZBTB17/ZBTB18/ZBTB21/ZBTB24/ZBTB25/ZBTB32/ZBTB38/ZBTB40/ZBTB42/ZBTB47/ZBTB49/ZNF652/ZNF654/ZNF683:likeclu:5/6/7/8/10/12/18/19/21/24/31	NA
Xesp_023833	zf-C2H2.HG5.17:like:HIC1/HIC2/MECOM/MYNN/PATZ1/PRDM1/PRDM2/PRDM4/PRDM6/PRDM8/PRDM9/PRDM10/PRDM12/PRDM14/PRDM15/PRDM16/RLF/ZBTB2/ZBTB3/ZBTB8A/ZBTB17/ZBTB18/ZBTB21/ZBTB24/ZBTB25/ZBTB32/ZBTB38/ZBTB40/ZBTB42/ZBTB47/ZBTB49/ZNF652/ZNF654/ZNF683:likeclu:5/6/7/8/10/12/18/19/21/24/31	NA
Xesp_010905	zf-C2H2.HG5.17:like:HIC1/HIC2/MECOM/MYNN/PATZ1/PRDM1/PRDM2/PRDM4/PRDM6/PRDM8/PRDM9/PRDM10/PRDM12/PRDM14/PRDM15/PRDM16/RLF/ZBTB2/ZBTB3/ZBTB8A/ZBTB17/ZBTB18/ZBTB21/ZBTB24/ZBTB25/ZBTB32/ZBTB38/ZBTB40/ZBTB42/ZBTB47/ZBTB49/ZNF652/ZNF654/ZNF683:likeclu:5/6/7/8/10/12/18/19/21/24/31	NA
Xesp_028290	zf-C2H2.HG5.17:like:HIC1/HIC2/MECOM/MYNN/PATZ1/PRDM1/PRDM2/PRDM4/PRDM6/PRDM8/PRDM9/PRDM10/PRDM12/PRDM14/PRDM15/PRDM16/RLF/ZBTB2/ZBTB3/ZBTB8A/ZBTB17/ZBTB18/ZBTB21/ZBTB24/ZBTB25/ZBTB32/ZBTB38/ZBTB40/ZBTB42/ZBTB47/ZBTB49/ZNF652/ZNF654/ZNF683:likeclu:5/6/7/8/10/12/18/19/21/24/31	NA
Xesp_028277	zf-C2H2.HG5.17:like:HIC1/HIC2/MECOM/MYNN/PATZ1/PRDM1/PRDM2/PRDM4/PRDM6/PRDM8/PRDM9/PRDM10/PRDM12/PRDM14/PRDM15/PRDM16/RLF/ZBTB2/ZBTB3/ZBTB8A/ZBTB17/ZBTB18/ZBTB21/ZBTB24/ZBTB25/ZBTB32/ZBTB38/ZBTB40/ZBTB42/ZBTB47/ZBTB49/ZNF652/ZNF654/ZNF683:likeclu:5/6/7/8/10/12/18/19/21/24/31	NA
Xesp_007916	zf-C2H2.HG5.17:like:HIC1/HIC2/MECOM/MYNN/PATZ1/PRDM1/PRDM2/PRDM4/PRDM6/PRDM8/PRDM9/PRDM10/PRDM12/PRDM14/PRDM15/PRDM16/RLF/ZBTB2/ZBTB3/ZBTB8A/ZBTB17/ZBTB18/ZBTB21/ZBTB24/ZBTB25/ZBTB32/ZBTB38/ZBTB40/ZBTB42/ZBTB47/ZBTB49/ZNF652/ZNF654/ZNF683:likeclu:5/6/7/8/10/12/18/19/21/24/31	NA
Xesp_007919	zf-C2H2.HG5.17:like:HIC1/HIC2/MECOM/MYNN/PATZ1/PRDM1/PRDM2/PRDM4/PRDM6/PRDM8/PRDM9/PRDM10/PRDM12/PRDM14/PRDM15/PRDM16/RLF/ZBTB2/ZBTB3/ZBTB8A/ZBTB17/ZBTB18/ZBTB21/ZBTB24/ZBTB25/ZBTB32/ZBTB38/ZBTB40/ZBTB42/ZBTB47/ZBTB49/ZNF652/ZNF654/ZNF683:likeclu:5/6/7/8/10/12/18/19/21/24/31	NA
Xesp_026646	zf-C2H2.HG5.17:like:HIC1/HIC2/MECOM/MYNN/PATZ1/PRDM1/PRDM2/PRDM4/PRDM6/PRDM8/PRDM9/PRDM10/PRDM12/PRDM14/PRDM15/PRDM16/RLF/ZBTB2/ZBTB3/ZBTB8A/ZBTB17/ZBTB18/ZBTB21/ZBTB24/ZBTB25/ZBTB32/ZBTB38/ZBTB40/ZBTB42/ZBTB47/ZBTB49/ZNF652/ZNF654/ZNF683:likeclu:5/6/7/8/10/12/18/19/21/24/31	NA
Xesp_026672	zf-C2H2.HG5.17:like:HIC1/HIC2/MECOM/MYNN/PATZ1/PRDM1/PRDM2/PRDM4/PRDM6/PRDM8/PRDM9/PRDM10/PRDM12/PRDM14/PRDM15/PRDM16/RLF/ZBTB2/ZBTB3/ZBTB8A/ZBTB17/ZBTB18/ZBTB21/ZBTB24/ZBTB25/ZBTB32/ZBTB38/ZBTB40/ZBTB42/ZBTB47/ZBTB49/ZNF652/ZNF654/ZNF683:likeclu:5/6/7/8/10/12/18/19/21/24/31	NA
Xesp_028236	zf-C2H2.HG5.17:like:HIC1/HIC2/MECOM/MYNN/PATZ1/PRDM1/PRDM2/PRDM4/PRDM6/PRDM8/PRDM9/PRDM10/PRDM12/PRDM14/PRDM15/PRDM16/RLF/ZBTB2/ZBTB3/ZBTB8A/ZBTB17/ZBTB18/ZBTB21/ZBTB24/ZBTB25/ZBTB32/ZBTB38/ZBTB40/ZBTB42/ZBTB47/ZBTB49/ZNF652/ZNF654/ZNF683:likeclu:5/6/7/8/10/12/18/19/21/24/31	NA
Xesp_023805	zf-C2H2.HG5.17:like:HIC1/HIC2/MECOM/MYNN/PATZ1/PRDM1/PRDM2/PRDM4/PRDM6/PRDM8/PRDM9/PRDM10/PRDM12/PRDM14/PRDM15/PRDM16/RLF/ZBTB2/ZBTB3/ZBTB8A/ZBTB17/ZBTB18/ZBTB21/ZBTB24/ZBTB25/ZBTB32/ZBTB38/ZBTB40/ZBTB42/ZBTB47/ZBTB49/ZNF652/ZNF654/ZNF683:likeclu:5/6/7/8/10/12/18/19/21/24/31	NA
Xesp_014585	zf-C2H2.HG5.17:like:HIC1/HIC2/MECOM/MYNN/PATZ1/PRDM1/PRDM2/PRDM4/PRDM6/PRDM8/PRDM9/PRDM10/PRDM12/PRDM14/PRDM15/PRDM16/RLF/ZBTB2/ZBTB3/ZBTB8A/ZBTB17/ZBTB18/ZBTB21/ZBTB24/ZBTB25/ZBTB32/ZBTB38/ZBTB40/ZBTB42/ZBTB47/ZBTB49/ZNF652/ZNF654/ZNF683:likeclu:5/6/7/8/10/12/18/19/21/24/31	NA
Xesp_008195	zf-C2H2.HG5.21:PRDM12	PRDM12
Xesp_002341	zf-C2H2.HG5.29:like:PRDM6:likeclu:31	NA
Xesp_002338	zf-C2H2.HG5.30:like:PRDM6:likeclu:31	NA
Xesp_002339	zf-C2H2.HG5.30:like:PRDM6:likeclu:31	NA
Xesp_003152	zf-C2H2.HG5.32:like:PRDM6:likeclu:31	NA
Xesp_002337	zf-C2H2.HG5.33:like:PRDM6:likeclu:31	NA
Xesp_015984	zf-C2H2.HG6.0:GLI1/GLI2/GLI3/GLIS1/GLIS2/GLIS3/ZIC1/ZIC2/ZIC3/ZIC4/ZIC5	GLIS2
Xesp_000356	zf-C2H2.HG6.0:GLI1/GLI2/GLI3/GLIS1/GLIS2/GLIS3/ZIC1/ZIC2/ZIC3/ZIC4/ZIC5	GLIS1/GLIS3
Xesp_009877	zf-C2H2.HG6.0:GLI1/GLI2/GLI3/GLIS1/GLIS2/GLIS3/ZIC1/ZIC2/ZIC3/ZIC4/ZIC5	GLI1/GLI2/GLI3
Xesp_014382	zf-C2H2.HG6.0:GLI1/GLI2/GLI3/GLIS1/GLIS2/GLIS3/ZIC1/ZIC2/ZIC3/ZIC4/ZIC5	islike:ZIC1/ZIC2/ZIC3/ZIC4/ZIC5
Xesp_014114	zf-C2H2.HG6.0:GLI1/GLI2/GLI3/GLIS1/GLIS2/GLIS3/ZIC1/ZIC2/ZIC3/ZIC4/ZIC5	islike:ZIC1/ZIC2/ZIC3/ZIC4/ZIC5
Xesp_024220	zf-C2H2.HG6.0:GLI1/GLI2/GLI3/GLIS1/GLIS2/GLIS3/ZIC1/ZIC2/ZIC3/ZIC4/ZIC5	ZIC1/ZIC2/ZIC3/ZIC4/ZIC5
Xesp_024217	zf-C2H2.HG6.0:GLI1/GLI2/GLI3/GLIS1/GLIS2/GLIS3/ZIC1/ZIC2/ZIC3/ZIC4/ZIC5	ZIC1/ZIC2/ZIC3/ZIC4/ZIC5
Xesp_024216	zf-C2H2.HG6.0:GLI1/GLI2/GLI3/GLIS1/GLIS2/GLIS3/ZIC1/ZIC2/ZIC3/ZIC4/ZIC5	ZIC1/ZIC2/ZIC3/ZIC4/ZIC5
Xesp_014013	zf-C4_Nuclear_receptors.HG1.17:ESRRA/NR4A1	islike:AR/ESR1/ESR2/ESRRA/ESRRB/ESRRG/HNF4A/HNF4G/NR2C1/NR2C2/NR2E1/NR2E3/NR2F1/NR2F2/NR2F6/NR3C1/NR3C2/NR5A1/NR5A2/NR6A1/PGR/RXRA/RXRB/RXRG
Xesp_018571	zf-C4_Nuclear_receptors.HG1.17:ESRRA/NR4A1	islike:AR/ESR1/ESR2/ESRRA/ESRRB/ESRRG/HNF4A/HNF4G/NR2C1/NR2C2/NR2E1/NR2E3/NR2F1/NR2F2/NR2F6/NR3C1/NR3C2/NR5A1/NR5A2/NR6A1/PGR/RXRA/RXRB/RXRG
Xesp_021975	zf-C4_Nuclear_receptors.HG1.17:ESRRA/NR4A1	islike:AR/ESR1/ESR2/ESRRA/ESRRB/ESRRG/HNF4A/HNF4G/NR2C1/NR2C2/NR2E1/NR2E3/NR2F1/NR2F2/NR2F6/NR3C1/NR3C2/NR5A1/NR5A2/NR6A1/PGR/RXRA/RXRB/RXRG
Xesp_008393	zf-C4_Nuclear_receptors.HG1.17:ESRRA/NR4A1	islike:AR/ESR1/ESR2/ESRRA/ESRRB/ESRRG/HNF4A/HNF4G/NR2C1/NR2C2/NR2E1/NR2E3/NR2F1/NR2F2/NR2F6/NR3C1/NR3C2/NR5A1/NR5A2/NR6A1/PGR/RXRA/RXRB/RXRG
Xesp_007799	zf-C4_Nuclear_receptors.HG1.20:NR3C1/NR3C2/NR6A1	NR6A1
Xesp_005422	zf-C4_Nuclear_receptors.HG1.29:HNF4A/HNF4G/NR2C1/NR2C2/NR2F6	HNF4A/HNF4G
Xesp_014779	zf-C4_Nuclear_receptors.HG1.29:HNF4A/HNF4G/NR2C1/NR2C2/NR2F6	NR2C1/NR2C2
Xesp_003082	zf-C4_Nuclear_receptors.HG1.29:HNF4A/HNF4G/NR2C1/NR2C2/NR2F6	NR2F1/NR2F2/NR2F6
Xesp_011440	zf-C4_Nuclear_receptors.HG1.33:like:HNF4A/HNF4G/NR2C1/NR2C2/NR2E1/NR2E3/NR2F1/NR2F2/NR2F6:likeclu:29/30/31/42/54	NA
Xesp_015523	zf-C4_Nuclear_receptors.HG1.37:like:NR2E1/NR2E3:likeclu:42/54	NA
Xesp_015958	zf-C4_Nuclear_receptors.HG1.42:NR2E3	islike:NR2E1
Xesp_002770	zf-CXXC.HG1.1:CXXC4/CXXC5/TET1/TET3	TET1/TET3
Xesp_004981	zf-CXXC.HG1.3:FBXL19/KDM2A/KDM2B	FBXL19/KDM2A/KDM2B
Xesp_016487	zf-CXXC.HG1.4:like:CXXC1/CXXC4/CXXC5/DNMT1/FBXL19/KDM2A/KDM2B/KMT2A/KMT2B/MBD1/TET1/TET3:likeclu:0/1/3/5/7	DNMT1
Xesp_014535	zf-CXXC.HG1.5:DNMT1/KMT2A/KMT2B	KMT2A/KMT2B
Xesp_003453	zf-CXXC.HG1.7:CXXC1	CXXC1
Xesp_008255	zf-met.HG10.0:ZMAT2	ZMAT2
Xesp_021645	zf-met.HG11.0:SF3A2	SF3A2
Xesp_003137	zf-met.HG12.0:SCAPER	SCAPER
Xesp_011810	zf-met.HG13.0:NA	NA
Xesp_000913	zf-met.HG18.0:AP002990/TUT1	AP002990/TUT1
Xesp_003389	zf-met.HG24.0:NA	NA
Xesp_005359	zf-met.HG3.0:like:ZMAT1/ZMAT3/ZMAT4/ZNF346/ZNF385A/ZNF385B/ZNF385C/ZNF385D:likeclu:2/6/7	NA
Xesp_003242	zf-met.HG3.1:like:ZMAT1/ZMAT3/ZMAT4/ZNF346/ZNF385A/ZNF385B/ZNF385C/ZNF385D:likeclu:2/6/7	NA
Xesp_000498	zf-met.HG4.0:like:ZFR/ZFR2:likeclu:2	NA
Xesp_011687	zf-met.HG4.0:like:ZFR/ZFR2:likeclu:2	NA
Xesp_003318	zf-met.HG4.1:like:ZFR/ZFR2:likeclu:2	NA
Xesp_001886	zf-met.HG4.2:ZFR/ZFR2	ZFR/ZFR2
Xesp_024433	zf-met.HG6.0:like:ZNF423:likeclu:2	NA
Xesp_000952	zf-met.HG6.1:like:ZNF423:likeclu:2	NA
Xesp_012811	zf-met.HG6.4:like:ZNF423:likeclu:2	NA
Xesp_022738	zf-met.HG6.4:like:ZNF423:likeclu:2	NA
Xesp_014041	zf-met.HG7.1:like:DNAJC21:likeclu:0	NA
Xesp_002190	zf-met.HG9.1:like:ZF_ZEB1/ZF_ZEB2/ZNF236:likeclu:0/3	NA
Xesp_002138	zf-MIZ.HG1.1:PIAS1/PIAS2/PIAS3/PIAS4	PIAS1/PIAS2/PIAS3/PIAS4
Xesp_008424	zf-MIZ.HG1.3:ZMIZ1/ZMIZ2	ZMIZ1/ZMIZ2
Xesp_008516	ARID_BRIGHT.HG3.0:ARID2	ARID2
Xesp_005127	Homeobox.HG6.2:CUT_CUX1/CUT_CUX2/CUT_ONECUT1/CUT_ONECUT2/CUT_ONECUT3	CUT_CUX1/CUT_CUX2/CUT_ONECUT1/CUT_ONECUT2/CUT_ONECUT3
Xesp_015375	Grainyhead_LSF.HG1.0:GRHL1/GRHL2/GRHL3	GRHL1/GRHL2/GRHL3
Xesp_016769	GTF2-like.HG1.2:GTF2IRD2/GTF2IRD2B	islike:GTF2I/GTF2IRD1/GTF2IRD2/GTF2IRD2B
Xesp_014082	Homeobox.HG1.13:like:LIM_ISL1/LIM_ISL2/LIM_LHX1/LIM_LHX2/LIM_LHX3/LIM_LHX4/LIM_LHX6/LIM_LHX8/LIM_LMX1A/LIM_LMX1B/POU_POU4F1/POU_POU4F2/POU_POU4F3/ZF_ZFHX2/ZF_ZFHX3/ZF_ZFHX4:likeclu:3/4/5/7/10/14/15/19	POU_POU4F1/POU_POU4F2/POU_POU4F3
Xesp_002309	Homeobox.HG1.46:like:PRD_PAX3/PRD_PAX7:likeclu:44/45	PRD_PAX3/PRD_PAX7
Xesp_014248	Homeobox.HG1.50:like:PRD_PAX3/PRD_PAX4/PRD_PAX6/PRD_PAX7:likeclu:44/45/53/55	NA
Xesp_015856	Homeobox.HG1.52:like:PRD_PAX4:likeclu:53	NA
Xesp_011610	Homeobox.HG5.1:POU_POU3F1/POU_POU3F2/POU_POU3F3/POU_POU3F4	POU_POU3F1/POU_POU3F2/POU_POU3F3/POU_POU3F4
Xesp_011611	Homeobox.HG5.4:like:POU_POU1F1/POU_POU2F1/POU_POU2F2/POU_POU2F3/POU_POU5F1/POU_POU5F1B/POU_POU5F2/POU_POU6F1/POU_POU6F2:likeclu:2/3/6/9	NA
Xesp_010298	Homeobox.HG5.6:POU_POU1F1	POU_POU1F1
Xesp_010814	Homeobox.HG5.6:POU_POU1F1	POU_POU1F1
Xesp_009428	Homeobox.HG5.9:POU_POU6F1/POU_POU6F2	POU_POU6F1/POU_POU6F2
Xesp_011878	Myb.HG4.4:MIER1/MIER2/MIER3/NCOR1/NCOR2	MIER1/MIER2/MIER3/MTA1/MTA3
Xesp_025203	zf-C2H2.HG15.0:ZNF622	ZNF622
Xesp_020835	zf-C2H2.HG3.66:like:ZNF512:likeclu:68	NA
Xesp_020855	zf-C2H2.HG3.66:like:ZNF512:likeclu:68	NA
Xesp_021733	zf-C2H2.HG5.10:HIC2/PRDM1/PRDM10/PRDM15/PRDM2/PRDM4/RLF/ZNF683	islike:RLF
