Hvul_g22237_1	AF-4.HG1.0:AFF1/AFF2/AFF3/AFF4	AFF1/AFF2/AFF3/AFF4
Hvul_g17848_1	AP-2.HG1.0:TFAP2A/TFAP2B/TFAP2C/TFAP2D/TFAP2E	islike:TFAP2A/TFAP2B/TFAP2C/TFAP2D/TFAP2E
Hvul_g5001_1	ARID_BRIGHT.HG1.0:like:ARID4A/ARID4B:likeclu:1	NA
Hvul_g246_1	ARID_BRIGHT.HG1.1:ARID4A/ARID4B	ARID4A/ARID4B
Hvul_g7519_1	ARID_BRIGHT.HG1.2:ARID5A/ARID5B	ARID5A/ARID5B
Hvul_g1518_1	ARID_BRIGHT.HG1.3:ARID1A/ARID1B	ARID1A/ARID1B
Hvul_g30963_1	ARID_BRIGHT.HG1.4:ARID3A/ARID3B/ARID3C	ARID3A/ARID3B/ARID3C
Hvul_g16394_1	ARID_BRIGHT.HG1.6:like:ARID3A/ARID3B/ARID3C:likeclu:4	NA
Hvul_g7761_1	ARID_BRIGHT.HG2.0:JARID2	JARID2
Hvul_g22450_1	ARID_BRIGHT.HG2.2:KDM5A/KDM5B/KDM5C/KDM5D	KDM5A/KDM5B/KDM5C/KDM5D
Hvul_g31225_1	ARID_BRIGHT.HG3.0:ARID2	ARID2
Hvul_g19201_1	Brinker.HG1.2:like:POGK:likeclu:3	NA
Hvul_g2721_1	Brinker.HG1.3:POGK	POGK
Hvul_g12824_1	Brinker.HG1.3:POGK	POGK
Hvul_g28606_1	bZIP.HG1.2:ATF4/ATF5	ATF4/ATF5
Hvul_g31652_1	bZIP.HG1.3:like:DBP/HLF/NFIL3/TEF:likeclu:12/16	NA
Hvul_g10604_1	bZIP.HG1.5:CEBPA/CEBPB/CEBPD/CEBPE/CEBPG	CEBPA/CEBPB/CEBPD/CEBPE
Hvul_g16442_1	bZIP.HG1.5:CEBPA/CEBPB/CEBPD/CEBPE/CEBPG	islike:CEBPA/CEBPB/CEBPD/CEBPE
Hvul_g25540_1	bZIP.HG1.7:ATF2/ATF7/CREB5	ATF2/ATF7/CREB5
Hvul_g11443_1	bZIP.HG1.8:BATF/BATF2	BATF/BATF2
Hvul_g32128_1	bZIP.HG1.13:like:ATF3/FOS/FOSB/FOSL1/FOSL2/JDP2:likeclu:19/23	NA
Hvul_g1409_1	bZIP.HG1.15:like:DBP/HLF/NFIL3/TEF:likeclu:12/16	NA
Hvul_g23720_1	bZIP.HG1.18:like:FOS/FOSB/FOSL1/FOSL2:likeclu:19	NA
Hvul_g21606_1	bZIP.HG1.19:FOS/FOSB/FOSL1/FOSL2	FOS/FOSB/FOSL1/FOSL2
Hvul_g32858_1	bZIP.HG1.20:like:DBP/HLF/NFIL3/TEF:likeclu:12/16	NA
Hvul_g30087_1	bZIP.HG1.24:like:DBP/HLF/NFIL3/TEF:likeclu:12/16	NA
Hvul_g16628_1	bZIP.HG2.0:MAF/MAFA/MAFB/NRL	MAF/MAFA/MAFB/NRL
Hvul_g18364_1	bZIP.HG2.1:MAFF/MAFG/MAFK	MAFF/MAFG/MAFK
Hvul_g5916_1	bZIP.HG3.0:like:CREBZF:likeclu:1	NA
Hvul_g23428_1	bZIP.HG3.4:CREB3/CREB3L3/CREB3L4	CREB3/CREB3L3/CREB3L4
Hvul_g32585_1	bZIP.HG3.5:CREB3L1/CREB3L2	CREB3L1/CREB3L2
Hvul_g1450_1	bZIP.HG4.1:JUN/JUNB/JUND	islike:JUN/JUNB/JUND
Hvul_g2328_1	bZIP.HG4.1:JUN/JUNB/JUND	islike:JUN/JUNB/JUND
Hvul_g16491_1	bZIP.HG5.1:ATF1/CREB1/CREM	ATF1/CREB1/CREM
Hvul_g28368_1	bZIP.HG6.0:BACH1/BACH2/NFE2/NFE2L1/NFE2L2/NFE2L3	NFE2/NFE2L1/NFE2L2/NFE2L3
Hvul_g10594_1	bZIP.HG7.0:XBP1	XBP1
Hvul_g31026_1	bZIP.HG7.0:XBP1	XBP1
Hvul_g15360_1	bZIP.HG8.0:ATF6/ATF6B	ATF6/ATF6B
Hvul_g3929_1	CSD.HG1.3:CSDE1	CSDE1
Hvul_g21201_1	CSD.HG1.4:CARHSP1/CSDC2	CARHSP1/CSDC2
Hvul_g10565_1	CSD.HG1.6:YBX1/YBX2/YBX3	YBX1/YBX2/YBX3
Hvul_g27484_1	Doublesex_DM.HG1.10:like:DMRT1/DMRT2/DMRT3/DMRTA1/DMRTA2/DMRTC2:likeclu:9/14/17/18	NA
Hvul_g3847_1	Doublesex_DM.HG1.13:like:DMRT1/DMRT3/DMRTA1/DMRTA2/DMRTC2:likeclu:14/17/18	NA
Hvul_g25127_1	Doublesex_DM.HG1.14:DMRTA1/DMRTA2	DMRTA1/DMRTA2
Hvul_g21761_1	Doublesex_DM.HG1.15:like:DMRT1/DMRT2/DMRT3/DMRTA1/DMRTA2/DMRTC2:likeclu:9/14/17/18	NA
Hvul_g7632_1	Doublesex_DM.HG1.16:like:DMRT1/DMRT2/DMRT3/DMRTA1/DMRTA2/DMRTC2:likeclu:9/14/17/18	NA
Hvul_g12591_1	E2F_TDP.HG1.0:E2F4/E2F5	E2F4/E2F5
Hvul_g2419_1	E2F_TDP.HG1.1:E2F1/E2F2/E2F3/E2F6	islike:E2F1/E2F2/E2F3/E2F6
Hvul_g14901_1	E2F_TDP.HG2.1:TFDP1/TFDP2/TFDP3	TFDP1/TFDP2/TFDP3
Hvul_g5731_1	E2F_TDP.HG3.0:E2F7/E2F8	E2F7/E2F8
Hvul_g886_1	Ets.HG1.3:like:AC020909/EHF/ELF1/ELF2/ELF3/ELF4/ELF5/ELK1/ELK3/ELK4/ERF/ERG/ETS1/ETS2/ETV1/ETV2/ETV3/ETV3L/ETV4/ETV5/ETV6/ETV7/FEV/FLI1/GABPA/SPDEF/SPI1/SPIB/SPIC:likeclu:1/4/5/6/7/8/10/13/14/15/17	NA
Hvul_g29973_1	Ets.HG1.5:GABPA	GABPA
Hvul_g8464_1	Ets.HG1.8:ERG/FEV/FLI1	islike:ERG/FEV/FLI1
Hvul_g5525_1	Ets.HG1.8:ERG/FEV/FLI1	islike:ERG/FEV/FLI1
Hvul_g28310_1	Ets.HG1.10:ETV1/ETV4/ETV5	ETV1/ETV4/ETV5
Hvul_g12434_1	Ets.HG1.12:like:AC020909/EHF/ELF1/ELF2/ELF3/ELF4/ELF5/ETV6/ETV7/SPDEF/SPI1/SPIB/SPIC:likeclu:13/14/15/17	NA
Hvul_g12442_1	Ets.HG1.12:like:AC020909/EHF/ELF1/ELF2/ELF3/ELF4/ELF5/ETV6/ETV7/SPDEF/SPI1/SPIB/SPIC:likeclu:13/14/15/17	NA
Hvul_g12436_1	Ets.HG1.12:like:AC020909/EHF/ELF1/ELF2/ELF3/ELF4/ELF5/ETV6/ETV7/SPDEF/SPI1/SPIB/SPIC:likeclu:13/14/15/17	NA
Hvul_g12439_1	Ets.HG1.12:like:AC020909/EHF/ELF1/ELF2/ELF3/ELF4/ELF5/ETV6/ETV7/SPDEF/SPI1/SPIB/SPIC:likeclu:13/14/15/17	NA
Hvul_g12447_1	Ets.HG1.12:like:AC020909/EHF/ELF1/ELF2/ELF3/ELF4/ELF5/ETV6/ETV7/SPDEF/SPI1/SPIB/SPIC:likeclu:13/14/15/17	NA
Hvul_g15327_1	Ets.HG1.15:AC020909/EHF/ELF3/ELF5/SPI1/SPIB/SPIC	islike:EHF/ELF3/ELF5
Hvul_g32727_1	FAR_FHY3.HG1.0:NA	NA
Hvul_g29660_1	FAR_FHY3.HG1.0:NA	NA
Hvul_g14040_1	FAR_FHY3.HG1.1:NA	NA
Hvul_g3663_1	FAR_FHY3.HG1.1:NA	NA
Hvul_g13289_1	FAR_FHY3.HG1.2:NA	NA
Hvul_g5794_1	FAR_FHY3.HG1.4:NA	NA
Hvul_g31557_1	FAR_FHY3.HG1.4:NA	NA
Hvul_g4387_1	FAR_FHY3.HG1.5:NA	NA
Hvul_g1164_1	FAR_FHY3.HG1.8:NA	NA
Hvul_g1979_1	Forkhead.HG1.4:FOXJ2/FOXJ3	FOXJ3
Hvul_g15144_1	Forkhead.HG1.6:FOXN2/FOXN3	FOXN2/FOXN3
Hvul_g7675_1	Forkhead.HG1.9:FOXK1/FOXK2	FOXK1/FOXK2
Hvul_g8279_1	Forkhead.HG1.10:FOXJ1	FOXJ1
Hvul_g30219_1	Forkhead.HG1.14:FOXC1/FOXC2	FOXC1/FOXC2
Hvul_g12217_1	Forkhead.HG1.23:FOXB1/FOXB2	FOXB1/FOXB2
Hvul_g24126_1	Forkhead.HG1.24:FOXA1/FOXA2/FOXA3	FOXA1/FOXA2/FOXA3
Hvul_g32304_1	Forkhead.HG2.1:NA	NA
Hvul_g5577_1	Forkhead.HG2.1:NA	NA
Hvul_g11764_1	Forkhead.HG2.1:NA	NA
Hvul_g5578_1	Forkhead.HG2.1:NA	NA
Hvul_g28449_1	Forkhead.HG2.3:NA	NA
Hvul_g33493_1	Forkhead.HG3.1:FOXO1/FOXO3/FOXO4/FOXO6	islike:FOXO1/FOXO3/FOXO4/FOXO6
Hvul_g3075_1	Forkhead.HG4.0:FOXP1/FOXP2/FOXP3/FOXP4	FOXP3
Hvul_g25835_1	Forkhead.HG5.0:FOXN1/FOXN4/FOXR1/FOXR2	FOXN1/FOXN4/FOXR1/FOXR2
Hvul_g8940_1	GATA.HG1.1:ZGLP1	ZGLP1
Hvul_g20911_1	GATA.HG1.8:GATA1/GATA2/GATA3	islike:GATA1
Hvul_g33668_1	GATA.HG2.1:RERE	RERE
Hvul_g14267_1	Grainyhead_LSF.HG1.0:GRHL1/GRHL2/GRHL3	GRHL1/GRHL2/GRHL3
Hvul_g18025_1	Grainyhead_LSF.HG2.0:TFCP2/TFCP2L1/UBP1	TFCP2/TFCP2L1/UBP1
Hvul_g26087_1	HLH.HG1.3:like:ATOH1/ATOH7/ATOH8/BHLHA9/BHLHA15/BHLHE22/BHLHE23/NEUROD1/NEUROD2/NEUROD4/NEUROD6/NEUROG1/NEUROG2/NEUROG3/OLIG1/OLIG2/OLIG3:likeclu:13/14/18/23/25/46/47	NA
Hvul_g4301_1	HLH.HG1.3:like:ATOH1/ATOH7/ATOH8/BHLHA9/BHLHA15/BHLHE22/BHLHE23/NEUROD1/NEUROD2/NEUROD4/NEUROD6/NEUROG1/NEUROG2/NEUROG3/OLIG1/OLIG2/OLIG3:likeclu:13/14/18/23/25/46/47	NA
Hvul_g2490_1	HLH.HG1.14:NEUROD1/NEUROD2/NEUROD4/NEUROD6/NEUROG1/NEUROG2/NEUROG3	NEUROD1/NEUROD2/NEUROD4/NEUROD6/NEUROG1/NEUROG2/NEUROG3
Hvul_g10615_1	HLH.HG1.18:BHLHA15	BHLHA15
Hvul_g368_1	HLH.HG1.21:PTF1A	PTF1A
Hvul_g19709_1	HLH.HG1.21:PTF1A	islike:PTF1A
Hvul_g15158_1	HLH.HG1.24:like:ATOH8:likeclu:25	NA
Hvul_g8553_1	HLH.HG1.25:ATOH8	ATOH8
Hvul_g9841_1	HLH.HG1.34:SCX/TCF15	SCX/TCF15
Hvul_g26749_1	HLH.HG1.37:like:ASCL1/ASCL2/ASCL3/ASCL4/ASCL5/FERD3L/FIGLA/HAND1/HAND2/ID1/ID2/ID3/ID4/LYL1/MSC/NHLH1/NHLH2/PTF1A/SCX/TAL1/TAL2/TCF15/TCF21/TCF23/TCF24/TWIST1/TWIST2:likeclu:9/21/22/26/27/31/33/34/36/38/40/44/45	NA
Hvul_g8607_1	HLH.HG1.45:ASCL1/ASCL2	ASCL1/ASCL2
Hvul_g3034_1	HLH.HG1.52:like:ASCL1/ASCL2:likeclu:45	NA
Hvul_g31632_1	HLH.HG2.6:like:HES1/HES2/HES3/HES4/HES5/HES6/HES7:likeclu:13	NA
Hvul_g6658_1	HLH.HG2.18:CCDC169/SOHLH2	CCDC169/SOHLH2
Hvul_g16274_1	HLH.HG2.21:MAX	MAX
Hvul_g5395_1	HLH.HG2.21:MAX	islike:MAX
Hvul_g10700_1	HLH.HG2.25:MNT/MXD1/MXD3/MXD4/MXI1	MNT
Hvul_g29578_1	HLH.HG2.25:MNT/MXD1/MXD3/MXD4/MXI1	islike:MXD1/MXD3/MXD4/MXI1
Hvul_g11571_1	HLH.HG2.26:like:MYC/MYCL/MYCN:likeclu:27	NA
Hvul_g28684_1	HLH.HG2.27:MYC/MYCL/MYCN	MYC/MYCL/MYCN
Hvul_g15735_1	HLH.HG2.27:MYC/MYCL/MYCN	MYC/MYCL/MYCN
Hvul_g5732_1	HLH.HG2.27:MYC/MYCL/MYCN	islike:MYC/MYCL/MYCN
Hvul_g23599_1	HLH.HG2.29:MGA/MLXIP/MLXIPL	MLXIP/MLXIPL
Hvul_g3974_1	HLH.HG2.29:MGA/MLXIP/MLXIPL	MGA
Hvul_g13473_1	HLH.HG2.30:MLX	MLX
Hvul_g24113_1	HLH.HG3.0:TFAP4	TFAP4
Hvul_g31654_1	HLH.HG3.1:SREBF1/SREBF2	SREBF1/SREBF2
Hvul_g27264_1	HLH.HG3.3:like:USF1/USF2/USF3:likeclu:5/6	NA
Hvul_g10536_1	HLH.HG3.4:MITF/TFE3/TFEB/TFEC	MITF/TFE3/TFEB/TFEC
Hvul_g21570_1	HLH.HG3.6:USF1/USF2	USF1/USF2
Hvul_g7807_1	HLH.HG4.0:AC019117/AHR/AHRR/NCOA1/NPAS1/SIM1	AC019117/AHR/AHRR
Hvul_g32465_1	HLH.HG4.1:ARNT/ARNT2/ARNTL/ARNTL2	ARNT/ARNT2
Hvul_g2666_1	HLH.HG5.0:TCF12/TCF3/TCF4	TCF12/TCF3/TCF4
Hvul_g16120_1	HMGbox_Sox.HG1.1:like:BBX/CIC/HBP1:likeclu:4/6	NA
Hvul_g18479_1	HMGbox_Sox.HG1.4:BBX/CIC	CIC
Hvul_g12887_1	HMGbox_Sox.HG1.6:HBP1	HBP1
Hvul_g13156_1	HMGbox_Sox.HG1.7:like:BHMG1/SOX1/SOX2/SOX3/SOX14/SOX15/SOX21/SRY:likeclu:18/26/28	NA
Hvul_g1836_1	HMGbox_Sox.HG1.8:SOX30	islike:SOX30
Hvul_g7008_1	HMGbox_Sox.HG1.8:SOX30	islike:SOX30
Hvul_g10457_1	HMGbox_Sox.HG1.8:SOX30	islike:SOX30
Hvul_g1858_1	HMGbox_Sox.HG1.8:SOX30	islike:SOX30
Hvul_g1850_1	HMGbox_Sox.HG1.8:SOX30	islike:SOX30
Hvul_g1843_1	HMGbox_Sox.HG1.8:SOX30	islike:SOX30
Hvul_g11299_1	HMGbox_Sox.HG1.9:SOX11/SOX12/SOX4	SOX11/SOX12/SOX4
Hvul_g23666_1	HMGbox_Sox.HG1.12:like:BHMG1/SOX1/SOX2/SOX3/SOX14/SOX15/SOX21/SRY:likeclu:18/26/28	NA
Hvul_g19261_1	HMGbox_Sox.HG1.13:like:BHMG1/SOX1/SOX2/SOX3/SOX14/SOX15/SOX21/SRY:likeclu:18/26/28	NA
Hvul_g507_1	HMGbox_Sox.HG1.15:like:BHMG1/SOX1/SOX2/SOX3/SOX14/SOX15/SOX21/SRY:likeclu:18/26/28	NA
Hvul_g28037_1	HMGbox_Sox.HG1.17:like:BHMG1/SOX1/SOX2/SOX3/SOX14/SOX15/SOX21/SRY:likeclu:18/26/28	NA
Hvul_g12567_1	HMGbox_Sox.HG1.20:like:BHMG1/SOX14/SOX21:likeclu:26/28	NA
Hvul_g19151_1	HMGbox_Sox.HG1.22:like:SOX8/SOX9/SOX10:likeclu:23	NA
Hvul_g26492_1	HMGbox_Sox.HG2.1:like:HMG20A/HMG20B/HMGXB4/PMS1/TFAM/TOX/TOX2/TOX3/TOX4/UBTF/UBTFL1:likeclu:7/8/9/12/14/16	NA
Hvul_g19825_1	HMGbox_Sox.HG2.7:TOX/TOX2/TOX3/TOX4	TOX/TOX2/TOX3/TOX4
Hvul_g5370_1	HMGbox_Sox.HG2.9:HMG20A/HMG20B	HMG20A/HMG20B
Hvul_g5358_1	HMGbox_Sox.HG2.9:HMG20A/HMG20B	HMG20A/HMG20B
Hvul_g2489_1	HMGbox_Sox.HG2.11:like:HMGXB4:likeclu:12	NA
Hvul_g29636_1	HMGbox_Sox.HG2.12:HMGXB4	HMGXB4
Hvul_g24976_1	HMGbox_Sox.HG2.16:TFAM	islike:TFAM
Hvul_g29851_1	HMGbox_Sox.HG2.17:SSRP1	SSRP1
Hvul_g6960_1	HMGbox_Sox.HG2.20:like:SSRP1:likeclu:17	NA
Hvul_g33646_1	HMGbox_Sox.HG2.21:like:SSRP1:likeclu:17	NA
Hvul_g27364_1	HMGbox_Sox.HG3.0:like:LEF1/TCF7/TCF7L1/TCF7L2:likeclu:1	NA
Hvul_g7498_1	HMGbox_Sox.HG4.0:like:SMARCE1:likeclu:1	NA
Hvul_g33068_1	HMGbox_Sox.HG4.1:SMARCE1	SMARCE1
Hvul_g18518_1	Homeodomains.HG11.0:like:CUT_CUX1/CUT_CUX2/CUT_ONECUT1/CUT_ONECUT2/CUT_ONECUT3/CUT_SATB1/CUT_SATB2:likeclu:1/4/5	NA
Hvul_g20769_1	Homeodomains.HG13.0:TALE_IRX1/TALE_IRX2/TALE_IRX3/TALE_IRX4/TALE_IRX6/TALE_MKX	islike:TALE_IRX1/TALE_IRX2/TALE_IRX3/TALE_IRX4/TALE_IRX6
Hvul_g5621_1	Homeodomains.HG14.1:like:PRD_PITX1/PRD_PITX2:likeclu:2	NA
Hvul_g26585_1	Homeodomains.HG15.3:TALE_PBX1/TALE_PBX2/TALE_PBX3/TALE_PBX4	TALE_PBX1/TALE_PBX3/TALE_PBX4
Hvul_g21489_1	Homeodomains.HG15.3:TALE_PBX1/TALE_PBX2/TALE_PBX3/TALE_PBX4	TALE_PBX1/TALE_PBX3/TALE_PBX4
Hvul_g2192_1	Homeodomains.HG17.1:LIM_LMX1A/LIM_LMX1B	LIM_LMX1A/LIM_LMX1B
Hvul_g9045_1	Homeodomains.HG19.0:POU_POU4F1/POU_POU4F2/POU_POU4F3	POU_POU4F1/POU_POU4F2/POU_POU4F3
Hvul_g9175_1	Homeodomains.HG1.0:like:ANTP_EN1/ANTP_EN2/ANTP_HHEX/ANTP_LBX1/ANTP_LBX2/ANTP_TLX1/ANTP_TLX2/ANTP_TLX3/LIM_LHX1/LIM_LHX2/LIM_LHX3/LIM_LHX4/LIM_LHX6/LIM_LHX8/PAX1/PAX9/PRD_PAX2/PRD_PAX3/PRD_PAX4/PRD_PAX5/PRD_PAX6/PRD_PAX7/PRD_PAX8/PRD_RHOXF1/ZF_HOMEZ/ZF_ZFHX2/ZF_ZFHX3/ZF_ZFHX4/ZF_ZHX1/ZF_ZHX2/ZF_ZHX3:likeclu:7/9/11/16/20/22/23/27/28/29/31/32	NA
Hvul_g29121_1	Homeodomains.HG1.0:like:ANTP_EN1/ANTP_EN2/ANTP_HHEX/ANTP_LBX1/ANTP_LBX2/ANTP_TLX1/ANTP_TLX2/ANTP_TLX3/LIM_LHX1/LIM_LHX2/LIM_LHX3/LIM_LHX4/LIM_LHX6/LIM_LHX8/PAX1/PAX9/PRD_PAX2/PRD_PAX3/PRD_PAX4/PRD_PAX5/PRD_PAX6/PRD_PAX7/PRD_PAX8/PRD_RHOXF1/ZF_HOMEZ/ZF_ZFHX2/ZF_ZFHX3/ZF_ZFHX4/ZF_ZHX1/ZF_ZHX2/ZF_ZHX3:likeclu:7/9/11/16/20/22/23/27/28/29/31/32	NA
Hvul_g10169_1	Homeodomains.HG1.0:like:ANTP_EN1/ANTP_EN2/ANTP_HHEX/ANTP_LBX1/ANTP_LBX2/ANTP_TLX1/ANTP_TLX2/ANTP_TLX3/LIM_LHX1/LIM_LHX2/LIM_LHX3/LIM_LHX4/LIM_LHX6/LIM_LHX8/PAX1/PAX9/PRD_PAX2/PRD_PAX3/PRD_PAX4/PRD_PAX5/PRD_PAX6/PRD_PAX7/PRD_PAX8/PRD_RHOXF1/ZF_HOMEZ/ZF_ZFHX2/ZF_ZFHX3/ZF_ZFHX4/ZF_ZHX1/ZF_ZHX2/ZF_ZHX3:likeclu:7/9/11/16/20/22/23/27/28/29/31/32	NA
Hvul_g3559_1	Homeodomains.HG1.9:ANTP_EN1/ANTP_EN2/ANTP_HHEX/ANTP_LBX1/ANTP_LBX2/ANTP_TLX1/ANTP_TLX2/ANTP_TLX3	islike:ANTP_EN1/ANTP_EN2/ANTP_HHEX/ANTP_LBX1/ANTP_LBX2/ANTP_TLX1/ANTP_TLX2/ANTP_TLX3
Hvul_g30386_1	Homeodomains.HG1.9:ANTP_EN1/ANTP_EN2/ANTP_HHEX/ANTP_LBX1/ANTP_LBX2/ANTP_TLX1/ANTP_TLX2/ANTP_TLX3	islike:ANTP_HHEX/ANTP_LBX1/ANTP_LBX2
Hvul_g32274_1	Homeodomains.HG1.9:ANTP_EN1/ANTP_EN2/ANTP_HHEX/ANTP_LBX1/ANTP_LBX2/ANTP_TLX1/ANTP_TLX2/ANTP_TLX3	islike:ANTP_EN1/ANTP_EN2/ANTP_HHEX/ANTP_LBX1/ANTP_LBX2/ANTP_TLX1/ANTP_TLX2/ANTP_TLX3
Hvul_g1989_1	Homeodomains.HG1.9:ANTP_EN1/ANTP_EN2/ANTP_HHEX/ANTP_LBX1/ANTP_LBX2/ANTP_TLX1/ANTP_TLX2/ANTP_TLX3	islike:ANTP_EN1/ANTP_EN2/ANTP_HHEX/ANTP_LBX1/ANTP_LBX2/ANTP_TLX1/ANTP_TLX2/ANTP_TLX3
Hvul_g24677_1	Homeodomains.HG1.9:ANTP_EN1/ANTP_EN2/ANTP_HHEX/ANTP_LBX1/ANTP_LBX2/ANTP_TLX1/ANTP_TLX2/ANTP_TLX3	ANTP_HHEX
Hvul_g14674_1	Homeodomains.HG1.9:ANTP_EN1/ANTP_EN2/ANTP_HHEX/ANTP_LBX1/ANTP_LBX2/ANTP_TLX1/ANTP_TLX2/ANTP_TLX3	islike:ANTP_EN1/ANTP_EN2/ANTP_HHEX/ANTP_LBX1/ANTP_LBX2/ANTP_TLX1/ANTP_TLX2/ANTP_TLX3
Hvul_g28302_1	Homeodomains.HG1.10:like:PAX1/PAX9/PRD_PAX2/PRD_PAX3/PRD_PAX4/PRD_PAX5/PRD_PAX6/PRD_PAX7/PRD_PAX8/PRD_RHOXF1:likeclu:16/20/22/31/32	NA
Hvul_g20916_1	Homeodomains.HG1.22:PRD_PAX2/PRD_PAX5/PRD_PAX8	islike:PRD_PAX2/PRD_PAX5/PRD_PAX8
Hvul_g28508_1	Homeodomains.HG1.23:ZF_ZFHX2/ZF_ZFHX3/ZF_ZFHX4	ZF_ZFHX2/ZF_ZFHX3/ZF_ZFHX4
Hvul_g25485_1	Homeodomains.HG1.23:ZF_ZFHX2/ZF_ZFHX3/ZF_ZFHX4	ZF_ZFHX2/ZF_ZFHX3/ZF_ZFHX4
Hvul_g6924_1	Homeodomains.HG1.23:ZF_ZFHX2/ZF_ZFHX3/ZF_ZFHX4	ZF_ZFHX2/ZF_ZFHX3/ZF_ZFHX4
Hvul_g23280_1	Homeodomains.HG1.23:ZF_ZFHX2/ZF_ZFHX3/ZF_ZFHX4	ZF_ZFHX2/ZF_ZFHX3/ZF_ZFHX4
Hvul_g20405_1	Homeodomains.HG1.23:ZF_ZFHX2/ZF_ZFHX3/ZF_ZFHX4	ZF_ZFHX2/ZF_ZFHX3/ZF_ZFHX4
Hvul_g2461_1	Homeodomains.HG1.25:like:PRD_PAX4/PRD_PAX6:likeclu:31/32	NA
Hvul_g10379_1	Homeodomains.HG1.27:LIM_LHX6/LIM_LHX8	LIM_LHX6/LIM_LHX8
Hvul_g2187_1	Homeodomains.HG1.28:LIM_LHX2	LIM_LHX2
Hvul_g8000_1	Homeodomains.HG1.29:LIM_LHX1/LIM_LHX3/LIM_LHX4	LIM_LHX1/LIM_LHX3/LIM_LHX4
Hvul_g31399_1	Homeodomains.HG1.34:like:PRD_PAX4/PRD_PAX6:likeclu:31/32	NA
Hvul_g24830_1	Homeodomains.HG1.38:like:ANTP_EN1/ANTP_EN2/ANTP_HHEX/ANTP_LBX1/ANTP_LBX2/ANTP_TLX1/ANTP_TLX2/ANTP_TLX3/LIM_LHX1/LIM_LHX2/LIM_LHX3/LIM_LHX4/LIM_LHX6/LIM_LHX8/PAX1/PAX9/PRD_PAX2/PRD_PAX3/PRD_PAX4/PRD_PAX5/PRD_PAX6/PRD_PAX7/PRD_PAX8/PRD_RHOXF1/ZF_HOMEZ/ZF_ZFHX2/ZF_ZFHX3/ZF_ZFHX4/ZF_ZHX1/ZF_ZHX2/ZF_ZHX3:likeclu:7/9/11/16/20/22/23/27/28/29/31/32	NA
Hvul_g21879_1	Homeodomains.HG1.39:like:ANTP_EN1/ANTP_EN2/ANTP_HHEX/ANTP_LBX1/ANTP_LBX2/ANTP_TLX1/ANTP_TLX2/ANTP_TLX3/LIM_LHX1/LIM_LHX2/LIM_LHX3/LIM_LHX4/LIM_LHX6/LIM_LHX8/PAX1/PAX9/PRD_PAX2/PRD_PAX3/PRD_PAX4/PRD_PAX5/PRD_PAX6/PRD_PAX7/PRD_PAX8/PRD_RHOXF1/ZF_HOMEZ/ZF_ZFHX2/ZF_ZFHX3/ZF_ZFHX4/ZF_ZHX1/ZF_ZHX2/ZF_ZHX3:likeclu:7/9/11/16/20/22/23/27/28/29/31/32	NA
Hvul_g10099_1	Homeodomains.HG1.40:like:ANTP_EN1/ANTP_EN2/ANTP_HHEX/ANTP_LBX1/ANTP_LBX2/ANTP_TLX1/ANTP_TLX2/ANTP_TLX3/LIM_LHX1/LIM_LHX2/LIM_LHX3/LIM_LHX4/LIM_LHX6/LIM_LHX8/PAX1/PAX9/PRD_PAX2/PRD_PAX3/PRD_PAX4/PRD_PAX5/PRD_PAX6/PRD_PAX7/PRD_PAX8/PRD_RHOXF1/ZF_HOMEZ/ZF_ZFHX2/ZF_ZFHX3/ZF_ZFHX4/ZF_ZHX1/ZF_ZHX2/ZF_ZHX3:likeclu:7/9/11/16/20/22/23/27/28/29/31/32	NA
Hvul_g18251_1	Homeodomains.HG2.0:like:Other_CPHX1/Other_CPHX2/PRD_ALX1/PRD_ALX3/PRD_ALX4/PRD_ARGFX/PRD_ARX/PRD_CRX/PRD_DMBX1/PRD_DPRX/PRD_DRGX/PRD_ESX1/PRD_GSC/PRD_GSC2/PRD_HESX1/PRD_ISX/PRD_LEUTX/PRD_MIXL1/PRD_NOBOX/PRD_OTP/PRD_OTX1/PRD_OTX2/PRD_PHOX2A/PRD_PROP1/PRD_PRRX1/PRD_PRRX2/PRD_RAX/PRD_RAX2/PRD_RHOXF2/PRD_RHOXF2B/PRD_SEBOX/PRD_SHOX/PRD_SHOX2/PRD_TPRX1/PRD_UNCX/PRD_VSX1/PRD_VSX2:likeclu:4/10/11/13/16/18/20/21/22/28/29/30/31/32/34/35/40/42/43/45/48/49/50	NA
Hvul_g10518_1	Homeodomains.HG2.7:like:Other_CPHX1/Other_CPHX2/PRD_ALX1/PRD_ALX3/PRD_ALX4/PRD_ARGFX/PRD_ARX/PRD_CRX/PRD_DMBX1/PRD_DPRX/PRD_DRGX/PRD_ESX1/PRD_GSC/PRD_GSC2/PRD_ISX/PRD_LEUTX/PRD_MIXL1/PRD_NOBOX/PRD_OTP/PRD_OTX1/PRD_OTX2/PRD_PHOX2A/PRD_PROP1/PRD_PRRX1/PRD_PRRX2/PRD_RAX/PRD_RAX2/PRD_RHOXF2/PRD_RHOXF2B/PRD_SEBOX/PRD_SHOX/PRD_SHOX2/PRD_UNCX/PRD_VSX1/PRD_VSX2:likeclu:10/11/13/16/18/20/21/22/28/29/30/31/32/34/35/40/42/43/45/48/49/50	NA
Hvul_g13528_1	Homeodomains.HG2.9:like:PRD_VSX1/PRD_VSX2:likeclu:10	NA
Hvul_g18227_1	Homeodomains.HG2.17:like:PRD_OTP/PRD_PROP1:likeclu:31/32	NA
Hvul_g27997_1	Homeodomains.HG2.23:like:PRD_OTP/PRD_PROP1:likeclu:31/32	NA
Hvul_g13664_1	Homeodomains.HG2.24:like:PRD_UNCX:likeclu:20	NA
Hvul_g11765_1	Homeodomains.HG2.29:PRD_GSC/PRD_GSC2	PRD_GSC/PRD_GSC2
Hvul_g3222_1	Homeodomains.HG2.32:PRD_OTP	PRD_OTP
Hvul_g3228_1	Homeodomains.HG2.32:PRD_OTP	PRD_OTP
Hvul_g23541_1	Homeodomains.HG2.33:like:PRD_NOBOX:likeclu:34	NA
Hvul_g15226_1	Homeodomains.HG2.37:like:PRD_CRX/PRD_DMBX1/PRD_MIXL1/PRD_OTX1/PRD_OTX2/PRD_PRRX1/PRD_PRRX2/PRD_SHOX/PRD_SHOX2:likeclu:35/40/42/43/45	NA
Hvul_g15387_1	Homeodomains.HG2.43:PRD_DMBX1	PRD_DMBX1
Hvul_g24114_1	Homeodomains.HG2.45:PRD_CRX/PRD_OTX1/PRD_OTX2	PRD_CRX/PRD_OTX1/PRD_OTX2
Hvul_g33440_1	Homeodomains.HG2.45:PRD_CRX/PRD_OTX1/PRD_OTX2	PRD_CRX/PRD_OTX1/PRD_OTX2
Hvul_g33396_1	Homeodomains.HG2.45:PRD_CRX/PRD_OTX1/PRD_OTX2	PRD_CRX/PRD_OTX1/PRD_OTX2
Hvul_g4503_1	Homeodomains.HG3.1:like:ANTP_CDX1/ANTP_CDX2/ANTP_CDX4/ANTP_EVX1/ANTP_EVX2/ANTP_GBX1/ANTP_GBX2/ANTP_GSX1/ANTP_GSX2/ANTP_HOXA1/ANTP_HOXA2/ANTP_HOXA3/ANTP_HOXA4/ANTP_HOXA5/ANTP_HOXA6/ANTP_HOXA7/ANTP_HOXA9/ANTP_HOXA10/ANTP_HOXA11/ANTP_HOXA13/ANTP_HOXB1/ANTP_HOXB2/ANTP_HOXB3/ANTP_HOXB4/ANTP_HOXB5/ANTP_HOXB6/ANTP_HOXB7/ANTP_HOXB8/ANTP_HOXB9/ANTP_HOXB13/ANTP_HOXC4/ANTP_HOXC5/ANTP_HOXC6/ANTP_HOXC8/ANTP_HOXC9/ANTP_HOXC10/ANTP_HOXC12/ANTP_HOXC13/ANTP_HOXD1/ANTP_HOXD3/ANTP_HOXD4/ANTP_HOXD8/ANTP_HOXD9/ANTP_HOXD10/ANTP_HOXD11/ANTP_HOXD12/ANTP_HOXD13/ANTP_MEOX1/ANTP_MEOX2/ANTP_MNX1/ANTP_MSX1/ANTP_MSX2/ANTP_PDX1:likeclu:0/2/7/8/9/10/11/12/15/18/20/23/24/25/26/27/28/29/31	NA
Hvul_g3831_1	Homeodomains.HG3.5:like:ANTP_CDX1/ANTP_CDX2/ANTP_CDX4/ANTP_EVX1/ANTP_EVX2/ANTP_GBX1/ANTP_GBX2/ANTP_GSX1/ANTP_GSX2/ANTP_HOXA1/ANTP_HOXA2/ANTP_HOXA3/ANTP_HOXA4/ANTP_HOXA5/ANTP_HOXA6/ANTP_HOXA7/ANTP_HOXA9/ANTP_HOXA10/ANTP_HOXA11/ANTP_HOXA13/ANTP_HOXB1/ANTP_HOXB2/ANTP_HOXB3/ANTP_HOXB4/ANTP_HOXB5/ANTP_HOXB6/ANTP_HOXB7/ANTP_HOXB8/ANTP_HOXB9/ANTP_HOXB13/ANTP_HOXC4/ANTP_HOXC5/ANTP_HOXC6/ANTP_HOXC8/ANTP_HOXC9/ANTP_HOXC10/ANTP_HOXC12/ANTP_HOXC13/ANTP_HOXD1/ANTP_HOXD3/ANTP_HOXD4/ANTP_HOXD8/ANTP_HOXD9/ANTP_HOXD10/ANTP_HOXD11/ANTP_HOXD12/ANTP_HOXD13/ANTP_MEOX1/ANTP_MEOX2/ANTP_MNX1/ANTP_MSX1/ANTP_MSX2/ANTP_PDX1:likeclu:0/2/7/8/9/10/11/12/15/18/20/23/24/25/26/27/28/29/31	NA
Hvul_g24998_1	Homeodomains.HG3.5:like:ANTP_CDX1/ANTP_CDX2/ANTP_CDX4/ANTP_EVX1/ANTP_EVX2/ANTP_GBX1/ANTP_GBX2/ANTP_GSX1/ANTP_GSX2/ANTP_HOXA1/ANTP_HOXA2/ANTP_HOXA3/ANTP_HOXA4/ANTP_HOXA5/ANTP_HOXA6/ANTP_HOXA7/ANTP_HOXA9/ANTP_HOXA10/ANTP_HOXA11/ANTP_HOXA13/ANTP_HOXB1/ANTP_HOXB2/ANTP_HOXB3/ANTP_HOXB4/ANTP_HOXB5/ANTP_HOXB6/ANTP_HOXB7/ANTP_HOXB8/ANTP_HOXB9/ANTP_HOXB13/ANTP_HOXC4/ANTP_HOXC5/ANTP_HOXC6/ANTP_HOXC8/ANTP_HOXC9/ANTP_HOXC10/ANTP_HOXC12/ANTP_HOXC13/ANTP_HOXD1/ANTP_HOXD3/ANTP_HOXD4/ANTP_HOXD8/ANTP_HOXD9/ANTP_HOXD10/ANTP_HOXD11/ANTP_HOXD12/ANTP_HOXD13/ANTP_MEOX1/ANTP_MEOX2/ANTP_MNX1/ANTP_MSX1/ANTP_MSX2/ANTP_PDX1:likeclu:0/2/7/8/9/10/11/12/15/18/20/23/24/25/26/27/28/29/31	NA
Hvul_g26228_1	Homeodomains.HG3.6:like:ANTP_CDX1/ANTP_CDX2/ANTP_CDX4/ANTP_EVX1/ANTP_EVX2/ANTP_GBX1/ANTP_GBX2/ANTP_GSX1/ANTP_GSX2/ANTP_HOXA1/ANTP_HOXA2/ANTP_HOXA3/ANTP_HOXA4/ANTP_HOXA5/ANTP_HOXA6/ANTP_HOXA7/ANTP_HOXA9/ANTP_HOXA10/ANTP_HOXA11/ANTP_HOXA13/ANTP_HOXB1/ANTP_HOXB2/ANTP_HOXB3/ANTP_HOXB4/ANTP_HOXB5/ANTP_HOXB6/ANTP_HOXB7/ANTP_HOXB8/ANTP_HOXB9/ANTP_HOXB13/ANTP_HOXC4/ANTP_HOXC5/ANTP_HOXC6/ANTP_HOXC8/ANTP_HOXC9/ANTP_HOXC10/ANTP_HOXC12/ANTP_HOXC13/ANTP_HOXD1/ANTP_HOXD3/ANTP_HOXD4/ANTP_HOXD8/ANTP_HOXD9/ANTP_HOXD10/ANTP_HOXD11/ANTP_HOXD12/ANTP_HOXD13/ANTP_MEOX1/ANTP_MEOX2/ANTP_MNX1/ANTP_MSX1/ANTP_MSX2/ANTP_PDX1:likeclu:0/2/7/8/9/10/11/12/15/18/20/23/24/25/26/27/28/29/31	NA
Hvul_g10051_1	Homeodomains.HG3.20:ANTP_GSX1/ANTP_GSX2	ANTP_GSX1/ANTP_GSX2
Hvul_g24401_1	Homeodomains.HG3.23:ANTP_MEOX1/ANTP_MEOX2	ANTP_MEOX1/ANTP_MEOX2
Hvul_g16557_1	Homeodomains.HG3.31:ANTP_MSX1/ANTP_MSX2	ANTP_MSX1/ANTP_MSX2
Hvul_g8768_1	Homeodomains.HG3.33:like:ANTP_CDX1/ANTP_CDX2/ANTP_CDX4/ANTP_EVX1/ANTP_EVX2/ANTP_GBX1/ANTP_GBX2/ANTP_GSX1/ANTP_GSX2/ANTP_HOXA1/ANTP_HOXA2/ANTP_HOXA3/ANTP_HOXA4/ANTP_HOXA5/ANTP_HOXA6/ANTP_HOXA7/ANTP_HOXA9/ANTP_HOXA10/ANTP_HOXA11/ANTP_HOXA13/ANTP_HOXB1/ANTP_HOXB2/ANTP_HOXB3/ANTP_HOXB4/ANTP_HOXB5/ANTP_HOXB6/ANTP_HOXB7/ANTP_HOXB8/ANTP_HOXB9/ANTP_HOXB13/ANTP_HOXC4/ANTP_HOXC5/ANTP_HOXC6/ANTP_HOXC8/ANTP_HOXC9/ANTP_HOXC10/ANTP_HOXC12/ANTP_HOXC13/ANTP_HOXD1/ANTP_HOXD3/ANTP_HOXD4/ANTP_HOXD8/ANTP_HOXD9/ANTP_HOXD10/ANTP_HOXD11/ANTP_HOXD12/ANTP_HOXD13/ANTP_MEOX1/ANTP_MEOX2/ANTP_MNX1/ANTP_MSX1/ANTP_MSX2/ANTP_PDX1:likeclu:0/2/7/8/9/10/11/12/15/18/20/23/24/25/26/27/28/29/31	NA
Hvul_g18245_1	Homeodomains.HG4.2:ANTP_DLX1/ANTP_DLX2/ANTP_DLX3/ANTP_DLX4/ANTP_DLX5/ANTP_DLX6	islike:ANTP_DLX1/ANTP_DLX2/ANTP_DLX3/ANTP_DLX4/ANTP_DLX5/ANTP_DLX6
Hvul_g6880_1	Homeodomains.HG4.2:ANTP_DLX1/ANTP_DLX2/ANTP_DLX3/ANTP_DLX4/ANTP_DLX5/ANTP_DLX6	ANTP_DLX1/ANTP_DLX2/ANTP_DLX3/ANTP_DLX4/ANTP_DLX5/ANTP_DLX6
Hvul_g2253_1	Homeodomains.HG4.3:ANTP_NKX1-1/ANTP_NKX1-2	ANTP_NKX1-1/ANTP_NKX1-2
Hvul_g32708_1	Homeodomains.HG4.9:ANTP_BARX1/ANTP_BARX2	islike:ANTP_BARX1/ANTP_BARX2
Hvul_g11736_1	Homeodomains.HG5.0:like:ANTP_EMX1/ANTP_EMX2/ANTP_NOTO/ANTP_VAX1/ANTP_VAX2:likeclu:7/8/15	NA
Hvul_g26815_1	Homeodomains.HG6.4:SINE_SIX3/SINE_SIX5	SINE_SIX3/SINE_SIX5
Hvul_g1976_1	Homeodomains.HG6.5:SINE_SIX4/SINE_SIX5	SINE_SIX4/SINE_SIX5
Hvul_g9205_1	Homeodomains.HG7.7:like:ANTP_NKX2-1/ANTP_NKX2-2/ANTP_NKX2-3/ANTP_NKX2-4/ANTP_NKX2-5/ANTP_NKX2-6/ANTP_NKX2-8/ANTP_NKX3-1/ANTP_NKX3-2:likeclu:5/8/10/12	NA
Hvul_g31954_1	Homeodomains.HG7.10:ANTP_NKX2-3/ANTP_NKX2-5/ANTP_NKX2-6	ANTP_NKX2-3/ANTP_NKX2-5/ANTP_NKX2-6
Hvul_g5311_1	Homeodomains.HG8.5:TALE_PKNOX1/TALE_PKNOX2	TALE_PKNOX1/TALE_PKNOX2
Hvul_g4616_1	Homeodomains.HG8.6:TALE_MEIS1/TALE_MEIS3	TALE_MEIS1/TALE_MEIS3
Hvul_g10424_1	Homeodomains.HG9.0:POU_POU6F1/POU_POU6F2	POU_POU6F1/POU_POU6F2
Hvul_g23296_1	Homeodomains.HG9.0:POU_POU6F1/POU_POU6F2	POU_POU6F1/POU_POU6F2
Hvul_g4720_1	HSF.HG1.2:like:HSF5:likeclu:1	NA
Hvul_g8195_1	HSF.HG1.4:HSFX1/HSFX2/HSFX3/HSFX4/HSFY1/HSFY2	HSFX1/HSFX2/HSFX3/HSFX4/HSFY1/HSFY2
Hvul_g28439_1	HSF.HG1.4:HSFX1/HSFX2/HSFX3/HSFX4/HSFY1/HSFY2	HSFX1/HSFX2/HSFX3/HSFX4/HSFY1/HSFY2
Hvul_g10740_1	HSF.HG1.6:HSF1/HSF2/HSF4	HSF1/HSF2/HSF4
Hvul_g32638_1	IRF.HG1.0:like:IRF1/IRF2/IRF3/IRF4/IRF5/IRF6/IRF7/IRF8/IRF9:likeclu:1/4	NA
Hvul_g33538_1	IRF.HG1.0:like:IRF1/IRF2/IRF3/IRF4/IRF5/IRF6/IRF7/IRF8/IRF9:likeclu:1/4	NA
Hvul_g12909_1	IRF.HG1.1:IRF3/IRF4/IRF5/IRF6/IRF7/IRF8/IRF9	IRF3/IRF4/IRF5/IRF6/IRF7/IRF8/IRF9
Hvul_g12906_1	IRF.HG1.1:IRF3/IRF4/IRF5/IRF6/IRF7/IRF8/IRF9	IRF3/IRF4/IRF5/IRF6/IRF7/IRF8/IRF9
Hvul_g6326_1	LAG1_CSL.HG1.0:RBPJ/RBPJL	RBPJ/RBPJL
Hvul_g13279_1	MADS-box_SRF.HG1.3:SRF	SRF
Hvul_g20637_1	MADS-box_SRF.HG2.0:BORCS8/MEF2A/MEF2B/MEF2C/MEF2D	BORCS8/MEF2A/MEF2B/MEF2C/MEF2D
Hvul_g26940_1	MBD.HG1.1:SETDB1/SETDB2	SETDB1/SETDB2
Hvul_g16688_1	MBD.HG1.2:MBD2/MBD3	MBD2/MBD3
Hvul_g8461_1	MBD.HG1.3:BAZ2A/BAZ2B	BAZ2A/BAZ2B
Hvul_g30476_1	mTERF.HG1.1:like:MTERF1/MTERF2/MTERF3/MTERF4:likeclu:4/5/6	NA
Hvul_g25655_1	mTERF.HG1.2:like:MTERF1/MTERF2/MTERF3/MTERF4:likeclu:4/5/6	NA
Hvul_g1517_1	Myb.HG10.0:CDC5L	CDC5L
Hvul_g9667_1	Myb.HG11.0:TERF2IP	TERF2IP
Hvul_g18841_1	Myb.HG12.0:DMAP1	DMAP1
Hvul_g5252_1	Myb.HG13.0:BDP1	BDP1
Hvul_g28013_1	Myb.HG1.4:NA	NA
Hvul_g13665_1	Myb.HG1.4:NA	NA
Hvul_g25384_1	Myb.HG1.4:NA	NA
Hvul_g15222_1	Myb.HG1.4:NA	NA
Hvul_g5760_1	Myb.HG1.4:NA	NA
Hvul_g19318_1	Myb.HG1.4:NA	NA
Hvul_g22547_1	Myb.HG1.4:NA	NA
Hvul_g9086_1	Myb.HG1.4:NA	NA
Hvul_g16238_1	Myb.HG1.4:NA	NA
Hvul_g29577_1	Myb.HG1.4:NA	NA
Hvul_g12663_1	Myb.HG1.4:NA	NA
Hvul_g7093_1	Myb.HG1.4:NA	NA
Hvul_g17530_1	Myb.HG1.4:NA	NA
Hvul_g15167_1	Myb.HG1.4:NA	NA
Hvul_g4327_1	Myb.HG1.4:NA	NA
Hvul_g10001_1	Myb.HG1.4:NA	NA
Hvul_g26592_1	Myb.HG1.4:NA	NA
Hvul_g1661_1	Myb.HG1.4:NA	NA
Hvul_g15501_1	Myb.HG1.8:NA	NA
Hvul_g21098_1	Myb.HG1.16:NA	NA
Hvul_g9272_1	Myb.HG1.16:NA	NA
Hvul_g25216_1	Myb.HG1.16:NA	NA
Hvul_g32743_1	Myb.HG1.16:NA	NA
Hvul_g2423_1	Myb.HG1.16:NA	NA
Hvul_g21577_1	Myb.HG1.16:NA	NA
Hvul_g3432_1	Myb.HG1.35:NA	NA
Hvul_g2040_1	Myb.HG1.36:NA	NA
Hvul_g23069_1	Myb.HG2.7:like:HSPA14/MSANTD1/MSANTD2/ZKSCAN2/ZSCAN20/ZSCAN29/ZSCAN32:likeclu:10/16/22	NA
Hvul_g5846_1	Myb.HG2.11:like:MSANTD1:likeclu:10	NA
Hvul_g24726_1	Myb.HG2.11:like:MSANTD1:likeclu:10	NA
Hvul_g19464_1	Myb.HG2.11:like:MSANTD1:likeclu:10	NA
Hvul_g26109_1	Myb.HG2.11:like:MSANTD1:likeclu:10	NA
Hvul_g29440_1	Myb.HG2.11:like:MSANTD1:likeclu:10	NA
Hvul_g19035_1	Myb.HG2.11:like:MSANTD1:likeclu:10	NA
Hvul_g16307_1	Myb.HG2.11:like:MSANTD1:likeclu:10	NA
Hvul_g31555_1	Myb.HG2.11:like:MSANTD1:likeclu:10	NA
Hvul_g4024_1	Myb.HG2.12:like:HSPA14/MSANTD2/ZKSCAN2/ZSCAN20/ZSCAN29/ZSCAN32:likeclu:16/22	NA
Hvul_g3411_1	Myb.HG2.12:like:HSPA14/MSANTD2/ZKSCAN2/ZSCAN20/ZSCAN29/ZSCAN32:likeclu:16/22	NA
Hvul_g8682_1	Myb.HG2.12:like:HSPA14/MSANTD2/ZKSCAN2/ZSCAN20/ZSCAN29/ZSCAN32:likeclu:16/22	NA
Hvul_g30842_1	Myb.HG2.14:like:HSPA14/MSANTD2/ZKSCAN2/ZSCAN20/ZSCAN29/ZSCAN32:likeclu:16/22	NA
Hvul_g26702_1	Myb.HG2.14:like:HSPA14/MSANTD2/ZKSCAN2/ZSCAN20/ZSCAN29/ZSCAN32:likeclu:16/22	NA
Hvul_g9717_1	Myb.HG3.7:like:MSANTD4/MYPOP/NAIF1/TSNARE1:likeclu:4/5/6	NA
Hvul_g4876_1	Myb.HG3.7:like:MSANTD4/MYPOP/NAIF1/TSNARE1:likeclu:4/5/6	NA
Hvul_g23125_1	Myb.HG3.7:like:MSANTD4/MYPOP/NAIF1/TSNARE1:likeclu:4/5/6	NA
Hvul_g9910_1	Myb.HG3.10:like:MSANTD4/MYPOP/NAIF1/TSNARE1:likeclu:4/5/6	NA
Hvul_g8383_1	Myb.HG3.10:like:MSANTD4/MYPOP/NAIF1/TSNARE1:likeclu:4/5/6	NA
Hvul_g1172_1	Myb.HG3.10:like:MSANTD4/MYPOP/NAIF1/TSNARE1:likeclu:4/5/6	NA
Hvul_g15767_1	Myb.HG3.10:like:MSANTD4/MYPOP/NAIF1/TSNARE1:likeclu:4/5/6	NA
Hvul_g32396_1	Myb.HG3.10:like:MSANTD4/MYPOP/NAIF1/TSNARE1:likeclu:4/5/6	NA
Hvul_g33039_1	Myb.HG3.10:like:MSANTD4/MYPOP/NAIF1/TSNARE1:likeclu:4/5/6	NA
Hvul_g26708_1	Myb.HG3.10:like:MSANTD4/MYPOP/NAIF1/TSNARE1:likeclu:4/5/6	NA
Hvul_g20649_1	Myb.HG3.10:like:MSANTD4/MYPOP/NAIF1/TSNARE1:likeclu:4/5/6	NA
Hvul_g25910_1	Myb.HG3.10:like:MSANTD4/MYPOP/NAIF1/TSNARE1:likeclu:4/5/6	NA
Hvul_g25815_1	Myb.HG3.10:like:MSANTD4/MYPOP/NAIF1/TSNARE1:likeclu:4/5/6	NA
Hvul_g5198_1	Myb.HG3.10:like:MSANTD4/MYPOP/NAIF1/TSNARE1:likeclu:4/5/6	NA
Hvul_g33121_1	Myb.HG3.10:like:MSANTD4/MYPOP/NAIF1/TSNARE1:likeclu:4/5/6	NA
Hvul_g18715_1	Myb.HG3.10:like:MSANTD4/MYPOP/NAIF1/TSNARE1:likeclu:4/5/6	NA
Hvul_g31547_1	Myb.HG3.10:like:MSANTD4/MYPOP/NAIF1/TSNARE1:likeclu:4/5/6	NA
Hvul_g4164_1	Myb.HG3.10:like:MSANTD4/MYPOP/NAIF1/TSNARE1:likeclu:4/5/6	NA
Hvul_g4738_1	Myb.HG3.10:like:MSANTD4/MYPOP/NAIF1/TSNARE1:likeclu:4/5/6	NA
Hvul_g21174_1	Myb.HG3.10:like:MSANTD4/MYPOP/NAIF1/TSNARE1:likeclu:4/5/6	NA
Hvul_g14038_1	Myb.HG3.10:like:MSANTD4/MYPOP/NAIF1/TSNARE1:likeclu:4/5/6	NA
Hvul_g28965_1	Myb.HG4.2:AC118549	AC118549
Hvul_g28363_1	Myb.HG4.3:SMARCC1/SMARCC2	SMARCC1/SMARCC2
Hvul_g85_1	Myb.HG4.6:NCOR1/NCOR2	NCOR1/NCOR2
Hvul_g33627_1	Myb.HG5.3:like:SNAPC4:likeclu:5	NA
Hvul_g13448_1	Myb.HG5.4:MYB/MYBL1/MYBL2	MYB/MYBL1/MYBL2
Hvul_g9626_1	Myb.HG6.0:DMTF1	DMTF1
Hvul_g18796_1	Myb.HG6.1:TTF1	TTF1
Hvul_g9433_1	Myb.HG6.1:TTF1	TTF1
Hvul_g9013_1	Myb.HG7.0:TADA2B	TADA2B
Hvul_g24327_1	Myb.HG7.1:TADA2A	TADA2A
Hvul_g22673_1	Myb.HG8.2:DNAJC2	DNAJC2
Hvul_g29168_1	NFX1_ZF.HG1.0:NFXL1	NFXL1
Hvul_g5879_1	NFX1_ZF.HG1.1:NFX1	NFX1
Hvul_g29446_1	NFYA.HG1.0:like:NFYA:likeclu:1	NA
Hvul_g6718_1	NFYB_NFYC.HG2.0:CHRAC1	CHRAC1
Hvul_g24787_1	NFYB_NFYC.HG2.1:POLE4	POLE4
Hvul_g4822_1	NFYB_NFYC.HG2.3:NFYC	NFYC
Hvul_g9179_1	NFYB_NFYC.HG3.1:DR1	DR1
Hvul_g24893_1	NFYB_NFYC.HG4.0:NFYB	NFYB
Hvul_g30658_1	NFYB_NFYC.HG5.0:DRAP1	DRAP1
Hvul_g27479_1	NRF1.HG1.2:NRF1	NRF1
Hvul_g6887_1	P53.HG1.1:like:TP53/TP63/TP73:likeclu:3	NA
Hvul_g25646_1	P53.HG1.1:like:TP53/TP63/TP73:likeclu:3	NA
Hvul_g21693_1	P53.HG1.3:TP53/TP63/TP73	TP53/TP63/TP73
Hvul_g30607_1	Pipsqueak.HG1.0:NA	NA
Hvul_g3463_1	Pipsqueak.HG1.0:NA	NA
Hvul_g9697_1	Pipsqueak.HG1.1:NA	NA
Hvul_g10410_1	Pipsqueak.HG1.2:NA	NA
Hvul_g30881_1	Pipsqueak.HG1.3:NA	NA
Hvul_g20775_1	Pipsqueak.HG1.3:NA	NA
Hvul_g28901_1	Pipsqueak.HG1.3:NA	NA
Hvul_g16277_1	Pipsqueak.HG1.3:NA	NA
Hvul_g27855_1	Pipsqueak.HG1.5:NA	NA
Hvul_g25014_1	Pipsqueak.HG1.6:NA	NA
Hvul_g19807_1	Pipsqueak.HG1.6:NA	NA
Hvul_g31286_1	Pipsqueak.HG1.6:NA	NA
Hvul_g26467_1	Pipsqueak.HG1.6:NA	NA
Hvul_g14221_1	Pipsqueak.HG1.8:NA	NA
Hvul_g23681_1	Pipsqueak.HG1.8:NA	NA
Hvul_g29547_1	Pipsqueak.HG1.8:NA	NA
Hvul_g12786_1	Pipsqueak.HG1.8:NA	NA
Hvul_g4105_1	Pipsqueak.HG1.9:NA	NA
Hvul_g8444_1	Pipsqueak.HG1.9:NA	NA
Hvul_g31136_1	Pipsqueak.HG1.9:NA	NA
Hvul_g21836_1	Pipsqueak.HG1.9:NA	NA
Hvul_g24639_1	Pipsqueak.HG1.9:NA	NA
Hvul_g25052_1	Pipsqueak.HG1.9:NA	NA
Hvul_g26326_1	Pipsqueak.HG1.9:NA	NA
Hvul_g6384_1	Pipsqueak.HG1.9:NA	NA
Hvul_g30231_1	Pipsqueak.HG1.9:NA	NA
Hvul_g19233_1	Pipsqueak.HG1.9:NA	NA
Hvul_g9930_1	Pipsqueak.HG1.9:NA	NA
Hvul_g16668_1	Pipsqueak.HG1.9:NA	NA
Hvul_g31725_1	Pipsqueak.HG1.9:NA	NA
Hvul_g13330_1	Pipsqueak.HG1.9:NA	NA
Hvul_g7423_1	Pipsqueak.HG1.9:NA	NA
Hvul_g5561_1	Pipsqueak.HG1.9:NA	NA
Hvul_g5815_1	Pipsqueak.HG1.9:NA	NA
Hvul_g8123_1	Pipsqueak.HG1.9:NA	NA
Hvul_g22948_1	Pipsqueak.HG1.9:NA	NA
Hvul_g14001_1	Pipsqueak.HG1.9:NA	NA
Hvul_g297_1	Pipsqueak.HG1.9:NA	NA
Hvul_g17918_1	Pipsqueak.HG1.9:NA	NA
Hvul_g2237_1	Pipsqueak.HG1.9:NA	NA
Hvul_g24975_1	Pipsqueak.HG1.9:NA	NA
Hvul_g17896_1	Pipsqueak.HG1.10:NA	NA
Hvul_g25643_1	Pipsqueak.HG1.10:NA	NA
Hvul_g1393_1	Pipsqueak.HG1.10:NA	NA
Hvul_g16856_1	Pipsqueak.HG1.10:NA	NA
Hvul_g8304_1	Pipsqueak.HG1.10:NA	NA
Hvul_g15519_1	Pipsqueak.HG1.11:NA	NA
Hvul_g19732_1	Pipsqueak.HG1.11:NA	NA
Hvul_g4735_1	Pipsqueak.HG1.11:NA	NA
Hvul_g8079_1	Pipsqueak.HG1.11:NA	NA
Hvul_g13252_1	Pipsqueak.HG1.11:NA	NA
Hvul_g28909_1	Pipsqueak.HG1.11:NA	NA
Hvul_g3073_1	Pipsqueak.HG1.11:NA	NA
Hvul_g22453_1	Pipsqueak.HG1.11:NA	NA
Hvul_g8552_1	Pipsqueak.HG1.11:NA	NA
Hvul_g7715_1	Pipsqueak.HG1.11:NA	NA
Hvul_g28017_1	Pipsqueak.HG1.11:NA	NA
Hvul_g33010_1	Pipsqueak.HG1.11:NA	NA
Hvul_g21310_1	Pipsqueak.HG1.12:NA	NA
Hvul_g17520_1	Pipsqueak.HG1.12:NA	NA
Hvul_g19780_1	Pipsqueak.HG1.12:NA	NA
Hvul_g21714_1	Pipsqueak.HG1.12:NA	NA
Hvul_g29488_1	Pipsqueak.HG1.12:NA	NA
Hvul_g16046_1	Pipsqueak.HG1.12:NA	NA
Hvul_g12657_1	Pipsqueak.HG1.12:NA	NA
Hvul_g23306_1	Pipsqueak.HG1.12:NA	NA
Hvul_g237_1	Pipsqueak.HG1.12:NA	NA
Hvul_g31746_1	Pipsqueak.HG1.12:NA	NA
Hvul_g22758_1	Pipsqueak.HG1.12:NA	NA
Hvul_g7073_1	Pipsqueak.HG1.12:NA	NA
Hvul_g14811_1	Pipsqueak.HG1.12:NA	NA
Hvul_g16720_1	Pipsqueak.HG1.12:NA	NA
Hvul_g20344_1	Pipsqueak.HG1.12:NA	NA
Hvul_g23248_1	Pipsqueak.HG1.12:NA	NA
Hvul_g9470_1	Pipsqueak.HG1.12:NA	NA
Hvul_g23414_1	Pipsqueak.HG1.12:NA	NA
Hvul_g5268_1	Pipsqueak.HG1.12:NA	NA
Hvul_g31605_1	Pipsqueak.HG1.12:NA	NA
Hvul_g19240_1	Pipsqueak.HG1.12:NA	NA
Hvul_g22621_1	Pipsqueak.HG1.12:NA	NA
Hvul_g27480_1	Pipsqueak.HG1.12:NA	NA
Hvul_g28716_1	Pipsqueak.HG1.12:NA	NA
Hvul_g16132_1	Pipsqueak.HG1.12:NA	NA
Hvul_g28250_1	Pipsqueak.HG1.12:NA	NA
Hvul_g6438_1	Pipsqueak.HG1.12:NA	NA
Hvul_g23971_1	Pipsqueak.HG1.12:NA	NA
Hvul_g17501_1	Pipsqueak.HG1.12:NA	NA
Hvul_g23727_1	Pipsqueak.HG1.12:NA	NA
Hvul_g20522_1	Pipsqueak.HG1.12:NA	NA
Hvul_g1206_1	Pipsqueak.HG1.12:NA	NA
Hvul_g12367_1	Pipsqueak.HG1.12:NA	NA
Hvul_g29895_1	Pipsqueak.HG1.12:NA	NA
Hvul_g14169_1	Pipsqueak.HG1.12:NA	NA
Hvul_g29773_1	Pipsqueak.HG1.12:NA	NA
Hvul_g2016_1	Pipsqueak.HG1.12:NA	NA
Hvul_g24507_1	Pipsqueak.HG1.12:NA	NA
Hvul_g10608_1	Pipsqueak.HG1.12:NA	NA
Hvul_g21535_1	Pipsqueak.HG1.12:NA	NA
Hvul_g7569_1	Pipsqueak.HG1.12:NA	NA
Hvul_g24131_1	Pipsqueak.HG1.12:NA	NA
Hvul_g13082_1	Pipsqueak.HG1.12:NA	NA
Hvul_g30929_1	Pipsqueak.HG1.12:NA	NA
Hvul_g9116_1	Pipsqueak.HG1.12:NA	NA
Hvul_g22893_1	Pipsqueak.HG1.12:NA	NA
Hvul_g13480_1	Pipsqueak.HG1.12:NA	NA
Hvul_g10184_1	Pipsqueak.HG1.12:NA	NA
Hvul_g30603_1	Pipsqueak.HG1.12:NA	NA
Hvul_g6607_1	Pipsqueak.HG1.12:NA	NA
Hvul_g26595_1	Pipsqueak.HG1.12:NA	NA
Hvul_g19594_1	Pipsqueak.HG1.12:NA	NA
Hvul_g12300_1	Pipsqueak.HG1.12:NA	NA
Hvul_g27864_1	Pipsqueak.HG1.12:NA	NA
Hvul_g23179_1	Pipsqueak.HG1.12:NA	NA
Hvul_g21857_1	Pipsqueak.HG1.12:NA	NA
Hvul_g30331_1	Pipsqueak.HG1.12:NA	NA
Hvul_g25574_1	Pipsqueak.HG1.13:NA	NA
Hvul_g11788_1	Pipsqueak.HG1.14:NA	NA
Hvul_g22257_1	Pipsqueak.HG1.15:NA	NA
Hvul_g16081_1	Pipsqueak.HG1.16:NA	NA
Hvul_g6043_1	Pipsqueak.HG1.17:NA	NA
Hvul_g8608_1	Pipsqueak.HG1.18:NA	NA
Hvul_g27197_1	Pipsqueak.HG1.19:NA	NA
Hvul_g3975_1	Pipsqueak.HG1.20:NA	NA
Hvul_g18499_1	Pipsqueak.HG1.21:NA	NA
Hvul_g13324_1	Pipsqueak.HG1.22:NA	NA
Hvul_g17605_1	Pipsqueak.HG1.23:NA	NA
Hvul_g26658_1	Pipsqueak.HG1.24:NA	NA
Hvul_g26695_1	Pipsqueak.HG1.25:NA	NA
Hvul_g5479_1	Pipsqueak.HG1.26:NA	NA
Hvul_g404_1	Pipsqueak.HG1.27:NA	NA
Hvul_g18353_1	Pipsqueak.HG1.28:NA	NA
Hvul_g17297_1	Pipsqueak.HG1.29:NA	NA
Hvul_g9214_1	Pipsqueak.HG1.30:NA	NA
Hvul_g21800_1	Pipsqueak.HG1.31:NA	NA
Hvul_g3801_1	RFX.HG1.0:RFX4/RFX6/RFX8	RFX6
Hvul_g16545_1	RFX.HG1.0:RFX4/RFX6/RFX8	islike:RFX4/RFX6
Hvul_g30050_1	RFX.HG1.1:RFX5/RFX7	RFX5/RFX7
Hvul_g17406_1	RFX.HG2.0:RFX1/RFX2/RFX3	RFX1/RFX2/RFX3
Hvul_g31199_1	RHD_Rel.HG1.0:NFKB1/NFKB2/REL/RELA/RELB	NFKB1/NFKB2/REL/RELA/RELB
Hvul_g18601_1	RHD_Rel.HG2.0:NFAT5/NFATC1/NFATC2/NFATC3/NFATC4	NFAT5/NFATC1/NFATC2/NFATC3/NFATC4
Hvul_g31335_1	RHD_Rel.HG2.0:NFAT5/NFATC1/NFATC2/NFATC3/NFATC4	NFAT5/NFATC1/NFATC2/NFATC3/NFATC4
Hvul_g19602_1	Runt_Runx.HG1.1:RUNX1/RUNX2/RUNX3	RUNX1/RUNX2/RUNX3
Hvul_g29182_1	SAND.HG1.2:DEAF1	DEAF1
Hvul_g14252_1	SMAD_MH1.HG1.3:like:SMAD1/SMAD2/SMAD3/SMAD5/SMAD9:likeclu:6/8	NA
Hvul_g27950_1	SMAD_MH1.HG1.8:SMAD2/SMAD3	SMAD2/SMAD3
Hvul_g30478_1	SMAD_MH1.HG2.0:like:SMAD4:likeclu:1	NA
Hvul_g30507_1	SMAD_MH1.HG2.1:SMAD4	SMAD4
Hvul_g23177_1	SMAD_MH1.HG3.0:NFIA/NFIB/NFIC/NFIX	NFIA/NFIB/NFIC/NFIX
Hvul_g5901_1	STAT.HG1.0:STAT1/STAT2/STAT3/STAT4/STAT5A/STAT5B/STAT6	STAT5A/STAT5B/STAT6
Hvul_g5898_1	STAT.HG1.0:STAT1/STAT2/STAT3/STAT4/STAT5A/STAT5B/STAT6	STAT5A/STAT5B/STAT6
Hvul_g5900_1	STAT.HG1.0:STAT1/STAT2/STAT3/STAT4/STAT5A/STAT5B/STAT6	STAT5A/STAT5B/STAT6
Hvul_g27405_1	T-box.HG1.1:like:TBX1/TBX10:likeclu:2	NA
Hvul_g17487_1	T-box.HG1.5:like:EOMES/MGA/TBR1/TBX1/TBX2/TBX3/TBX4/TBX5/TBX6/TBX10/TBX19/TBX21/TBXT:likeclu:2/8/9/10/11/13	NA
Hvul_g17489_1	T-box.HG1.5:like:EOMES/MGA/TBR1/TBX1/TBX2/TBX3/TBX4/TBX5/TBX6/TBX10/TBX19/TBX21/TBXT:likeclu:2/8/9/10/11/13	NA
Hvul_g24952_1	T-box.HG1.13:TBX19/TBXT	TBX19/TBXT
Hvul_g16698_1	T-box.HG1.13:TBX19/TBXT	islike:TBX19/TBXT
Hvul_g4803_1	T-box.HG1.14:like:EOMES/TBR1/TBX19/TBX21/TBXT:likeclu:11/13	NA
Hvul_g30028_1	TBP.HG1.3:TBP/TBPL2	TBP/TBPL2
Hvul_g3249_1	TEA.HG1.0:like:TEAD1/TEAD2/TEAD3/TEAD4:likeclu:1	NA
Hvul_g20086_1	TEA.HG1.0:like:TEAD1/TEAD2/TEAD3/TEAD4:likeclu:1	NA
Hvul_g31226_1	TEA.HG1.2:like:TEAD1/TEAD2/TEAD3/TEAD4:likeclu:1	NA
Hvul_g12055_1	Tesmin_TSO1-like.HG1.0:like:LIN54/TESMIN:likeclu:2	NA
Hvul_g6951_1	Tesmin_TSO1-like.HG1.2:LIN54/TESMIN	LIN54/TESMIN
Hvul_g16795_1	TFIIA.HG1.0:GTF2A1/GTF2A1L/STON1	GTF2A1/GTF2A1L/STON1
Hvul_g12290_1	TFIIB.HG1.1:GTF2B	GTF2B
Hvul_g9854_1	TFIIB.HG2.0:BRF1	BRF1
Hvul_g29493_1	THAP_finger.HG1.4:like:THAP6/THAP11:likeclu:25/28	NA
Hvul_g25452_1	THAP_finger.HG1.4:like:THAP6/THAP11:likeclu:25/28	NA
Hvul_g33662_1	THAP_finger.HG1.9:like:THAP6/THAP11:likeclu:25/28	NA
Hvul_g30586_1	THAP_finger.HG1.9:like:THAP6/THAP11:likeclu:25/28	NA
Hvul_g22984_1	THAP_finger.HG1.9:like:THAP6/THAP11:likeclu:25/28	NA
Hvul_g28297_1	THAP_finger.HG1.9:like:THAP6/THAP11:likeclu:25/28	NA
Hvul_g33748_1	THAP_finger.HG1.9:like:THAP6/THAP11:likeclu:25/28	NA
Hvul_g21929_1	THAP_finger.HG1.16:like:THAP6/THAP11:likeclu:25/28	NA
Hvul_g32367_1	THAP_finger.HG1.16:like:THAP6/THAP11:likeclu:25/28	NA
Hvul_g7880_1	THAP_finger.HG1.24:like:THAP6/THAP11:likeclu:25/28	NA
Hvul_g16802_1	THAP_finger.HG1.24:like:THAP6/THAP11:likeclu:25/28	NA
Hvul_g8049_1	THAP_finger.HG1.24:like:THAP6/THAP11:likeclu:25/28	NA
Hvul_g3307_1	THAP_finger.HG1.24:like:THAP6/THAP11:likeclu:25/28	NA
Hvul_g6350_1	THAP_finger.HG1.24:like:THAP6/THAP11:likeclu:25/28	NA
Hvul_g1376_1	THAP_finger.HG1.24:like:THAP6/THAP11:likeclu:25/28	NA
Hvul_g30803_1	THAP_finger.HG1.24:like:THAP6/THAP11:likeclu:25/28	NA
Hvul_g25312_1	THAP_finger.HG1.24:like:THAP6/THAP11:likeclu:25/28	NA
Hvul_g13399_1	THAP_finger.HG1.24:like:THAP6/THAP11:likeclu:25/28	NA
Hvul_g26052_1	THAP_finger.HG1.25:THAP6	THAP6
Hvul_g29552_1	THAP_finger.HG1.25:THAP6	THAP6
Hvul_g16708_1	THAP_finger.HG1.25:THAP6	THAP6
Hvul_g8241_1	THAP_finger.HG1.34:like:THAP6/THAP11:likeclu:25/28	NA
Hvul_g25072_1	THAP_finger.HG1.34:like:THAP6/THAP11:likeclu:25/28	NA
Hvul_g29057_1	THAP_finger.HG1.43:like:THAP6/THAP11:likeclu:25/28	NA
Hvul_g2953_1	THAP_finger.HG1.51:like:THAP6/THAP11:likeclu:25/28	NA
Hvul_g22661_1	THAP_finger.HG1.51:like:THAP6/THAP11:likeclu:25/28	NA
Hvul_g23123_1	THAP_finger.HG1.51:like:THAP6/THAP11:likeclu:25/28	NA
Hvul_g30838_1	THAP_finger.HG1.51:like:THAP6/THAP11:likeclu:25/28	NA
Hvul_g17841_1	THAP_finger.HG1.51:like:THAP6/THAP11:likeclu:25/28	NA
Hvul_g21423_1	THAP_finger.HG1.51:like:THAP6/THAP11:likeclu:25/28	NA
Hvul_g4029_1	THAP_finger.HG1.51:like:THAP6/THAP11:likeclu:25/28	NA
Hvul_g27836_1	THAP_finger.HG1.51:like:THAP6/THAP11:likeclu:25/28	NA
Hvul_g9514_1	THAP_finger.HG1.51:like:THAP6/THAP11:likeclu:25/28	NA
Hvul_g9545_1	THAP_finger.HG1.51:like:THAP6/THAP11:likeclu:25/28	NA
Hvul_g14165_1	THAP_finger.HG1.51:like:THAP6/THAP11:likeclu:25/28	NA
Hvul_g33760_1	THAP_finger.HG1.51:like:THAP6/THAP11:likeclu:25/28	NA
Hvul_g3996_1	THAP_finger.HG1.53:like:THAP6/THAP11:likeclu:25/28	NA
Hvul_g32792_1	THAP_finger.HG1.57:like:THAP6/THAP11:likeclu:25/28	NA
Hvul_g4396_1	THAP_finger.HG1.58:like:THAP6/THAP11:likeclu:25/28	NA
Hvul_g26130_1	THAP_finger.HG1.58:like:THAP6/THAP11:likeclu:25/28	NA
Hvul_g59_1	THAP_finger.HG1.58:like:THAP6/THAP11:likeclu:25/28	NA
Hvul_g26885_1	THAP_finger.HG1.58:like:THAP6/THAP11:likeclu:25/28	NA
Hvul_g11876_1	THAP_finger.HG1.59:like:THAP6/THAP11:likeclu:25/28	NA
Hvul_g16293_1	THAP_finger.HG1.60:like:THAP6/THAP11:likeclu:25/28	NA
Hvul_g1417_1	THAP_finger.HG1.61:like:THAP6/THAP11:likeclu:25/28	NA
Hvul_g15284_1	THAP_finger.HG1.61:like:THAP6/THAP11:likeclu:25/28	NA
Hvul_g32058_1	THAP_finger.HG1.62:like:THAP6/THAP11:likeclu:25/28	NA
Hvul_g23017_1	THAP_finger.HG1.62:like:THAP6/THAP11:likeclu:25/28	NA
Hvul_g26459_1	THAP_finger.HG1.62:like:THAP6/THAP11:likeclu:25/28	NA
Hvul_g23970_1	THAP_finger.HG1.62:like:THAP6/THAP11:likeclu:25/28	NA
Hvul_g7376_1	THAP_finger.HG1.64:like:THAP6/THAP11:likeclu:25/28	NA
Hvul_g24701_1	THAP_finger.HG1.64:like:THAP6/THAP11:likeclu:25/28	NA
Hvul_g27684_1	THAP_finger.HG1.64:like:THAP6/THAP11:likeclu:25/28	NA
Hvul_g19916_1	THAP_finger.HG1.64:like:THAP6/THAP11:likeclu:25/28	NA
Hvul_g28898_1	THAP_finger.HG1.64:like:THAP6/THAP11:likeclu:25/28	NA
Hvul_g27373_1	THAP_finger.HG1.64:like:THAP6/THAP11:likeclu:25/28	NA
Hvul_g1629_1	THAP_finger.HG1.64:like:THAP6/THAP11:likeclu:25/28	NA
Hvul_g30110_1	THAP_finger.HG1.64:like:THAP6/THAP11:likeclu:25/28	NA
Hvul_g33402_1	THAP_finger.HG1.64:like:THAP6/THAP11:likeclu:25/28	NA
Hvul_g2858_1	THAP_finger.HG1.64:like:THAP6/THAP11:likeclu:25/28	NA
Hvul_g25399_1	THAP_finger.HG1.64:like:THAP6/THAP11:likeclu:25/28	NA
Hvul_g6831_1	THAP_finger.HG1.64:like:THAP6/THAP11:likeclu:25/28	NA
Hvul_g27735_1	THAP_finger.HG1.64:like:THAP6/THAP11:likeclu:25/28	NA
Hvul_g31368_1	THAP_finger.HG1.64:like:THAP6/THAP11:likeclu:25/28	NA
Hvul_g18752_1	THAP_finger.HG1.64:like:THAP6/THAP11:likeclu:25/28	NA
Hvul_g11647_1	THAP_finger.HG1.64:like:THAP6/THAP11:likeclu:25/28	NA
Hvul_g27951_1	THAP_finger.HG1.64:like:THAP6/THAP11:likeclu:25/28	NA
Hvul_g7037_1	THAP_finger.HG1.64:like:THAP6/THAP11:likeclu:25/28	NA
Hvul_g12508_1	THAP_finger.HG1.64:like:THAP6/THAP11:likeclu:25/28	NA
Hvul_g15508_1	THAP_finger.HG1.65:like:THAP6/THAP11:likeclu:25/28	NA
Hvul_g14735_1	THAP_finger.HG1.67:like:THAP6/THAP11:likeclu:25/28	NA
Hvul_g6189_1	THAP_finger.HG1.67:like:THAP6/THAP11:likeclu:25/28	NA
Hvul_g17386_1	THAP_finger.HG1.67:like:THAP6/THAP11:likeclu:25/28	NA
Hvul_g25310_1	THAP_finger.HG1.67:like:THAP6/THAP11:likeclu:25/28	NA
Hvul_g8890_1	THAP_finger.HG1.67:like:THAP6/THAP11:likeclu:25/28	NA
Hvul_g362_1	THAP_finger.HG1.67:like:THAP6/THAP11:likeclu:25/28	NA
Hvul_g22118_1	THAP_finger.HG1.67:like:THAP6/THAP11:likeclu:25/28	NA
Hvul_g13790_1	THAP_finger.HG1.67:like:THAP6/THAP11:likeclu:25/28	NA
Hvul_g830_1	THAP_finger.HG1.67:like:THAP6/THAP11:likeclu:25/28	NA
Hvul_g26529_1	THAP_finger.HG1.67:like:THAP6/THAP11:likeclu:25/28	NA
Hvul_g26531_1	THAP_finger.HG1.67:like:THAP6/THAP11:likeclu:25/28	NA
Hvul_g9185_1	THAP_finger.HG1.67:like:THAP6/THAP11:likeclu:25/28	NA
Hvul_g24839_1	THAP_finger.HG1.67:like:THAP6/THAP11:likeclu:25/28	NA
Hvul_g21039_1	THAP_finger.HG1.67:like:THAP6/THAP11:likeclu:25/28	NA
Hvul_g27538_1	THAP_finger.HG1.71:like:THAP6/THAP11:likeclu:25/28	NA
Hvul_g17482_1	THAP_finger.HG1.113:like:THAP6/THAP11:likeclu:25/28	NA
Hvul_g17562_1	THAP_finger.HG1.126:like:THAP6/THAP11:likeclu:25/28	NA
Hvul_g12177_1	THAP_finger.HG1.127:like:THAP6/THAP11:likeclu:25/28	NA
Hvul_g14867_1	THAP_finger.HG2.13:AC073612/THAP2	AC073612/THAP2
Hvul_g10966_1	THAP_finger.HG2.13:AC073612/THAP2	AC073612/THAP2
Hvul_g826_1	THAP_finger.HG2.13:AC073612/THAP2	AC073612/THAP2
Hvul_g29230_1	THAP_finger.HG2.13:AC073612/THAP2	AC073612/THAP2
Hvul_g15050_1	THAP_finger.HG2.13:AC073612/THAP2	AC073612/THAP2
Hvul_g22120_1	THAP_finger.HG2.15:like:THAP7:likeclu:9	NA
Hvul_g20843_1	THAP_finger.HG3.0:like:THAP1/THAP3/THAP5/THAP9:likeclu:5/6/9/10	NA
Hvul_g17243_1	THAP_finger.HG3.0:like:THAP1/THAP3/THAP5/THAP9:likeclu:5/6/9/10	NA
Hvul_g23966_1	THAP_finger.HG3.0:like:THAP1/THAP3/THAP5/THAP9:likeclu:5/6/9/10	NA
Hvul_g21529_1	THAP_finger.HG3.0:like:THAP1/THAP3/THAP5/THAP9:likeclu:5/6/9/10	NA
Hvul_g22743_1	THAP_finger.HG3.0:like:THAP1/THAP3/THAP5/THAP9:likeclu:5/6/9/10	NA
Hvul_g26050_1	THAP_finger.HG3.0:like:THAP1/THAP3/THAP5/THAP9:likeclu:5/6/9/10	NA
Hvul_g30582_1	THAP_finger.HG3.0:like:THAP1/THAP3/THAP5/THAP9:likeclu:5/6/9/10	NA
Hvul_g12229_1	THAP_finger.HG3.0:like:THAP1/THAP3/THAP5/THAP9:likeclu:5/6/9/10	NA
Hvul_g22634_1	THAP_finger.HG3.0:like:THAP1/THAP3/THAP5/THAP9:likeclu:5/6/9/10	NA
Hvul_g24546_1	THAP_finger.HG3.0:like:THAP1/THAP3/THAP5/THAP9:likeclu:5/6/9/10	NA
Hvul_g30201_1	THAP_finger.HG3.0:like:THAP1/THAP3/THAP5/THAP9:likeclu:5/6/9/10	NA
Hvul_g4602_1	THAP_finger.HG3.0:like:THAP1/THAP3/THAP5/THAP9:likeclu:5/6/9/10	NA
Hvul_g24198_1	THAP_finger.HG3.0:like:THAP1/THAP3/THAP5/THAP9:likeclu:5/6/9/10	NA
Hvul_g1131_1	THAP_finger.HG3.0:like:THAP1/THAP3/THAP5/THAP9:likeclu:5/6/9/10	NA
Hvul_g26367_1	THAP_finger.HG3.0:like:THAP1/THAP3/THAP5/THAP9:likeclu:5/6/9/10	NA
Hvul_g840_1	THAP_finger.HG3.0:like:THAP1/THAP3/THAP5/THAP9:likeclu:5/6/9/10	NA
Hvul_g32604_1	THAP_finger.HG3.0:like:THAP1/THAP3/THAP5/THAP9:likeclu:5/6/9/10	NA
Hvul_g17628_1	THAP_finger.HG3.0:like:THAP1/THAP3/THAP5/THAP9:likeclu:5/6/9/10	NA
Hvul_g28837_1	THAP_finger.HG3.0:like:THAP1/THAP3/THAP5/THAP9:likeclu:5/6/9/10	NA
Hvul_g25252_1	THAP_finger.HG3.0:like:THAP1/THAP3/THAP5/THAP9:likeclu:5/6/9/10	NA
Hvul_g28487_1	THAP_finger.HG3.0:like:THAP1/THAP3/THAP5/THAP9:likeclu:5/6/9/10	NA
Hvul_g8173_1	THAP_finger.HG3.0:like:THAP1/THAP3/THAP5/THAP9:likeclu:5/6/9/10	NA
Hvul_g33004_1	THAP_finger.HG3.0:like:THAP1/THAP3/THAP5/THAP9:likeclu:5/6/9/10	NA
Hvul_g12317_1	THAP_finger.HG3.0:like:THAP1/THAP3/THAP5/THAP9:likeclu:5/6/9/10	NA
Hvul_g22354_1	THAP_finger.HG3.0:like:THAP1/THAP3/THAP5/THAP9:likeclu:5/6/9/10	NA
Hvul_g11580_1	THAP_finger.HG3.0:like:THAP1/THAP3/THAP5/THAP9:likeclu:5/6/9/10	NA
Hvul_g4317_1	THAP_finger.HG3.0:like:THAP1/THAP3/THAP5/THAP9:likeclu:5/6/9/10	NA
Hvul_g21034_1	THAP_finger.HG3.0:like:THAP1/THAP3/THAP5/THAP9:likeclu:5/6/9/10	NA
Hvul_g11257_1	THAP_finger.HG3.0:like:THAP1/THAP3/THAP5/THAP9:likeclu:5/6/9/10	NA
Hvul_g30130_1	THAP_finger.HG3.0:like:THAP1/THAP3/THAP5/THAP9:likeclu:5/6/9/10	NA
Hvul_g14443_1	THAP_finger.HG3.0:like:THAP1/THAP3/THAP5/THAP9:likeclu:5/6/9/10	NA
Hvul_g7547_1	THAP_finger.HG3.0:like:THAP1/THAP3/THAP5/THAP9:likeclu:5/6/9/10	NA
Hvul_g25950_1	THAP_finger.HG3.0:like:THAP1/THAP3/THAP5/THAP9:likeclu:5/6/9/10	NA
Hvul_g2767_1	THAP_finger.HG3.0:like:THAP1/THAP3/THAP5/THAP9:likeclu:5/6/9/10	NA
Hvul_g11621_1	THAP_finger.HG3.0:like:THAP1/THAP3/THAP5/THAP9:likeclu:5/6/9/10	NA
Hvul_g20929_1	THAP_finger.HG3.0:like:THAP1/THAP3/THAP5/THAP9:likeclu:5/6/9/10	NA
Hvul_g14504_1	THAP_finger.HG3.0:like:THAP1/THAP3/THAP5/THAP9:likeclu:5/6/9/10	NA
Hvul_g28279_1	THAP_finger.HG3.0:like:THAP1/THAP3/THAP5/THAP9:likeclu:5/6/9/10	NA
Hvul_g18583_1	THAP_finger.HG3.0:like:THAP1/THAP3/THAP5/THAP9:likeclu:5/6/9/10	NA
Hvul_g9842_1	THAP_finger.HG3.0:like:THAP1/THAP3/THAP5/THAP9:likeclu:5/6/9/10	NA
Hvul_g32300_1	THAP_finger.HG3.0:like:THAP1/THAP3/THAP5/THAP9:likeclu:5/6/9/10	NA
Hvul_g20875_1	THAP_finger.HG3.0:like:THAP1/THAP3/THAP5/THAP9:likeclu:5/6/9/10	NA
Hvul_g265_1	THAP_finger.HG3.0:like:THAP1/THAP3/THAP5/THAP9:likeclu:5/6/9/10	NA
Hvul_g16766_1	THAP_finger.HG3.0:like:THAP1/THAP3/THAP5/THAP9:likeclu:5/6/9/10	NA
Hvul_g5433_1	THAP_finger.HG3.0:like:THAP1/THAP3/THAP5/THAP9:likeclu:5/6/9/10	NA
Hvul_g293_1	THAP_finger.HG3.0:like:THAP1/THAP3/THAP5/THAP9:likeclu:5/6/9/10	NA
Hvul_g3946_1	THAP_finger.HG3.0:like:THAP1/THAP3/THAP5/THAP9:likeclu:5/6/9/10	NA
Hvul_g25107_1	THAP_finger.HG3.1:like:THAP1/THAP3/THAP5/THAP9:likeclu:5/6/9/10	NA
Hvul_g28995_1	THAP_finger.HG3.1:like:THAP1/THAP3/THAP5/THAP9:likeclu:5/6/9/10	NA
Hvul_g3145_1	THAP_finger.HG3.1:like:THAP1/THAP3/THAP5/THAP9:likeclu:5/6/9/10	NA
Hvul_g5280_1	THAP_finger.HG3.3:like:THAP1/THAP3/THAP5/THAP9:likeclu:5/6/9/10	NA
Hvul_g20583_1	THAP_finger.HG3.3:like:THAP1/THAP3/THAP5/THAP9:likeclu:5/6/9/10	NA
Hvul_g21789_1	THAP_finger.HG3.3:like:THAP1/THAP3/THAP5/THAP9:likeclu:5/6/9/10	NA
Hvul_g21795_1	THAP_finger.HG3.3:like:THAP1/THAP3/THAP5/THAP9:likeclu:5/6/9/10	NA
Hvul_g6196_1	THAP_finger.HG3.3:like:THAP1/THAP3/THAP5/THAP9:likeclu:5/6/9/10	NA
Hvul_g11759_1	THAP_finger.HG3.3:like:THAP1/THAP3/THAP5/THAP9:likeclu:5/6/9/10	NA
Hvul_g14559_1	THAP_finger.HG3.3:like:THAP1/THAP3/THAP5/THAP9:likeclu:5/6/9/10	NA
Hvul_g11769_1	THAP_finger.HG3.3:like:THAP1/THAP3/THAP5/THAP9:likeclu:5/6/9/10	NA
Hvul_g26894_1	THAP_finger.HG3.4:like:THAP1/THAP3/THAP5/THAP9:likeclu:5/6/9/10	NA
Hvul_g828_1	THAP_finger.HG3.4:like:THAP1/THAP3/THAP5/THAP9:likeclu:5/6/9/10	NA
Hvul_g21054_1	THAP_finger.HG3.4:like:THAP1/THAP3/THAP5/THAP9:likeclu:5/6/9/10	NA
Hvul_g31827_1	THAP_finger.HG3.4:like:THAP1/THAP3/THAP5/THAP9:likeclu:5/6/9/10	NA
Hvul_g25530_1	THAP_finger.HG3.4:like:THAP1/THAP3/THAP5/THAP9:likeclu:5/6/9/10	NA
Hvul_g4100_1	THAP_finger.HG3.4:like:THAP1/THAP3/THAP5/THAP9:likeclu:5/6/9/10	NA
Hvul_g25908_1	THAP_finger.HG3.4:like:THAP1/THAP3/THAP5/THAP9:likeclu:5/6/9/10	NA
Hvul_g30849_1	THAP_finger.HG3.4:like:THAP1/THAP3/THAP5/THAP9:likeclu:5/6/9/10	NA
Hvul_g14093_1	THAP_finger.HG3.4:like:THAP1/THAP3/THAP5/THAP9:likeclu:5/6/9/10	NA
Hvul_g7184_1	THAP_finger.HG3.4:like:THAP1/THAP3/THAP5/THAP9:likeclu:5/6/9/10	NA
Hvul_g12165_1	THAP_finger.HG3.4:like:THAP1/THAP3/THAP5/THAP9:likeclu:5/6/9/10	NA
Hvul_g9963_1	THAP_finger.HG3.4:like:THAP1/THAP3/THAP5/THAP9:likeclu:5/6/9/10	NA
Hvul_g14660_1	THAP_finger.HG3.4:like:THAP1/THAP3/THAP5/THAP9:likeclu:5/6/9/10	NA
Hvul_g26879_1	THAP_finger.HG3.4:like:THAP1/THAP3/THAP5/THAP9:likeclu:5/6/9/10	NA
Hvul_g30514_1	THAP_finger.HG3.4:like:THAP1/THAP3/THAP5/THAP9:likeclu:5/6/9/10	NA
Hvul_g13537_1	THAP_finger.HG3.4:like:THAP1/THAP3/THAP5/THAP9:likeclu:5/6/9/10	NA
Hvul_g18464_1	THAP_finger.HG3.4:like:THAP1/THAP3/THAP5/THAP9:likeclu:5/6/9/10	NA
Hvul_g12569_1	THAP_finger.HG3.4:like:THAP1/THAP3/THAP5/THAP9:likeclu:5/6/9/10	NA
Hvul_g1244_1	THAP_finger.HG3.4:like:THAP1/THAP3/THAP5/THAP9:likeclu:5/6/9/10	NA
Hvul_g29205_1	THAP_finger.HG3.4:like:THAP1/THAP3/THAP5/THAP9:likeclu:5/6/9/10	NA
Hvul_g15839_1	THAP_finger.HG3.4:like:THAP1/THAP3/THAP5/THAP9:likeclu:5/6/9/10	NA
Hvul_g2852_1	THAP_finger.HG3.4:like:THAP1/THAP3/THAP5/THAP9:likeclu:5/6/9/10	NA
Hvul_g1271_1	THAP_finger.HG3.4:like:THAP1/THAP3/THAP5/THAP9:likeclu:5/6/9/10	NA
Hvul_g31669_1	THAP_finger.HG3.4:like:THAP1/THAP3/THAP5/THAP9:likeclu:5/6/9/10	NA
Hvul_g20346_1	THAP_finger.HG3.4:like:THAP1/THAP3/THAP5/THAP9:likeclu:5/6/9/10	NA
Hvul_g33036_1	THAP_finger.HG3.5:THAP1	THAP1
Hvul_g13998_1	THAP_finger.HG3.5:THAP1	THAP1
Hvul_g25493_1	THAP_finger.HG3.5:THAP1	THAP1
Hvul_g23542_1	THAP_finger.HG3.5:THAP1	THAP1
Hvul_g24756_1	THAP_finger.HG3.5:THAP1	THAP1
Hvul_g12534_1	THAP_finger.HG3.5:THAP1	THAP1
Hvul_g18141_1	THAP_finger.HG3.5:THAP1	THAP1
Hvul_g32338_1	THAP_finger.HG3.5:THAP1	THAP1
Hvul_g12501_1	THAP_finger.HG3.5:THAP1	THAP1
Hvul_g19789_1	THAP_finger.HG3.5:THAP1	THAP1
Hvul_g32434_1	THAP_finger.HG3.5:THAP1	THAP1
Hvul_g5258_1	THAP_finger.HG3.6:THAP5	THAP5
Hvul_g28973_1	THAP_finger.HG3.7:like:THAP1/THAP3/THAP5/THAP9:likeclu:5/6/9/10	NA
Hvul_g13626_1	THAP_finger.HG3.9:THAP9	THAP9
Hvul_g9804_1	THAP_finger.HG3.10:THAP3	THAP3
Hvul_g12914_1	THAP_finger.HG4.1:NA	NA
Hvul_g25348_1	THAP_finger.HG4.1:NA	NA
Hvul_g11281_1	THAP_finger.HG4.1:NA	NA
Hvul_g30560_1	THAP_finger.HG4.1:NA	NA
Hvul_g24913_1	THAP_finger.HG4.2:NA	NA
Hvul_g23239_1	THAP_finger.HG4.2:NA	NA
Hvul_g6425_1	THAP_finger.HG4.2:NA	NA
Hvul_g16731_1	THAP_finger.HG4.4:NA	NA
Hvul_g1329_1	THAP_finger.HG4.5:NA	NA
Hvul_g19415_1	THAP_finger.HG4.7:NA	NA
Hvul_g17107_1	THAP_finger.HG4.8:NA	NA
Hvul_g30718_1	THAP_finger.HG4.9:NA	NA
Hvul_g25839_1	THAP_finger.HG4.12:NA	NA
Hvul_g12750_1	THAP_finger.HG4.13:NA	NA
Hvul_g28112_1	THAP_finger.HG4.14:NA	NA
Hvul_g25553_1	THAP_finger.HG4.15:NA	NA
Hvul_g6766_1	THAP_finger.HG4.16:NA	NA
Hvul_g26525_1	THAP_finger.HG4.17:NA	NA
Hvul_g3731_1	Tub.HG1.1:TUB/TULP1/TULP2/TULP3	TUB/TULP1/TULP3
Hvul_g14694_1	YL1.HG1.0:VPS72	VPS72
Hvul_g16650_1	zf-BED.HG1.0:like:ZBED1/ZBED2/ZBED3/ZBED4/ZBED6:likeclu:6/8/11/12	NA
Hvul_g550_1	zf-BED.HG1.0:like:ZBED1/ZBED2/ZBED3/ZBED4/ZBED6:likeclu:6/8/11/12	NA
Hvul_g33031_1	zf-BED.HG1.0:like:ZBED1/ZBED2/ZBED3/ZBED4/ZBED6:likeclu:6/8/11/12	NA
Hvul_g27699_1	zf-BED.HG1.0:like:ZBED1/ZBED2/ZBED3/ZBED4/ZBED6:likeclu:6/8/11/12	NA
Hvul_g11460_1	zf-BED.HG1.0:like:ZBED1/ZBED2/ZBED3/ZBED4/ZBED6:likeclu:6/8/11/12	NA
Hvul_g31433_1	zf-BED.HG1.0:like:ZBED1/ZBED2/ZBED3/ZBED4/ZBED6:likeclu:6/8/11/12	NA
Hvul_g20787_1	zf-BED.HG1.1:like:ZBED1/ZBED2/ZBED3/ZBED4/ZBED6:likeclu:6/8/11/12	NA
Hvul_g31814_1	zf-BED.HG1.1:like:ZBED1/ZBED2/ZBED3/ZBED4/ZBED6:likeclu:6/8/11/12	NA
Hvul_g25845_1	zf-BED.HG1.1:like:ZBED1/ZBED2/ZBED3/ZBED4/ZBED6:likeclu:6/8/11/12	NA
Hvul_g28708_1	zf-BED.HG1.1:like:ZBED1/ZBED2/ZBED3/ZBED4/ZBED6:likeclu:6/8/11/12	NA
Hvul_g6341_1	zf-BED.HG1.1:like:ZBED1/ZBED2/ZBED3/ZBED4/ZBED6:likeclu:6/8/11/12	NA
Hvul_g18517_1	zf-BED.HG1.1:like:ZBED1/ZBED2/ZBED3/ZBED4/ZBED6:likeclu:6/8/11/12	NA
Hvul_g3488_1	zf-BED.HG1.1:like:ZBED1/ZBED2/ZBED3/ZBED4/ZBED6:likeclu:6/8/11/12	NA
Hvul_g33596_1	zf-BED.HG1.1:like:ZBED1/ZBED2/ZBED3/ZBED4/ZBED6:likeclu:6/8/11/12	NA
Hvul_g2707_1	zf-BED.HG1.1:like:ZBED1/ZBED2/ZBED3/ZBED4/ZBED6:likeclu:6/8/11/12	NA
Hvul_g12497_1	zf-BED.HG1.1:like:ZBED1/ZBED2/ZBED3/ZBED4/ZBED6:likeclu:6/8/11/12	NA
Hvul_g12525_1	zf-BED.HG1.1:like:ZBED1/ZBED2/ZBED3/ZBED4/ZBED6:likeclu:6/8/11/12	NA
Hvul_g15875_1	zf-BED.HG1.1:like:ZBED1/ZBED2/ZBED3/ZBED4/ZBED6:likeclu:6/8/11/12	NA
Hvul_g21256_1	zf-BED.HG1.1:like:ZBED1/ZBED2/ZBED3/ZBED4/ZBED6:likeclu:6/8/11/12	NA
Hvul_g2599_1	zf-BED.HG1.1:like:ZBED1/ZBED2/ZBED3/ZBED4/ZBED6:likeclu:6/8/11/12	NA
Hvul_g1991_1	zf-BED.HG1.1:like:ZBED1/ZBED2/ZBED3/ZBED4/ZBED6:likeclu:6/8/11/12	NA
Hvul_g20955_1	zf-BED.HG1.1:like:ZBED1/ZBED2/ZBED3/ZBED4/ZBED6:likeclu:6/8/11/12	NA
Hvul_g11541_1	zf-BED.HG1.1:like:ZBED1/ZBED2/ZBED3/ZBED4/ZBED6:likeclu:6/8/11/12	NA
Hvul_g19488_1	zf-BED.HG1.1:like:ZBED1/ZBED2/ZBED3/ZBED4/ZBED6:likeclu:6/8/11/12	NA
Hvul_g22794_1	zf-BED.HG1.1:like:ZBED1/ZBED2/ZBED3/ZBED4/ZBED6:likeclu:6/8/11/12	NA
Hvul_g10248_1	zf-BED.HG1.1:like:ZBED1/ZBED2/ZBED3/ZBED4/ZBED6:likeclu:6/8/11/12	NA
Hvul_g5790_1	zf-BED.HG1.1:like:ZBED1/ZBED2/ZBED3/ZBED4/ZBED6:likeclu:6/8/11/12	NA
Hvul_g3881_1	zf-BED.HG1.1:like:ZBED1/ZBED2/ZBED3/ZBED4/ZBED6:likeclu:6/8/11/12	NA
Hvul_g11491_1	zf-BED.HG1.1:like:ZBED1/ZBED2/ZBED3/ZBED4/ZBED6:likeclu:6/8/11/12	NA
Hvul_g14138_1	zf-BED.HG1.1:like:ZBED1/ZBED2/ZBED3/ZBED4/ZBED6:likeclu:6/8/11/12	NA
Hvul_g19767_1	zf-BED.HG1.1:like:ZBED1/ZBED2/ZBED3/ZBED4/ZBED6:likeclu:6/8/11/12	NA
Hvul_g21121_1	zf-BED.HG1.1:like:ZBED1/ZBED2/ZBED3/ZBED4/ZBED6:likeclu:6/8/11/12	NA
Hvul_g11151_1	zf-BED.HG1.1:like:ZBED1/ZBED2/ZBED3/ZBED4/ZBED6:likeclu:6/8/11/12	NA
Hvul_g11198_1	zf-BED.HG1.1:like:ZBED1/ZBED2/ZBED3/ZBED4/ZBED6:likeclu:6/8/11/12	NA
Hvul_g8943_1	zf-BED.HG1.1:like:ZBED1/ZBED2/ZBED3/ZBED4/ZBED6:likeclu:6/8/11/12	NA
Hvul_g24444_1	zf-BED.HG1.1:like:ZBED1/ZBED2/ZBED3/ZBED4/ZBED6:likeclu:6/8/11/12	NA
Hvul_g29630_1	zf-BED.HG1.1:like:ZBED1/ZBED2/ZBED3/ZBED4/ZBED6:likeclu:6/8/11/12	NA
Hvul_g8104_1	zf-BED.HG1.1:like:ZBED1/ZBED2/ZBED3/ZBED4/ZBED6:likeclu:6/8/11/12	NA
Hvul_g14817_1	zf-BED.HG1.1:like:ZBED1/ZBED2/ZBED3/ZBED4/ZBED6:likeclu:6/8/11/12	NA
Hvul_g5749_1	zf-BED.HG1.1:like:ZBED1/ZBED2/ZBED3/ZBED4/ZBED6:likeclu:6/8/11/12	NA
Hvul_g2835_1	zf-BED.HG1.1:like:ZBED1/ZBED2/ZBED3/ZBED4/ZBED6:likeclu:6/8/11/12	NA
Hvul_g21750_1	zf-BED.HG1.1:like:ZBED1/ZBED2/ZBED3/ZBED4/ZBED6:likeclu:6/8/11/12	NA
Hvul_g6026_1	zf-BED.HG1.2:like:ZBED1/ZBED2/ZBED3/ZBED4/ZBED6:likeclu:6/8/11/12	NA
Hvul_g11827_1	zf-BED.HG1.2:like:ZBED1/ZBED2/ZBED3/ZBED4/ZBED6:likeclu:6/8/11/12	NA
Hvul_g23240_1	zf-BED.HG1.2:like:ZBED1/ZBED2/ZBED3/ZBED4/ZBED6:likeclu:6/8/11/12	NA
Hvul_g20693_1	zf-BED.HG1.2:like:ZBED1/ZBED2/ZBED3/ZBED4/ZBED6:likeclu:6/8/11/12	NA
Hvul_g12677_1	zf-BED.HG1.2:like:ZBED1/ZBED2/ZBED3/ZBED4/ZBED6:likeclu:6/8/11/12	NA
Hvul_g27047_1	zf-BED.HG1.2:like:ZBED1/ZBED2/ZBED3/ZBED4/ZBED6:likeclu:6/8/11/12	NA
Hvul_g32646_1	zf-BED.HG1.2:like:ZBED1/ZBED2/ZBED3/ZBED4/ZBED6:likeclu:6/8/11/12	NA
Hvul_g14801_1	zf-BED.HG1.2:like:ZBED1/ZBED2/ZBED3/ZBED4/ZBED6:likeclu:6/8/11/12	NA
Hvul_g16745_1	zf-BED.HG1.2:like:ZBED1/ZBED2/ZBED3/ZBED4/ZBED6:likeclu:6/8/11/12	NA
Hvul_g25484_1	zf-BED.HG1.2:like:ZBED1/ZBED2/ZBED3/ZBED4/ZBED6:likeclu:6/8/11/12	NA
Hvul_g9367_1	zf-BED.HG1.2:like:ZBED1/ZBED2/ZBED3/ZBED4/ZBED6:likeclu:6/8/11/12	NA
Hvul_g1373_1	zf-BED.HG1.2:like:ZBED1/ZBED2/ZBED3/ZBED4/ZBED6:likeclu:6/8/11/12	NA
Hvul_g33799_1	zf-BED.HG1.2:like:ZBED1/ZBED2/ZBED3/ZBED4/ZBED6:likeclu:6/8/11/12	NA
Hvul_g6054_1	zf-BED.HG1.2:like:ZBED1/ZBED2/ZBED3/ZBED4/ZBED6:likeclu:6/8/11/12	NA
Hvul_g25701_1	zf-BED.HG1.2:like:ZBED1/ZBED2/ZBED3/ZBED4/ZBED6:likeclu:6/8/11/12	NA
Hvul_g6197_1	zf-BED.HG1.2:like:ZBED1/ZBED2/ZBED3/ZBED4/ZBED6:likeclu:6/8/11/12	NA
Hvul_g14319_1	zf-BED.HG1.2:like:ZBED1/ZBED2/ZBED3/ZBED4/ZBED6:likeclu:6/8/11/12	NA
Hvul_g10900_1	zf-BED.HG1.2:like:ZBED1/ZBED2/ZBED3/ZBED4/ZBED6:likeclu:6/8/11/12	NA
Hvul_g20595_1	zf-BED.HG1.2:like:ZBED1/ZBED2/ZBED3/ZBED4/ZBED6:likeclu:6/8/11/12	NA
Hvul_g25598_1	zf-BED.HG1.2:like:ZBED1/ZBED2/ZBED3/ZBED4/ZBED6:likeclu:6/8/11/12	NA
Hvul_g2453_1	zf-BED.HG1.2:like:ZBED1/ZBED2/ZBED3/ZBED4/ZBED6:likeclu:6/8/11/12	NA
Hvul_g21441_1	zf-BED.HG1.2:like:ZBED1/ZBED2/ZBED3/ZBED4/ZBED6:likeclu:6/8/11/12	NA
Hvul_g13373_1	zf-BED.HG1.2:like:ZBED1/ZBED2/ZBED3/ZBED4/ZBED6:likeclu:6/8/11/12	NA
Hvul_g5195_1	zf-BED.HG1.2:like:ZBED1/ZBED2/ZBED3/ZBED4/ZBED6:likeclu:6/8/11/12	NA
Hvul_g6050_1	zf-BED.HG1.2:like:ZBED1/ZBED2/ZBED3/ZBED4/ZBED6:likeclu:6/8/11/12	NA
Hvul_g18496_1	zf-BED.HG1.2:like:ZBED1/ZBED2/ZBED3/ZBED4/ZBED6:likeclu:6/8/11/12	NA
Hvul_g19141_1	zf-BED.HG1.2:like:ZBED1/ZBED2/ZBED3/ZBED4/ZBED6:likeclu:6/8/11/12	NA
Hvul_g2163_1	zf-BED.HG1.2:like:ZBED1/ZBED2/ZBED3/ZBED4/ZBED6:likeclu:6/8/11/12	NA
Hvul_g13344_1	zf-BED.HG1.2:like:ZBED1/ZBED2/ZBED3/ZBED4/ZBED6:likeclu:6/8/11/12	NA
Hvul_g3469_1	zf-BED.HG1.2:like:ZBED1/ZBED2/ZBED3/ZBED4/ZBED6:likeclu:6/8/11/12	NA
Hvul_g18458_1	zf-BED.HG1.3:like:ZBED4/ZBED6:likeclu:6	NA
Hvul_g527_1	zf-BED.HG1.3:like:ZBED4/ZBED6:likeclu:6	NA
Hvul_g21457_1	zf-BED.HG1.3:like:ZBED4/ZBED6:likeclu:6	NA
Hvul_g23563_1	zf-BED.HG1.5:like:ZBED4/ZBED6:likeclu:6	NA
Hvul_g22855_1	zf-BED.HG1.5:like:ZBED4/ZBED6:likeclu:6	NA
Hvul_g24983_1	zf-BED.HG1.5:like:ZBED4/ZBED6:likeclu:6	NA
Hvul_g11684_1	zf-BED.HG1.5:like:ZBED4/ZBED6:likeclu:6	NA
Hvul_g2507_1	zf-BED.HG1.5:like:ZBED4/ZBED6:likeclu:6	NA
Hvul_g25258_1	zf-BED.HG1.6:ZBED4/ZBED6	ZBED4/ZBED6
Hvul_g16049_1	zf-BED.HG1.6:ZBED4/ZBED6	ZBED4/ZBED6
Hvul_g125_1	zf-BED.HG1.6:ZBED4/ZBED6	ZBED4/ZBED6
Hvul_g27510_1	zf-BED.HG1.6:ZBED4/ZBED6	ZBED4/ZBED6
Hvul_g4217_1	zf-BED.HG1.6:ZBED4/ZBED6	ZBED4/ZBED6
Hvul_g29123_1	zf-BED.HG1.6:ZBED4/ZBED6	ZBED4/ZBED6
Hvul_g6281_1	zf-BED.HG1.6:ZBED4/ZBED6	ZBED4/ZBED6
Hvul_g16106_1	zf-BED.HG1.6:ZBED4/ZBED6	ZBED4/ZBED6
Hvul_g23150_1	zf-BED.HG1.6:ZBED4/ZBED6	ZBED4/ZBED6
Hvul_g26689_1	zf-BED.HG1.6:ZBED4/ZBED6	ZBED4/ZBED6
Hvul_g28794_1	zf-BED.HG1.6:ZBED4/ZBED6	ZBED4/ZBED6
Hvul_g27357_1	zf-BED.HG1.6:ZBED4/ZBED6	ZBED4/ZBED6
Hvul_g9673_1	zf-BED.HG1.6:ZBED4/ZBED6	ZBED4/ZBED6
Hvul_g18024_1	zf-BED.HG1.8:ZBED1	ZBED1
Hvul_g8403_1	zf-BED.HG1.13:like:ZBED1:likeclu:8	NA
Hvul_g24371_1	zf-BED.HG1.14:like:ZBED1:likeclu:8	NA
Hvul_g28889_1	zf-BED.HG1.15:like:ZBED1:likeclu:8	NA
Hvul_g26216_1	zf-C2H2.HG10.1:ZNF576	ZNF576
Hvul_g5415_1	zf-C2H2.HG10.7:like:GFI1/GFI1B:likeclu:8	NA
Hvul_g17310_1	zf-C2H2.HG10.11:like:GFI1/GFI1B:likeclu:8	NA
Hvul_g14703_1	zf-C2H2.HG10.13:like:GFI1/GFI1B:likeclu:8	NA
Hvul_g18961_1	zf-C2H2.HG11.5:like:KAT7:likeclu:6	NA
Hvul_g19303_1	zf-C2H2.HG11.8:L3MBTL1/L3MBTL4	L3MBTL1/L3MBTL4
Hvul_g32302_1	zf-C2H2.HG13.0:like:TRERF1/ZNF541:likeclu:1	NA
Hvul_g32290_1	zf-C2H2.HG13.1:TRERF1/ZNF541	TRERF1/ZNF541
Hvul_g1768_1	zf-C2H2.HG14.0:OVOL1/OVOL2/OVOL3	OVOL3
Hvul_g3730_1	zf-C2H2.HG17.0:ZNF277	ZNF277
Hvul_g27297_1	zf-C2H2.HG2.8:ZNF484/ZNF81	ZNF484/ZNF81
Hvul_g30508_1	zf-C2H2.HG2.98:ZNF133/ZNF169/ZNF337/ZNF343/ZNF589	ZNF133/ZNF169/ZNF337/ZNF343/ZNF589
Hvul_g24988_1	zf-C2H2.HG3.3:like:HINFP:likeclu:15	NA
Hvul_g30735_1	zf-C2H2.HG3.3:like:HINFP:likeclu:15	NA
Hvul_g30035_1	zf-C2H2.HG3.16:like:ZNF532/ZNF592/ZNF687:likeclu:31	NA
Hvul_g21824_1	zf-C2H2.HG3.24:like:ZNF532/ZNF592/ZNF687:likeclu:31	NA
Hvul_g9858_1	zf-C2H2.HG3.25:like:ZNF532/ZNF592/ZNF687:likeclu:31	NA
Hvul_g26682_1	zf-C2H2.HG3.40:like:ZNF512:likeclu:67	NA
Hvul_g14408_1	zf-C2H2.HG3.48:like:ZNF512:likeclu:67	NA
Hvul_g14268_1	zf-C2H2.HG3.50:like:ZNF512:likeclu:67	NA
Hvul_g79_1	zf-C2H2.HG3.52:like:ZNF532/ZNF592/ZNF687:likeclu:31	NA
Hvul_g9529_1	zf-C2H2.HG3.53:like:ZNF532/ZNF592/ZNF687:likeclu:31	NA
Hvul_g2140_1	zf-C2H2.HG4.5:EGR1/EGR2/EGR3/EGR4	islike:EGR1/EGR2/EGR3
Hvul_g33422_1	zf-C2H2.HG4.13:SP1/SP2/SP3/SP4/SP5/SP6/SP7/SP8/SP9	SP5
Hvul_g11780_1	zf-C2H2.HG4.13:SP1/SP2/SP3/SP4/SP5/SP6/SP7/SP8/SP9	SP2
Hvul_g6036_1	zf-C2H2.HG4.19:KLF10/KLF11	KLF10/KLF11
Hvul_g26871_1	zf-C2H2.HG4.20:MTF1	MTF1
Hvul_g27590_1	zf-C2H2.HG4.23:ZNF143/ZNF76	ZNF143/ZNF76
Hvul_g21685_1	zf-C2H2.HG4.26:KLF1/KLF2/KLF4	KLF1/KLF2/KLF4
Hvul_g1988_1	zf-C2H2.HG4.27:KLF6/KLF7	KLF6/KLF7
Hvul_g25118_1	zf-C2H2.HG4.28:like:KLF1/KLF2/KLF4:likeclu:26	NA
Hvul_g25120_1	zf-C2H2.HG4.29:like:KLF1/KLF2/KLF4:likeclu:26	NA
Hvul_g29870_1	zf-C2H2.HG4.32:like:EGR1/EGR2/EGR3/EGR4:likeclu:5	NA
Hvul_g29871_1	zf-C2H2.HG4.33:like:EGR1/EGR2/EGR3/EGR4:likeclu:5	NA
Hvul_g30955_1	zf-C2H2.HG4.39:like:KLF10/KLF11:likeclu:19	NA
Hvul_g31613_1	zf-C2H2.HG5.10:PRDM9	islike:PRDM9
Hvul_g22386_1	zf-C2H2.HG5.10:PRDM9	islike:PRDM9
Hvul_g10027_1	zf-C2H2.HG5.10:PRDM9	islike:PRDM9
Hvul_g31608_1	zf-C2H2.HG5.10:PRDM9	islike:PRDM9
Hvul_g22397_1	zf-C2H2.HG5.10:PRDM9	islike:PRDM9
Hvul_g4760_1	zf-C2H2.HG5.15:like:PRDM12/ZBTB40:likeclu:20/21	NA
Hvul_g25284_1	zf-C2H2.HG5.17:PRDM6	islike:PRDM6
Hvul_g21153_1	zf-C2H2.HG5.19:like:HIC1/HIC2/MYNN/PATZ1/PRDM1/PRDM2/PRDM4/PRDM6/PRDM8/PRDM9/PRDM10/PRDM12/PRDM14/PRDM15/RLF/ZBTB2/ZBTB3/ZBTB8A/ZBTB17/ZBTB18/ZBTB21/ZBTB24/ZBTB25/ZBTB32/ZBTB38/ZBTB40/ZBTB42/ZBTB47/ZBTB49/ZNF652/ZNF654/ZNF683:likeclu:5/8/10/13/16/17/18/20/21/22/24/26/28/30/31	NA
Hvul_g29734_1	zf-C2H2.HG5.24:PRDM2	PRDM2
Hvul_g15706_1	zf-C2H2.HG5.28:RLF	RLF
Hvul_g31372_1	zf-C2H2.HG6.0:GLI1/GLI2/GLI3/GLIS1/GLIS2/GLIS3/ZIC1/ZIC2/ZIC3/ZIC4/ZIC5	GLI1/GLI2/GLI3
Hvul_g4939_1	zf-C2H2.HG6.0:GLI1/GLI2/GLI3/GLIS1/GLIS2/GLIS3/ZIC1/ZIC2/ZIC3/ZIC4/ZIC5	GLIS2
Hvul_g16165_1	zf-C2H2.HG6.0:GLI1/GLI2/GLI3/GLIS1/GLIS2/GLIS3/ZIC1/ZIC2/ZIC3/ZIC4/ZIC5	ZIC1/ZIC2/ZIC3/ZIC4/ZIC5
Hvul_g27625_1	zf-C2H2.HG6.0:GLI1/GLI2/GLI3/GLIS1/GLIS2/GLIS3/ZIC1/ZIC2/ZIC3/ZIC4/ZIC5	ZIC1/ZIC2/ZIC3/ZIC4/ZIC5
Hvul_g15640_1	zf-C2H2.HG6.0:GLI1/GLI2/GLI3/GLIS1/GLIS2/GLIS3/ZIC1/ZIC2/ZIC3/ZIC4/ZIC5	islike:ZIC1/ZIC2/ZIC3/ZIC4/ZIC5
Hvul_g15359_1	zf-C2H2.HG6.0:GLI1/GLI2/GLI3/GLIS1/GLIS2/GLIS3/ZIC1/ZIC2/ZIC3/ZIC4/ZIC5	ZIC1/ZIC2/ZIC3/ZIC4/ZIC5
Hvul_g22988_1	zf-C2H2.HG8.0:FLYWCH1	islike:FLYWCH1
Hvul_g8578_1	zf-C2H2.HG8.4:like:FLYWCH1:likeclu:0	NA
Hvul_g15734_1	zf-C4_Nuclear_receptors.HG1.6:RXRA/RXRB/RXRG	RXRA/RXRB/RXRG
Hvul_g21755_1	zf-C4_Nuclear_receptors.HG1.8:AR/ESR1/ESR2/NR3C1/NR3C2/PGR	AR/ESR1/ESR2/NR3C1/NR3C2/PGR
Hvul_g23189_1	zf-C4_Nuclear_receptors.HG1.17:HNF4A/HNF4G	HNF4A/HNF4G
Hvul_g31562_1	zf-C4_Nuclear_receptors.HG1.22:NR2C1/NR2C2	NR2C1/NR2C2
Hvul_g21566_1	zf-C4_Nuclear_receptors.HG1.29:NR2E1/NR2E3	islike:NR2E1/NR2E3
Hvul_g18100_1	zf-C4_Nuclear_receptors.HG1.29:NR2E1/NR2E3	islike:NR2E1/NR2E3
Hvul_g29945_1	zf-C4_Nuclear_receptors.HG1.40:like:NR2F1/NR2F2/NR2F6:likeclu:42	NA
Hvul_g15881_1	zf-C4_Nuclear_receptors.HG1.42:NR2F1/NR2F2/NR2F6	NR2F1/NR2F2/NR2F6
Hvul_g18305_1	zf-CXXC.HG1.0:like:CXXC1/CXXC4/CXXC5/DNMT1/FBXL19/KDM2A/KDM2B/KMT2A/KMT2B/MBD1/TET1/TET3:likeclu:1/2/3/4/5/7	NA
Hvul_g23544_1	zf-CXXC.HG1.1:FBXL19/KDM2A/KDM2B	FBXL19/KDM2A/KDM2B
Hvul_g3060_1	zf-CXXC.HG1.5:CXXC1	CXXC1
Hvul_g9565_1	zf-CXXC.HG1.7:DNMT1	DNMT1
Hvul_g8514_1	zf-met.HG10.0:ZMAT2	ZMAT2
Hvul_g5062_1	zf-met.HG12.0:SCAPER	SCAPER
Hvul_g7630_1	zf-met.HG16.0:NA	NA
Hvul_g8476_1	zf-met.HG2.2:like:BCL6/BCL6B/GZF1/HIC1/HIC2/MAZ/MYNN/PATZ1/ZBTB6/ZBTB12/ZBTB14/ZBTB16/ZBTB20/ZBTB24/ZBTB26/ZBTB32/ZBTB34/ZBTB40/ZBTB44/ZBTB47/ZBTB49/ZNF131/ZNF652:likeclu:5/12/15/16/17/22/23/24/25/26/27/28	NA
Hvul_g19386_1	zf-met.HG2.10:like:BCL6/BCL6B/GZF1/HIC1/HIC2/MAZ/MYNN/PATZ1/ZBTB6/ZBTB12/ZBTB14/ZBTB16/ZBTB20/ZBTB24/ZBTB26/ZBTB32/ZBTB34/ZBTB40/ZBTB44/ZBTB47/ZBTB49/ZNF131/ZNF652:likeclu:5/12/15/16/17/22/23/24/25/26/27/28	NA
Hvul_g30022_1	zf-met.HG31.0:NA	NA
Hvul_g5098_1	zf-met.HG31.1:NA	NA
Hvul_g13272_1	zf-met.HG31.2:NA	NA
Hvul_g28346_1	zf-met.HG31.3:NA	NA
Hvul_g23187_1	zf-met.HG3.0:like:ZMAT1/ZMAT3/ZMAT4/ZNF346/ZNF385A/ZNF385B/ZNF385C/ZNF385D:likeclu:2/5/6	NA
Hvul_g26133_1	zf-met.HG4.1:like:ZFR/ZFR2:likeclu:2	NA
Hvul_g16700_1	zf-met.HG4.2:ZFR/ZFR2	ZFR/ZFR2
Hvul_g29108_1	zf-met.HG7.1:like:DNAJC21:likeclu:0	NA
Hvul_g29157_1	zf-met.HG9.1:ZF_ZEB1/ZF_ZEB2	ZF_ZEB1/ZF_ZEB2
Hvul_g1924_1	zf-met.HG9.3:like:ZF_ZEB1/ZF_ZEB2:likeclu:1	NA
Hvul_g7038_1	zf-MIZ.HG1.1:PIAS1/PIAS2/PIAS3/PIAS4	PIAS1/PIAS2/PIAS3/PIAS4
Hvul_g31028_1	zf-MIZ.HG1.3:ZMIZ1/ZMIZ2	ZMIZ1/ZMIZ2
Hvul_g15090_1	HLH.HG6.0:EBF1/EBF2/EBF3/EBF4	EBF1/EBF2/EBF3/EBF4
Hvul_g20391_1	zf-met.HG11.0:SF3A2	SF3A2
Hvul_g27294_1	Homeodomains.HG18.0:HNF_HMBOX1	HNF_HMBOX1
Hvul_g27644_1	zf-C2H2.HG10.24:like:GFI1/GFI1B:likeclu:8	NA
Hvul_g18246_1	zf-C2H2.HG15.0:ZNF622	ZNF622
Hvul_g20416_1	zf-met.HG29.0:ZNF319	ZNF319
Hvul_g1004_1	zf-C2H2.HG24.0:NA	NA
Hvul_g24652_1	zf-C2H2.HG3.30:like:ZNF512:likeclu:67	NA
Hvul_g4906_1	zf-C2H2.HG3.57:like:ZNF512:likeclu:67	NA
Hvul_g5106_1	zf-C2H2.HG3.8:like:HINFP:likeclu:15	NA
Hvul_g26866_1	zf-C2H2.HG9.3:like:ZNF771:likeclu:6	NA
Hvul_g16772_1	zf-met.Unclassified	NA
Hvul_g18877_1	zf-BED.Unclassified	NA
Hvul_g26250_1	bZIP.Unclassified	NA
Hvul_g26823_1	zf-C2H2.Unclassified	NA
Hvul_g27334_1	zf-BED.Unclassified	NA
Hvul_g2930_1	zf-BED.Unclassified	NA
Hvul_g30180_1	Pipsqueak.Unclassified	NA
Hvul_g31934_1	zf-C2H2.Unclassified	NA
Hvul_g406_1	CG-1.Unclassified	NA
Hvul_g4894_1	zf-C2H2.Unclassified	NA
Hvul_g581_1	zf-BED.Unclassified	NA
Hvul_g5926_1	zf-C2H2.Unclassified	NA
Hvul_g7517_1	zf-C2H2.Unclassified	NA
Hvul_g12590_1	Homeodomains.Unclassified	NA
Hvul_g25649_1	Homeodomains.Unclassified	NA
