V1	V2	V3
Nvec_v1g188910	AF-4.HG1.0:AFF1/AFF2/AFF3/AFF4	AFF1/AFF2/AFF3/AFF4
Nvec_v1g31519	AP-2.HG1.0:TFAP2A/TFAP2B/TFAP2C/TFAP2D/TFAP2E	TFAP2A/TFAP2B/TFAP2C/TFAP2D/TFAP2E
Nvec_NVE22947	ARID_BRIGHT.HG1.0:like:ARID4A/ARID4B:likeclu:1	
Nvec_NVE18085	ARID_BRIGHT.HG1.0:like:ARID4A/ARID4B:likeclu:1	
Nvec_v1g114579	ARID_BRIGHT.HG1.1:ARID4A/ARID4B	ARID4A/ARID4B
Nvec_v1g81183	ARID_BRIGHT.HG1.2:ARID5A/ARID5B	ARID5A/ARID5B
Nvec_v1g91926	ARID_BRIGHT.HG1.4:ARID3A/ARID3B/ARID3C	ARID3A/ARID3B/ARID3C
Nvec_v1g239891	ARID_BRIGHT.HG2.0:JARID2	JARID2
Nvec_NVE8979	ARID_BRIGHT.HG2.2:KDM5A/KDM5B/KDM5C/KDM5D	KDM5A/KDM5B/KDM5C/KDM5D
Nvec_v1g42971	ARID_BRIGHT.HG3.0:ARID2	ARID2
Nvec_NVE15035	Brinker.HG1.4:like:POGK:likeclu:3	
Nvec_NVE5459	bZIP.HG1.0:like:DBP/HLF/NFIL3/TEF:likeclu:12/16	
Nvec_NVE13315	bZIP.HG1.2:ATF4/ATF5	ATF4/ATF5
Nvec_v1g242270	bZIP.HG1.3:like:DBP/HLF/NFIL3/TEF:likeclu:12/16	
Nvec_v1g241379	bZIP.HG1.3:like:DBP/HLF/NFIL3/TEF:likeclu:12/16	
Nvec_v1g104726	bZIP.HG1.5:CEBPA/CEBPB/CEBPD/CEBPE/CEBPG	CEBPA/CEBPB/CEBPD/CEBPE
Nvec_v1g114346	bZIP.HG1.5:CEBPA/CEBPB/CEBPD/CEBPE/CEBPG	islike:CEBPA/CEBPB/CEBPD/CEBPE
Nvec_v1g34679	bZIP.HG1.7:ATF2/ATF7/CREB5	ATF2/ATF7/CREB5
Nvec_v1g9381	bZIP.HG1.7:ATF2/ATF7/CREB5	ATF2/ATF7/CREB5
Nvec_v1g80243	bZIP.HG1.10:like:DBP/HLF/NFIL3/TEF:likeclu:12/16	
Nvec_v1g150375	bZIP.HG1.11:like:DBP/HLF/NFIL3/TEF:likeclu:12/16	
Nvec_v1g87565	bZIP.HG1.11:like:DBP/HLF/NFIL3/TEF:likeclu:12/16	
Nvec_v1g39846	bZIP.HG1.11:like:DBP/HLF/NFIL3/TEF:likeclu:12/16	
Nvec_v1g165267	bZIP.HG1.12:DBP/HLF/TEF	DBP/HLF/TEF
Nvec_v1g197394	bZIP.HG1.12:DBP/HLF/TEF	DBP/HLF/TEF
Nvec_NVE1028	bZIP.HG1.19:FOS/FOSB/FOSL1/FOSL2	FOS/FOSB/FOSL1/FOSL2
Nvec_v1g232694	bZIP.HG1.19:FOS/FOSB/FOSL1/FOSL2	FOS/FOSB/FOSL1/FOSL2
Nvec_v1g8492	bZIP.HG1.19:FOS/FOSB/FOSL1/FOSL2	FOS/FOSB/FOSL1/FOSL2
Nvec_v1g29743	bZIP.HG1.19:FOS/FOSB/FOSL1/FOSL2	FOS/FOSB/FOSL1/FOSL2
Nvec_v1g244559	bZIP.HG1.22:like:ATF3/JDP2:likeclu:23	
Nvec_v1g233229	bZIP.HG1.22:like:ATF3/JDP2:likeclu:23	
Nvec_v1g99714	bZIP.HG2.1:MAFF/MAFG/MAFK	MAFF/MAFG/MAFK
Nvec_v1g118896	bZIP.HG2.2:like:MAF/MAFA/MAFB/MAFF/MAFG/MAFK/NRL:likeclu:0/1	
Nvec_v1g86952	bZIP.HG2.4:like:MAF/MAFA/MAFB/MAFF/MAFG/MAFK/NRL:likeclu:0/1	
Nvec_v1g18367	bZIP.HG2.4:like:MAF/MAFA/MAFB/MAFF/MAFG/MAFK/NRL:likeclu:0/1	
Nvec_v1g248021	bZIP.HG3.1:CREBZF	CREBZF
Nvec_v1g243817	bZIP.HG3.4:CREB3/CREB3L3/CREB3L4	CREB3/CREB3L3/CREB3L4
Nvec_NVE15554	bZIP.HG3.5:CREB3L1/CREB3L2	islike:CREB3L1/CREB3L2
Nvec_v1g28519	bZIP.HG3.5:CREB3L1/CREB3L2	CREB3L1/CREB3L2
Nvec_v1g238589	bZIP.HG4.1:JUN/JUNB/JUND	islike:JUN/JUNB/JUND
Nvec_v1g241767	bZIP.HG4.1:JUN/JUNB/JUND	islike:JUN/JUNB/JUND
Nvec_v1g89862	bZIP.HG4.1:JUN/JUNB/JUND	islike:JUN/JUNB/JUND
Nvec_v1g95962	bZIP.HG4.1:JUN/JUNB/JUND	islike:JUN/JUNB/JUND
Nvec_v1g126097	bZIP.HG4.1:JUN/JUNB/JUND	islike:JUN/JUNB/JUND
Nvec_v1g39436	bZIP.HG5.0:CREBL2	CREBL2
Nvec_v1g242787	bZIP.HG5.1:ATF1/CREB1/CREM	ATF1/CREB1/CREM
Nvec_v1g127893	bZIP.HG6.0:BACH1/BACH2/NFE2/NFE2L1/NFE2L2/NFE2L3	NFE2/NFE2L1/NFE2L2/NFE2L3
Nvec_v1g211292	bZIP.HG7.0:XBP1	XBP1
Nvec_v1g245260	bZIP.HG8.0:ATF6/ATF6B	ATF6/ATF6B
Nvec_v1g105520	CSD.HG1.3:CSDE1	CSDE1
Nvec_NVE13317	CSD.HG1.4:CARHSP1/CSDC2	CARHSP1/CSDC2
Nvec_v1g202545	CSD.HG1.5:LIN28A/LIN28B	LIN28A/LIN28B
Nvec_v1g104083	CSD.HG1.6:YBX1/YBX2/YBX3	YBX1/YBX2/YBX3
Nvec_v1g198893	Doublesex_DM.HG1.2:like:DMRT1/DMRT2/DMRT3/DMRTA1/DMRTA2/DMRTB1/DMRTC2:likeclu:3/9/14/17/18	
Nvec_v1g207818	Doublesex_DM.HG1.5:like:DMRT1/DMRT2/DMRT3/DMRTA1/DMRTA2/DMRTB1/DMRTC2:likeclu:3/9/14/17/18	
Nvec_v1g91098	Doublesex_DM.HG1.8:like:DMRT1/DMRT2/DMRT3/DMRTA1/DMRTA2/DMRTC2:likeclu:9/14/17/18	
Nvec_v1g39952	Doublesex_DM.HG1.10:like:DMRT1/DMRT2/DMRT3/DMRTA1/DMRTA2/DMRTC2:likeclu:9/14/17/18	
Nvec_v1g19443	Doublesex_DM.HG1.11:like:DMRT1/DMRT2/DMRT3/DMRTA1/DMRTA2/DMRTC2:likeclu:9/14/17/18	
Nvec_v1g29965	Doublesex_DM.HG1.11:like:DMRT1/DMRT2/DMRT3/DMRTA1/DMRTA2/DMRTC2:likeclu:9/14/17/18	
Nvec_v1g141567	Doublesex_DM.HG1.12:like:DMRT1/DMRT3/DMRTA1/DMRTA2/DMRTC2:likeclu:14/17/18	
Nvec_v1g19862	Doublesex_DM.HG1.13:like:DMRT1/DMRT3/DMRTA1/DMRTA2/DMRTC2:likeclu:14/17/18	
Nvec_v1g8923	Doublesex_DM.HG1.13:like:DMRT1/DMRT3/DMRTA1/DMRTA2/DMRTC2:likeclu:14/17/18	
Nvec_v1g18814	Doublesex_DM.HG1.14:DMRTA1/DMRTA2	DMRTA1/DMRTA2
Nvec_v1g104857	Doublesex_DM.HG1.17:DMRT1/DMRTC2	DMRT1/DMRTC2
Nvec_v1g215274	Doublesex_DM.HG1.21:like:DMRT1/DMRT2/DMRT3/DMRTA1/DMRTA2/DMRTB1/DMRTC2:likeclu:3/9/14/17/18	
Nvec_NVE25890	E2F_TDP.HG1.0:E2F4/E2F5	islike:E2F4/E2F5
Nvec_v1g96863	E2F_TDP.HG1.0:E2F4/E2F5	islike:E2F4/E2F5
Nvec_v1g235633	E2F_TDP.HG1.0:E2F4/E2F5	E2F4/E2F5
Nvec_NVE17353	E2F_TDP.HG1.0:E2F4/E2F5	islike:E2F4/E2F5
Nvec_v1g96966	E2F_TDP.HG1.0:E2F4/E2F5	islike:E2F4/E2F5
Nvec_NVE17354	E2F_TDP.HG1.0:E2F4/E2F5	islike:E2F4/E2F5
Nvec_v1g152277	E2F_TDP.HG1.0:E2F4/E2F5	islike:E2F4/E2F5
Nvec_v1g203627	E2F_TDP.HG1.1:E2F1/E2F2/E2F3/E2F6	islike:E2F1/E2F2/E2F3/E2F6
Nvec_v1g154049	E2F_TDP.HG1.1:E2F1/E2F2/E2F3/E2F6	E2F6
Nvec_v1g245401	E2F_TDP.HG1.1:E2F1/E2F2/E2F3/E2F6	islike:E2F1/E2F2/E2F3/E2F6
Nvec_v1g115110	E2F_TDP.HG2.1:TFDP1/TFDP2/TFDP3	TFDP1/TFDP2/TFDP3
Nvec_v1g137233	E2F_TDP.HG3.0:E2F7/E2F8	E2F7/E2F8
Nvec_v1g222302	E2F_TDP.HG3.0:E2F7/E2F8	E2F7/E2F8
Nvec_v1g97743	Ets.HG1.5:GABPA	GABPA
Nvec_v1g29595	Ets.HG1.6:ETS1/ETS2	ETS1/ETS2
Nvec_v1g108513	Ets.HG1.8:ERG/FEV/FLI1	islike:ERG/FEV/FLI1
Nvec_v1g7198	Ets.HG1.8:ERG/FEV/FLI1	islike:ERG/FEV/FLI1
Nvec_v1g108724	Ets.HG1.8:ERG/FEV/FLI1	islike:ERG/FEV/FLI1
Nvec_v1g138886	Ets.HG1.9:like:ETV1/ETV4/ETV5:likeclu:10	
Nvec_v1g16815	Ets.HG1.10:ETV1/ETV4/ETV5	ETV1/ETV4/ETV5
Nvec_v1g92405	Ets.HG1.12:like:AC020909/EHF/ELF1/ELF2/ELF3/ELF4/ELF5/ETV6/ETV7/SPDEF/SPI1/SPIB/SPIC:likeclu:13/14/15/17	
Nvec_v1g201692	Ets.HG1.12:like:AC020909/EHF/ELF1/ELF2/ELF3/ELF4/ELF5/ETV6/ETV7/SPDEF/SPI1/SPIB/SPIC:likeclu:13/14/15/17	
Nvec_v1g146324	Ets.HG1.12:like:AC020909/EHF/ELF1/ELF2/ELF3/ELF4/ELF5/ETV6/ETV7/SPDEF/SPI1/SPIB/SPIC:likeclu:13/14/15/17	
Nvec_v1g95374	Ets.HG1.12:like:AC020909/EHF/ELF1/ELF2/ELF3/ELF4/ELF5/ETV6/ETV7/SPDEF/SPI1/SPIB/SPIC:likeclu:13/14/15/17	
Nvec_v1g47573	Ets.HG1.12:like:AC020909/EHF/ELF1/ELF2/ELF3/ELF4/ELF5/ETV6/ETV7/SPDEF/SPI1/SPIB/SPIC:likeclu:13/14/15/17	
Nvec_v1g81516	Ets.HG1.13:SPDEF	SPDEF
Nvec_v1g29806	Ets.HG1.14:ETV6/ETV7	ETV6/ETV7
Nvec_v1g67598	Ets.HG1.15:AC020909/EHF/ELF3/ELF5/SPI1/SPIB/SPIC	EHF/ELF3/ELF5
Nvec_v1g81232	Ets.HG1.15:AC020909/EHF/ELF3/ELF5/SPI1/SPIB/SPIC	EHF/ELF3/ELF5
Nvec_v1g120142	Forkhead.HG1.4:FOXJ2/FOXJ3	FOXJ3
Nvec_v1g67209	Forkhead.HG1.6:FOXN2/FOXN3	FOXN2/FOXN3
Nvec_v1g132285	Forkhead.HG1.8:FOXM1	FOXM1
Nvec_v1g118122	Forkhead.HG1.9:FOXK1/FOXK2	FOXK1/FOXK2
Nvec_v1g65438	Forkhead.HG1.10:FOXJ1	FOXJ1
Nvec_v1g88569	Forkhead.HG1.11:FOXG1	FOXG1
Nvec_v1g192525	Forkhead.HG1.14:FOXC1/FOXC2	FOXC1/FOXC2
Nvec_v1g58039	Forkhead.HG1.15:FOXL1	islike:FOXL1
Nvec_v1g123903	Forkhead.HG1.15:FOXL1	islike:FOXL1
Nvec_v1g165603	Forkhead.HG1.16:FOXD1/FOXD2/FOXD3/FOXD4/FOXD4L1/FOXD4L3/FOXD4L4/FOXD4L5/FOXD4L6/FOXE1/FOXE3/FOXF1/FOXF2/FOXH1/FOXQ1	islike:FOXD1/FOXD2/FOXD3/FOXD4/FOXD4L1/FOXD4L3/FOXD4L4/FOXD4L5/FOXD4L6
Nvec_v1g201028	Forkhead.HG1.16:FOXD1/FOXD2/FOXD3/FOXD4/FOXD4L1/FOXD4L3/FOXD4L4/FOXD4L5/FOXD4L6/FOXE1/FOXE3/FOXF1/FOXF2/FOXH1/FOXQ1	FOXQ1
Nvec_v1g93177	Forkhead.HG1.16:FOXD1/FOXD2/FOXD3/FOXD4/FOXD4L1/FOXD4L3/FOXD4L4/FOXD4L5/FOXD4L6/FOXE1/FOXE3/FOXF1/FOXF2/FOXH1/FOXQ1	FOXD3
Nvec_v1g228732	Forkhead.HG1.16:FOXD1/FOXD2/FOXD3/FOXD4/FOXD4L1/FOXD4L3/FOXD4L4/FOXD4L5/FOXD4L6/FOXE1/FOXE3/FOXF1/FOXF2/FOXH1/FOXQ1	FOXE1/FOXE3
Nvec_v1g39632	Forkhead.HG1.16:FOXD1/FOXD2/FOXD3/FOXD4/FOXD4L1/FOXD4L3/FOXD4L4/FOXD4L5/FOXD4L6/FOXE1/FOXE3/FOXF1/FOXF2/FOXH1/FOXQ1	FOXD3
Nvec_v1g110212	Forkhead.HG1.18:like:FOXA1/FOXA2/FOXA3/FOXB1/FOXB2:likeclu:23/24	
Nvec_v1g67043	Forkhead.HG1.22:FOXL2	FOXL2
Nvec_v1g187332	Forkhead.HG1.23:FOXB1/FOXB2	FOXB1/FOXB2
Nvec_v1g165261	Forkhead.HG1.24:FOXA1/FOXA2/FOXA3	FOXA1/FOXA2/FOXA3
Nvec_v1g19405	Forkhead.HG2.0:NA	
Nvec_v1g96685	Forkhead.HG2.0:NA	
Nvec_v1g200356	Forkhead.HG2.1:NA	
Nvec_v1g125256	Forkhead.HG2.3:NA	
Nvec_v1g59063	Forkhead.HG2.3:NA	
Nvec_v1g39596	Forkhead.HG2.3:NA	
Nvec_v1g5001	Forkhead.HG3.0:like:FOXO1/FOXO3/FOXO4/FOXO6:likeclu:1	
Nvec_v1g200222	Forkhead.HG3.0:like:FOXO1/FOXO3/FOXO4/FOXO6:likeclu:1	
Nvec_v1g138488	Forkhead.HG3.0:like:FOXO1/FOXO3/FOXO4/FOXO6:likeclu:1	
Nvec_v1g38679	Forkhead.HG3.0:like:FOXO1/FOXO3/FOXO4/FOXO6:likeclu:1	
Nvec_v1g213966	Forkhead.HG3.0:like:FOXO1/FOXO3/FOXO4/FOXO6:likeclu:1	
Nvec_v1g18324	Forkhead.HG3.1:FOXO1/FOXO3/FOXO4/FOXO6	islike:FOXO1/FOXO3/FOXO4/FOXO6
Nvec_v1g161006	Forkhead.HG4.0:FOXP1/FOXP2/FOXP3/FOXP4	FOXP1/FOXP2/FOXP3/FOXP4
Nvec_v1g121754	Forkhead.HG5.0:FOXN1/FOXN4/FOXR1/FOXR2	FOXN1/FOXN4/FOXR1/FOXR2
Nvec_v1g210481	GATA.HG1.1:ZGLP1	ZGLP1
Nvec_v1g196609	GATA.HG1.8:GATA1/GATA2/GATA3	GATA2/GATA3
Nvec_v1g130307	GCM.HG1.0:GCM1/GCM2	GCM1/GCM2
Nvec_v1g157036	GCM.HG1.0:GCM1/GCM2	GCM1/GCM2
Nvec_v1g95157	Grainyhead_LSF.HG1.0:GRHL1/GRHL2/GRHL3	GRHL1/GRHL2/GRHL3
Nvec_v1g189242	Grainyhead_LSF.HG2.0:TFCP2/TFCP2L1/UBP1	TFCP2/TFCP2L1/UBP1
Nvec_v1g199398	HLH.HG1.0:like:MYF5/MYF6/MYOD1/MYOG:likeclu:12	
Nvec_v1g213043	HLH.HG1.3:like:ATOH1/ATOH7/ATOH8/BHLHA9/BHLHA15/BHLHE22/BHLHE23/NEUROD1/NEUROD2/NEUROD4/NEUROD6/NEUROG1/NEUROG2/NEUROG3/OLIG1/OLIG2/OLIG3:likeclu:13/14/18/23/25/46/47	
Nvec_v1g243969	HLH.HG1.5:like:ASCL1/ASCL2/ASCL3/ASCL4/ASCL5/ATOH1/ATOH7/ATOH8/BHLHA9/BHLHA15/BHLHE22/BHLHE23/FERD3L/FIGLA/HAND1/HAND2/ID1/ID2/ID3/ID4/LYL1/MESP1/MESP2/MSC/MSGN1/NEUROD1/NEUROD2/NEUROD4/NEUROD6/NEUROG1/NEUROG2/NEUROG3/NHLH1/NHLH2/OLIG1/OLIG2/OLIG3/PTF1A/SCX/TAL1/TAL2/TCF15/TCF21/TCF23/TCF24/TWIST1/TWIST2:likeclu:2/9/13/14/18/21/22/23/25/26/27/31/33/34/36/38/40/44/45/46/47	
Nvec_NVE19743	HLH.HG1.10:like:MYF5/MYF6/MYOD1/MYOG:likeclu:12	
Nvec_v1g19204	HLH.HG1.14:NEUROD1/NEUROD2/NEUROD4/NEUROD6/NEUROG1/NEUROG2/NEUROG3	NEUROD1/NEUROD2/NEUROD4/NEUROD6/NEUROG1/NEUROG2/NEUROG3
Nvec_v1g220027	HLH.HG1.18:BHLHA15	BHLHA15
Nvec_v1g233271	HLH.HG1.19:like:ATOH8:likeclu:25	
Nvec_v1g97005	HLH.HG1.21:PTF1A	PTF1A
Nvec_v1g106073	HLH.HG1.22:HAND1/HAND2	HAND1/HAND2
Nvec_v1g186169	HLH.HG1.22:HAND1/HAND2	HAND1/HAND2
Nvec_v1g39308	HLH.HG1.24:like:ATOH8:likeclu:25	
Nvec_v1g120156	HLH.HG1.25:ATOH8	ATOH8
Nvec_v1g19039	HLH.HG1.26:TCF23/TCF24	TCF23/TCF24
Nvec_v1g234699	HLH.HG1.27:TWIST1/TWIST2	islike:TWIST1/TWIST2
Nvec_v1g200765	HLH.HG1.28:like:SCX/TCF15:likeclu:34	
Nvec_v1g200658	HLH.HG1.30:like:LYL1/TAL1/TAL2:likeclu:31	
Nvec_v1g90352	HLH.HG1.31:LYL1/TAL1/TAL2	LYL1/TAL1/TAL2
Nvec_v1g200659	HLH.HG1.31:LYL1/TAL1/TAL2	islike:LYL1/TAL1/TAL2
Nvec_v1g29762	HLH.HG1.34:SCX/TCF15	SCX/TCF15
Nvec_v1g214452	HLH.HG1.37:like:ASCL1/ASCL2/ASCL3/ASCL4/ASCL5/FERD3L/FIGLA/HAND1/HAND2/ID1/ID2/ID3/ID4/LYL1/MSC/NHLH1/NHLH2/PTF1A/SCX/TAL1/TAL2/TCF15/TCF21/TCF23/TCF24/TWIST1/TWIST2:likeclu:9/21/22/26/27/31/33/34/36/38/40/44/45	
Nvec_v1g240954	HLH.HG1.40:ID1/ID2/ID3/ID4	ID1/ID2/ID3/ID4
Nvec_NVE9848	HLH.HG1.43:like:SCX/TCF15:likeclu:34	
Nvec_NVE6790	HLH.HG1.43:like:SCX/TCF15:likeclu:34	
Nvec_v1g141592	HLH.HG1.44:ASCL3/ASCL4/ASCL5	ASCL4
Nvec_v1g210540	HLH.HG1.45:ASCL1/ASCL2	ASCL1/ASCL2
Nvec_v1g232632	HLH.HG1.49:like:ID1/ID2/ID3/ID4:likeclu:40	
Nvec_v1g106438	HLH.HG1.50:like:ASCL1/ASCL2:likeclu:45	
Nvec_v1g136184	HLH.HG1.52:like:ASCL1/ASCL2:likeclu:45	
Nvec_v1g39563	HLH.HG1.54:like:SCX/TCF15:likeclu:34	
Nvec_v1g39186	HLH.HG1.55:like:SCX/TCF15:likeclu:34	
Nvec_NVE19723	HLH.HG1.58:like:SCX/TCF15:likeclu:34	
Nvec_v1g204664	HLH.HG1.59:like:SCX/TCF15:likeclu:34	
Nvec_v1g99666	HLH.HG1.63:like:SCX/TCF15:likeclu:34	
Nvec_v1g241655	HLH.HG2.1:like:HES1/HES2/HES3/HES4/HES5/HES6/HES7:likeclu:13	
Nvec_NVE7615	HLH.HG2.2:like:HES1/HES2/HES3/HES4/HES5/HES6/HES7:likeclu:13	
Nvec_v1g204200	HLH.HG2.4:like:BHLHE40/BHLHE41/CCDC169/HELT/HEY1/HEY2/HEYL/MAX/MGA/MLX/MLXIP/MLXIPL/MNT/MXD1/MXD3/MXD4/MXI1/MYC/MYCL/MYCN/SOHLH1/SOHLH2:likeclu:9/11/14/17/18/21/25/27/29/30	
Nvec_v1g242121	HLH.HG2.5:like:HES1/HES2/HES3/HES4/HES5/HES6/HES7:likeclu:13	
Nvec_v1g242118	HLH.HG2.5:like:HES1/HES2/HES3/HES4/HES5/HES6/HES7:likeclu:13	
Nvec_v1g241656	HLH.HG2.8:like:HES1/HES2/HES3/HES4/HES5/HES6/HES7:likeclu:13	
Nvec_v1g98450	HLH.HG2.8:like:HES1/HES2/HES3/HES4/HES5/HES6/HES7:likeclu:13	
Nvec_v1g67328	HLH.HG2.8:like:HES1/HES2/HES3/HES4/HES5/HES6/HES7:likeclu:13	
Nvec_v1g164325	HLH.HG2.8:like:HES1/HES2/HES3/HES4/HES5/HES6/HES7:likeclu:13	
Nvec_v1g28948	HLH.HG2.11:HEY1/HEY2/HEYL	HEY1/HEY2/HEYL
Nvec_v1g202232	HLH.HG2.12:like:HES1/HES2/HES3/HES4/HES5/HES6/HES7:likeclu:13	
Nvec_v1g47054	HLH.HG2.13:HES1/HES2/HES3/HES4/HES5/HES6/HES7	HES1/HES2/HES3/HES4/HES5/HES6/HES7
Nvec_v1g246249	HLH.HG2.14:HELT	HELT
Nvec_v1g222367	HLH.HG2.16:like:CCDC169/SOHLH1/SOHLH2:likeclu:17/18	
Nvec_v1g239453	HLH.HG2.18:CCDC169/SOHLH2	CCDC169/SOHLH2
Nvec_v1g223952	HLH.HG2.18:CCDC169/SOHLH2	CCDC169/SOHLH2
Nvec_v1g80696	HLH.HG2.21:MAX	MAX
Nvec_v1g241780	HLH.HG2.25:MNT/MXD1/MXD3/MXD4/MXI1	islike:MXD1/MXD3/MXD4/MXI1
Nvec_v1g240935	HLH.HG2.25:MNT/MXD1/MXD3/MXD4/MXI1	MNT
Nvec_v1g159087	HLH.HG2.27:MYC/MYCL/MYCN	islike:MYC/MYCL/MYCN
Nvec_v1g178332	HLH.HG2.27:MYC/MYCL/MYCN	MYC/MYCL/MYCN
Nvec_v1g38935	HLH.HG2.27:MYC/MYCL/MYCN	MYC/MYCL/MYCN
Nvec_v1g238559	HLH.HG2.27:MYC/MYCL/MYCN	islike:MYC/MYCL/MYCN
Nvec_v1g82891	HLH.HG2.27:MYC/MYCL/MYCN	islike:MYC/MYCL/MYCN
Nvec_v1g122473	HLH.HG2.27:MYC/MYCL/MYCN	MYC/MYCL/MYCN
Nvec_v1g26800	HLH.HG2.29:MGA/MLXIP/MLXIPL	MLXIP/MLXIPL
Nvec_v1g45212	HLH.HG2.30:MLX	MLX
Nvec_v1g200761	HLH.HG2.30:MLX	MLX
Nvec_v1g112080	HLH.HG3.0:TFAP4	TFAP4
Nvec_v1g201969	HLH.HG3.0:TFAP4	islike:TFAP4
Nvec_v1g95178	HLH.HG3.1:SREBF1/SREBF2	SREBF1/SREBF2
Nvec_v1g241632	HLH.HG3.2:BHMG1	BHMG1
Nvec_v1g240998	HLH.HG3.4:MITF/TFE3/TFEB/TFEC	MITF/TFE3/TFEB/TFEC
Nvec_v1g148786	HLH.HG3.6:USF1/USF2	USF1/USF2
Nvec_v1g110858	HLH.HG3.6:USF1/USF2	USF1/USF2
Nvec_NVE25568	HLH.HG3.6:USF1/USF2	islike:USF1/USF2
Nvec_v1g198525	HLH.HG4.0:AC019117/AHR/AHRR/NCOA1/NPAS1/SIM1	islike:AC019117/AHR/AHRR
Nvec_v1g96877	HLH.HG4.0:AC019117/AHR/AHRR/NCOA1/NPAS1/SIM1	NPAS1/SIM1
Nvec_v1g130163	HLH.HG4.0:AC019117/AHR/AHRR/NCOA1/NPAS1/SIM1	AC019117/AHR/AHRR
Nvec_v1g116698	HLH.HG4.1:ARNT/ARNT2/ARNTL/ARNTL2	ARNT/ARNT2
Nvec_v1g224692	HLH.HG4.1:ARNT/ARNT2/ARNTL/ARNTL2	ARNTL/ARNTL2
Nvec_v1g132249	HLH.HG4.1:ARNT/ARNT2/ARNTL/ARNTL2	ARNTL/ARNTL2
Nvec_v1g214146	HLH.HG4.2:like:CLOCK/NPAS2:likeclu:3	
Nvec_v1g160110	HLH.HG4.3:CLOCK/NPAS2	CLOCK/NPAS2
Nvec_v1g207162	HLH.HG5.0:TCF12/TCF3/TCF4	TCF12/TCF3/TCF4
Nvec_v1g164975	HLH.HG6.0:EBF1/EBF2/EBF3/EBF4	EBF1/EBF2/EBF3/EBF4
Nvec_v1g122926	HMGbox_Sox.HG1.4:BBX/CIC	CIC
Nvec_v1g120503	HMGbox_Sox.HG1.6:HBP1	HBP1
Nvec_v1g239130	HMGbox_Sox.HG1.7:like:BHMG1/SOX1/SOX2/SOX3/SOX14/SOX15/SOX21/SRY:likeclu:18/26/28	
Nvec_v1g115913	HMGbox_Sox.HG1.8:SOX30	SOX30
Nvec_v1g97222	HMGbox_Sox.HG1.8:SOX30	islike:SOX30
Nvec_v1g131609	HMGbox_Sox.HG1.9:SOX11/SOX12/SOX4	SOX11/SOX12/SOX4
Nvec_v1g163545	HMGbox_Sox.HG1.11:SOX17/SOX18/SOX7	SOX17/SOX18/SOX7
Nvec_v1g110350	HMGbox_Sox.HG1.12:like:BHMG1/SOX1/SOX2/SOX3/SOX14/SOX15/SOX21/SRY:likeclu:18/26/28	
Nvec_NVE23841	HMGbox_Sox.HG1.13:like:BHMG1/SOX1/SOX2/SOX3/SOX14/SOX15/SOX21/SRY:likeclu:18/26/28	
Nvec_v1g120772	HMGbox_Sox.HG1.14:like:BHMG1/SOX1/SOX2/SOX3/SOX14/SOX15/SOX21/SRY:likeclu:18/26/28	
Nvec_v1g19525	HMGbox_Sox.HG1.17:like:BHMG1/SOX1/SOX2/SOX3/SOX14/SOX15/SOX21/SRY:likeclu:18/26/28	
Nvec_v1g243069	HMGbox_Sox.HG1.18:SOX1/SOX15/SOX2/SOX3/SRY	SOX1/SOX2/SOX3
Nvec_v1g94880	HMGbox_Sox.HG1.19:like:BHMG1/SOX1/SOX2/SOX3/SOX14/SOX15/SOX21/SRY:likeclu:18/26/28	
Nvec_v1g207820	HMGbox_Sox.HG1.20:like:BHMG1/SOX14/SOX21:likeclu:26/28	
Nvec_v1g99997	HMGbox_Sox.HG1.22:like:SOX8/SOX9/SOX10:likeclu:23	
Nvec_v1g235335	HMGbox_Sox.HG1.23:SOX10/SOX8/SOX9	SOX10/SOX9
Nvec_v1g112786	HMGbox_Sox.HG1.25:like:BHMG1/SOX1/SOX2/SOX3/SOX14/SOX15/SOX21/SRY:likeclu:18/26/28	
Nvec_v1g235967	HMGbox_Sox.HG1.28:SOX14/SOX21	SOX14/SOX21
Nvec_v1g243341	HMGbox_Sox.HG2.1:like:HMG20A/HMG20B/HMGXB4/PMS1/TFAM/TOX/TOX2/TOX3/TOX4/UBTF/UBTFL1:likeclu:7/8/9/12/14/16	
Nvec_v1g127783	HMGbox_Sox.HG2.2:PBRM1	PBRM1
Nvec_NVE3891	HMGbox_Sox.HG2.7:TOX/TOX2/TOX3/TOX4	TOX/TOX2/TOX3/TOX4
Nvec_v1g105457	HMGbox_Sox.HG2.9:HMG20A/HMG20B	islike:HMG20A/HMG20B
Nvec_v1g87244	HMGbox_Sox.HG2.9:HMG20A/HMG20B	HMG20A/HMG20B
Nvec_v1g240009	HMGbox_Sox.HG2.12:HMGXB4	HMGXB4
Nvec_v1g247202	HMGbox_Sox.HG2.14:UBTF/UBTFL1	UBTF/UBTFL1
Nvec_v1g199953	HMGbox_Sox.HG2.16:TFAM	islike:TFAM
Nvec_v1g88472	HMGbox_Sox.HG2.16:TFAM	islike:TFAM
Nvec_v1g239907	HMGbox_Sox.HG2.17:SSRP1	islike:SSRP1
Nvec_v1g59568	HMGbox_Sox.HG2.17:SSRP1	SSRP1
Nvec_v1g185184	HMGbox_Sox.HG2.21:like:SSRP1:likeclu:17	
Nvec_v1g43780	HMGbox_Sox.HG2.23:like:SSRP1:likeclu:17	
Nvec_v1g132332	HMGbox_Sox.HG3.0:like:LEF1/TCF7/TCF7L1/TCF7L2:likeclu:1	
Nvec_v1g177453	HMGbox_Sox.HG4.1:SMARCE1	SMARCE1
Nvec_NVE10331	HMGbox_Sox.HG5.0:MAEL	MAEL
Nvec_v1g48828	Homeodomains.HG10.0:like:ANTP_HMX1/ANTP_HMX2/ANTP_HMX3/ANTP_NKX6-1/ANTP_NKX6-2/ANTP_NKX6-3:likeclu:3	
Nvec_v1g82763	Homeodomains.HG10.3:ANTP_HMX1/ANTP_HMX2/ANTP_HMX3/ANTP_NKX6-1/ANTP_NKX6-2/ANTP_NKX6-3	ANTP_HMX1
Nvec_v1g139174	Homeodomains.HG10.3:ANTP_HMX1/ANTP_HMX2/ANTP_HMX3/ANTP_NKX6-1/ANTP_NKX6-2/ANTP_NKX6-3	ANTP_NKX6-1/ANTP_NKX6-2/ANTP_NKX6-3
Nvec_v1g93682	Homeodomains.HG11.5:CUT_ONECUT1/CUT_ONECUT2/CUT_ONECUT3	CUT_ONECUT1/CUT_ONECUT2/CUT_ONECUT3
Nvec_v1g225956	Homeodomains.HG11.6:like:CUT_ONECUT1/CUT_ONECUT2/CUT_ONECUT3:likeclu:5	
Nvec_v1g212484	Homeodomains.HG11.6:like:CUT_ONECUT1/CUT_ONECUT2/CUT_ONECUT3:likeclu:5	
Nvec_v1g92500	Homeodomains.HG12.1:PRD_DUX4/PRD_DUXA/PRD_DUXB	PRD_DUXA
Nvec_v1g233675	Homeodomains.HG12.1:PRD_DUX4/PRD_DUXA/PRD_DUXB	islike:PRD_DUX4/PRD_DUXA/PRD_DUXB
Nvec_v1g69041	Homeodomains.HG12.1:PRD_DUX4/PRD_DUXA/PRD_DUXB	islike:PRD_DUX4/PRD_DUXA/PRD_DUXB
Nvec_v1g38792	Homeodomains.HG12.1:PRD_DUX4/PRD_DUXA/PRD_DUXB	PRD_DUXA
Nvec_v1g92347	Homeodomains.HG12.1:PRD_DUX4/PRD_DUXA/PRD_DUXB	PRD_DUXA
Nvec_v1g150808	Homeodomains.HG12.1:PRD_DUX4/PRD_DUXA/PRD_DUXB	PRD_DUXA
Nvec_v1g92436	Homeodomains.HG12.1:PRD_DUX4/PRD_DUXA/PRD_DUXB	PRD_DUXA
Nvec_v1g29874	Homeodomains.HG13.0:TALE_IRX1/TALE_IRX2/TALE_IRX3/TALE_IRX4/TALE_IRX6/TALE_MKX	islike:TALE_IRX1/TALE_IRX2/TALE_IRX3/TALE_IRX4/TALE_IRX6
Nvec_NVE7697	Homeodomains.HG14.3:like:PRD_PITX1/PRD_PITX2:likeclu:2	
Nvec_v1g80187	Homeodomains.HG14.4:like:PRD_PITX1/PRD_PITX2:likeclu:2	
Nvec_v1g229018	Homeodomains.HG15.3:TALE_PBX1/TALE_PBX2/TALE_PBX3/TALE_PBX4	TALE_PBX1/TALE_PBX3/TALE_PBX4
Nvec_v1g100892	Homeodomains.HG16.0:ANTP_DBX1/ANTP_DBX2/ANTP_HLX	ANTP_DBX1/ANTP_DBX2/ANTP_HLX
Nvec_v1g80365	Homeodomains.HG16.0:ANTP_DBX1/ANTP_DBX2/ANTP_HLX	ANTP_DBX1/ANTP_DBX2/ANTP_HLX
Nvec_v1g81436	Homeodomains.HG16.1:like:ANTP_DBX1/ANTP_DBX2/ANTP_HLX:likeclu:0	
Nvec_v1g60933	Homeodomains.HG16.2:like:ANTP_DBX1/ANTP_DBX2/ANTP_HLX:likeclu:0	
Nvec_v1g95727	Homeodomains.HG17.1:LIM_LMX1A/LIM_LMX1B	LIM_LMX1A/LIM_LMX1B
Nvec_NVE2910	Homeodomains.HG18.2:HNF_HNF1A/HNF_HNF1B	HNF_HNF1A/HNF_HNF1B
Nvec_v1g160868	Homeodomains.HG19.0:POU_POU4F1/POU_POU4F2/POU_POU4F3	POU_POU4F1/POU_POU4F2/POU_POU4F3
Nvec_v1g112745	Homeodomains.HG1.0:like:ANTP_EN1/ANTP_EN2/ANTP_HHEX/ANTP_LBX1/ANTP_LBX2/ANTP_TLX1/ANTP_TLX2/ANTP_TLX3/LIM_LHX1/LIM_LHX2/LIM_LHX3/LIM_LHX4/LIM_LHX6/LIM_LHX8/PAX1/PAX9/PRD_PAX2/PRD_PAX3/PRD_PAX4/PRD_PAX5/PRD_PAX6/PRD_PAX7/PRD_PAX8/PRD_RHOXF1/ZF_HOMEZ/ZF_ZFHX2/ZF_ZFHX3/ZF_ZFHX4/ZF_ZHX1/ZF_ZHX2/ZF_ZHX3:likeclu:7/9/11/16/20/22/23/27/28/29/31/32	
Nvec_v1g215430	Homeodomains.HG1.7:ZF_ZHX2/ZF_ZHX3	ZF_ZHX2/ZF_ZHX3
Nvec_v1g246931	Homeodomains.HG1.8:like:ANTP_EN1/ANTP_EN2/ANTP_HHEX/ANTP_LBX1/ANTP_LBX2/ANTP_TLX1/ANTP_TLX2/ANTP_TLX3:likeclu:9	
Nvec_v1g59708	Homeodomains.HG1.9:ANTP_EN1/ANTP_EN2/ANTP_HHEX/ANTP_LBX1/ANTP_LBX2/ANTP_TLX1/ANTP_TLX2/ANTP_TLX3	islike:ANTP_EN1/ANTP_EN2
Nvec_v1g39891	Homeodomains.HG1.9:ANTP_EN1/ANTP_EN2/ANTP_HHEX/ANTP_LBX1/ANTP_LBX2/ANTP_TLX1/ANTP_TLX2/ANTP_TLX3	ANTP_HHEX
Nvec_v1g129868	Homeodomains.HG1.9:ANTP_EN1/ANTP_EN2/ANTP_HHEX/ANTP_LBX1/ANTP_LBX2/ANTP_TLX1/ANTP_TLX2/ANTP_TLX3	islike:ANTP_EN1/ANTP_EN2
Nvec_v1g208353	Homeodomains.HG1.9:ANTP_EN1/ANTP_EN2/ANTP_HHEX/ANTP_LBX1/ANTP_LBX2/ANTP_TLX1/ANTP_TLX2/ANTP_TLX3	islike:ANTP_EN1/ANTP_EN2
Nvec_v1g129895	Homeodomains.HG1.9:ANTP_EN1/ANTP_EN2/ANTP_HHEX/ANTP_LBX1/ANTP_LBX2/ANTP_TLX1/ANTP_TLX2/ANTP_TLX3	islike:ANTP_EN1/ANTP_EN2
Nvec_v1g108663	Homeodomains.HG1.9:ANTP_EN1/ANTP_EN2/ANTP_HHEX/ANTP_LBX1/ANTP_LBX2/ANTP_TLX1/ANTP_TLX2/ANTP_TLX3	islike:ANTP_EN1/ANTP_EN2
Nvec_v1g164989	Homeodomains.HG1.9:ANTP_EN1/ANTP_EN2/ANTP_HHEX/ANTP_LBX1/ANTP_LBX2/ANTP_TLX1/ANTP_TLX2/ANTP_TLX3	ANTP_LBX1/ANTP_LBX2
Nvec_v1g17677	Homeodomains.HG1.9:ANTP_EN1/ANTP_EN2/ANTP_HHEX/ANTP_LBX1/ANTP_LBX2/ANTP_TLX1/ANTP_TLX2/ANTP_TLX3	islike:ANTP_EN1/ANTP_EN2
Nvec_v1g5244	Homeodomains.HG1.9:ANTP_EN1/ANTP_EN2/ANTP_HHEX/ANTP_LBX1/ANTP_LBX2/ANTP_TLX1/ANTP_TLX2/ANTP_TLX3	islike:ANTP_EN1/ANTP_EN2
Nvec_v1g69052	Homeodomains.HG1.9:ANTP_EN1/ANTP_EN2/ANTP_HHEX/ANTP_LBX1/ANTP_LBX2/ANTP_TLX1/ANTP_TLX2/ANTP_TLX3	islike:ANTP_HHEX/ANTP_LBX1/ANTP_LBX2
Nvec_v1g222682	Homeodomains.HG1.9:ANTP_EN1/ANTP_EN2/ANTP_HHEX/ANTP_LBX1/ANTP_LBX2/ANTP_TLX1/ANTP_TLX2/ANTP_TLX3	islike:ANTP_EN1/ANTP_EN2
Nvec_v1g101664	Homeodomains.HG1.9:ANTP_EN1/ANTP_EN2/ANTP_HHEX/ANTP_LBX1/ANTP_LBX2/ANTP_TLX1/ANTP_TLX2/ANTP_TLX3	islike:ANTP_EN1/ANTP_EN2
Nvec_v1g200278	Homeodomains.HG1.9:ANTP_EN1/ANTP_EN2/ANTP_HHEX/ANTP_LBX1/ANTP_LBX2/ANTP_TLX1/ANTP_TLX2/ANTP_TLX3	islike:ANTP_EN1/ANTP_EN2
Nvec_v1g47299	Homeodomains.HG1.9:ANTP_EN1/ANTP_EN2/ANTP_HHEX/ANTP_LBX1/ANTP_LBX2/ANTP_TLX1/ANTP_TLX2/ANTP_TLX3	islike:ANTP_EN1/ANTP_EN2
Nvec_v1g114268	Homeodomains.HG1.9:ANTP_EN1/ANTP_EN2/ANTP_HHEX/ANTP_LBX1/ANTP_LBX2/ANTP_TLX1/ANTP_TLX2/ANTP_TLX3	islike:ANTP_EN1/ANTP_EN2
Nvec_v1g19034	Homeodomains.HG1.9:ANTP_EN1/ANTP_EN2/ANTP_HHEX/ANTP_LBX1/ANTP_LBX2/ANTP_TLX1/ANTP_TLX2/ANTP_TLX3	islike:ANTP_HHEX/ANTP_LBX1/ANTP_LBX2
Nvec_v1g6595	Homeodomains.HG1.9:ANTP_EN1/ANTP_EN2/ANTP_HHEX/ANTP_LBX1/ANTP_LBX2/ANTP_TLX1/ANTP_TLX2/ANTP_TLX3	islike:ANTP_EN1/ANTP_EN2
Nvec_NVE6155	Homeodomains.HG1.9:ANTP_EN1/ANTP_EN2/ANTP_HHEX/ANTP_LBX1/ANTP_LBX2/ANTP_TLX1/ANTP_TLX2/ANTP_TLX3	islike:ANTP_EN1/ANTP_EN2
Nvec_v1g47235	Homeodomains.HG1.9:ANTP_EN1/ANTP_EN2/ANTP_HHEX/ANTP_LBX1/ANTP_LBX2/ANTP_TLX1/ANTP_TLX2/ANTP_TLX3	islike:ANTP_EN1/ANTP_EN2
Nvec_v1g58683	Homeodomains.HG1.9:ANTP_EN1/ANTP_EN2/ANTP_HHEX/ANTP_LBX1/ANTP_LBX2/ANTP_TLX1/ANTP_TLX2/ANTP_TLX3	islike:ANTP_EN1/ANTP_EN2
Nvec_v1g3149	Homeodomains.HG1.16:PRD_PAX3/PRD_PAX7/PRD_RHOXF1	PRD_PAX3/PRD_PAX7/PRD_RHOXF1
Nvec_v1g119152	Homeodomains.HG1.16:PRD_PAX3/PRD_PAX7/PRD_RHOXF1	PRD_PAX3/PRD_PAX7/PRD_RHOXF1
Nvec_v1g212609	Homeodomains.HG1.16:PRD_PAX3/PRD_PAX7/PRD_RHOXF1	PRD_PAX3/PRD_PAX7/PRD_RHOXF1
Nvec_v1g133019	Homeodomains.HG1.16:PRD_PAX3/PRD_PAX7/PRD_RHOXF1	PRD_PAX3/PRD_PAX7/PRD_RHOXF1
Nvec_v1g136480	Homeodomains.HG1.16:PRD_PAX3/PRD_PAX7/PRD_RHOXF1	PRD_PAX3/PRD_PAX7/PRD_RHOXF1
Nvec_v1g119149	Homeodomains.HG1.16:PRD_PAX3/PRD_PAX7/PRD_RHOXF1	PRD_PAX3/PRD_PAX7/PRD_RHOXF1
Nvec_v1g6429	Homeodomains.HG1.21:like:ANTP_EN1/ANTP_EN2/ANTP_HHEX/ANTP_LBX1/ANTP_LBX2/ANTP_TLX1/ANTP_TLX2/ANTP_TLX3:likeclu:9	
Nvec_v1g57885	Homeodomains.HG1.21:like:ANTP_EN1/ANTP_EN2/ANTP_HHEX/ANTP_LBX1/ANTP_LBX2/ANTP_TLX1/ANTP_TLX2/ANTP_TLX3:likeclu:9	
Nvec_v1g98238	Homeodomains.HG1.21:like:ANTP_EN1/ANTP_EN2/ANTP_HHEX/ANTP_LBX1/ANTP_LBX2/ANTP_TLX1/ANTP_TLX2/ANTP_TLX3:likeclu:9	
Nvec_v1g239535	Homeodomains.HG1.22:PRD_PAX2/PRD_PAX5/PRD_PAX8	PRD_PAX2/PRD_PAX5/PRD_PAX8
Nvec_v1g243681	Homeodomains.HG1.25:like:PRD_PAX4/PRD_PAX6:likeclu:31/32	
Nvec_v1g168908	Homeodomains.HG1.26:like:PRD_PAX4/PRD_PAX6:likeclu:31/32	
Nvec_v1g246590	Homeodomains.HG1.27:LIM_LHX6/LIM_LHX8	LIM_LHX6/LIM_LHX8
Nvec_v1g98128	Homeodomains.HG1.28:LIM_LHX2	LIM_LHX2
Nvec_v1g109857	Homeodomains.HG1.29:LIM_LHX1/LIM_LHX3/LIM_LHX4	LIM_LHX1
Nvec_v1g161808	Homeodomains.HG20.0:LIM_ISL1/LIM_ISL2	LIM_ISL1/LIM_ISL2
Nvec_v1g97927	Homeodomains.HG22.0:NA	
Nvec_v1g245502	Homeodomains.HG22.3:NA	
Nvec_v1g243542	Homeodomains.HG23.0:CERS_CERS2/CERS_CERS3/CERS_CERS4/CERS_CERS5/CERS_CERS6	CERS_CERS2/CERS_CERS3/CERS_CERS4
Nvec_v1g96861	Homeodomains.HG23.0:CERS_CERS2/CERS_CERS3/CERS_CERS4/CERS_CERS5/CERS_CERS6	CERS_CERS2/CERS_CERS3/CERS_CERS4
Nvec_v1g49015	Homeodomains.HG2.0:like:Other_CPHX1/Other_CPHX2/PRD_ALX1/PRD_ALX3/PRD_ALX4/PRD_ARGFX/PRD_ARX/PRD_CRX/PRD_DMBX1/PRD_DPRX/PRD_DRGX/PRD_ESX1/PRD_GSC/PRD_GSC2/PRD_HESX1/PRD_ISX/PRD_LEUTX/PRD_MIXL1/PRD_NOBOX/PRD_OTP/PRD_OTX1/PRD_OTX2/PRD_PHOX2A/PRD_PROP1/PRD_PRRX1/PRD_PRRX2/PRD_RAX/PRD_RAX2/PRD_RHOXF2/PRD_RHOXF2B/PRD_SEBOX/PRD_SHOX/PRD_SHOX2/PRD_TPRX1/PRD_UNCX/PRD_VSX1/PRD_VSX2:likeclu:4/10/11/13/16/18/20/21/22/28/29/30/31/32/34/35/40/42/43/45/48/49/50	
Nvec_v1g48953	Homeodomains.HG2.0:like:Other_CPHX1/Other_CPHX2/PRD_ALX1/PRD_ALX3/PRD_ALX4/PRD_ARGFX/PRD_ARX/PRD_CRX/PRD_DMBX1/PRD_DPRX/PRD_DRGX/PRD_ESX1/PRD_GSC/PRD_GSC2/PRD_HESX1/PRD_ISX/PRD_LEUTX/PRD_MIXL1/PRD_NOBOX/PRD_OTP/PRD_OTX1/PRD_OTX2/PRD_PHOX2A/PRD_PROP1/PRD_PRRX1/PRD_PRRX2/PRD_RAX/PRD_RAX2/PRD_RHOXF2/PRD_RHOXF2B/PRD_SEBOX/PRD_SHOX/PRD_SHOX2/PRD_TPRX1/PRD_UNCX/PRD_VSX1/PRD_VSX2:likeclu:4/10/11/13/16/18/20/21/22/28/29/30/31/32/34/35/40/42/43/45/48/49/50	
Nvec_v1g92785	Homeodomains.HG2.3:like:Other_CPHX1/Other_CPHX2/PRD_ALX1/PRD_ALX3/PRD_ALX4/PRD_ARGFX/PRD_ARX/PRD_CRX/PRD_DMBX1/PRD_DPRX/PRD_DRGX/PRD_ESX1/PRD_GSC/PRD_GSC2/PRD_HESX1/PRD_ISX/PRD_LEUTX/PRD_MIXL1/PRD_NOBOX/PRD_OTP/PRD_OTX1/PRD_OTX2/PRD_PHOX2A/PRD_PROP1/PRD_PRRX1/PRD_PRRX2/PRD_RAX/PRD_RAX2/PRD_RHOXF2/PRD_RHOXF2B/PRD_SEBOX/PRD_SHOX/PRD_SHOX2/PRD_TPRX1/PRD_UNCX/PRD_VSX1/PRD_VSX2:likeclu:4/10/11/13/16/18/20/21/22/28/29/30/31/32/34/35/40/42/43/45/48/49/50	
Nvec_v1g246932	Homeodomains.HG2.5:like:Other_CPHX1/Other_CPHX2/PRD_ALX1/PRD_ALX3/PRD_ALX4/PRD_ARGFX/PRD_ARX/PRD_CRX/PRD_DMBX1/PRD_DPRX/PRD_DRGX/PRD_ESX1/PRD_GSC/PRD_GSC2/PRD_HESX1/PRD_ISX/PRD_LEUTX/PRD_MIXL1/PRD_NOBOX/PRD_OTP/PRD_OTX1/PRD_OTX2/PRD_PHOX2A/PRD_PROP1/PRD_PRRX1/PRD_PRRX2/PRD_RAX/PRD_RAX2/PRD_RHOXF2/PRD_RHOXF2B/PRD_SEBOX/PRD_SHOX/PRD_SHOX2/PRD_TPRX1/PRD_UNCX/PRD_VSX1/PRD_VSX2:likeclu:4/10/11/13/16/18/20/21/22/28/29/30/31/32/34/35/40/42/43/45/48/49/50	
Nvec_v1g198584	Homeodomains.HG2.6:like:Other_CPHX1/Other_CPHX2/PRD_ALX1/PRD_ALX3/PRD_ALX4/PRD_ARGFX/PRD_ARX/PRD_CRX/PRD_DMBX1/PRD_DPRX/PRD_DRGX/PRD_ESX1/PRD_GSC/PRD_GSC2/PRD_HESX1/PRD_ISX/PRD_LEUTX/PRD_MIXL1/PRD_NOBOX/PRD_OTP/PRD_OTX1/PRD_OTX2/PRD_PHOX2A/PRD_PROP1/PRD_PRRX1/PRD_PRRX2/PRD_RAX/PRD_RAX2/PRD_RHOXF2/PRD_RHOXF2B/PRD_SEBOX/PRD_SHOX/PRD_SHOX2/PRD_TPRX1/PRD_UNCX/PRD_VSX1/PRD_VSX2:likeclu:4/10/11/13/16/18/20/21/22/28/29/30/31/32/34/35/40/42/43/45/48/49/50	
Nvec_v1g43460	Homeodomains.HG2.10:PRD_VSX1/PRD_VSX2	PRD_VSX1/PRD_VSX2
Nvec_v1g110792	Homeodomains.HG2.13:PRD_ARX	islike:PRD_ARX
Nvec_v1g220612	Homeodomains.HG2.13:PRD_ARX	islike:PRD_ARX
Nvec_v1g135948	Homeodomains.HG2.13:PRD_ARX	PRD_ARX
Nvec_v1g184843	Homeodomains.HG2.16:PRD_RAX/PRD_RAX2	PRD_RAX/PRD_RAX2
Nvec_v1g165614	Homeodomains.HG2.17:like:PRD_OTP/PRD_PROP1:likeclu:31/32	
Nvec_v1g229833	Homeodomains.HG2.19:like:PRD_ALX1/PRD_ALX3/PRD_ALX4:likeclu:18	
Nvec_v1g59594	Homeodomains.HG2.20:PRD_UNCX	PRD_UNCX
Nvec_v1g93991	Homeodomains.HG2.24:like:PRD_UNCX:likeclu:20	
Nvec_v1g164762	Homeodomains.HG2.29:PRD_GSC/PRD_GSC2	PRD_GSC/PRD_GSC2
Nvec_v1g94003	Homeodomains.HG2.31:PRD_PROP1	islike:PRD_PROP1
Nvec_v1g99140	Homeodomains.HG2.31:PRD_PROP1	PRD_PROP1
Nvec_v1g205768	Homeodomains.HG2.32:PRD_OTP	PRD_OTP
Nvec_v1g39668	Homeodomains.HG2.33:like:PRD_NOBOX:likeclu:34	
Nvec_v1g105595	Homeodomains.HG2.40:PRD_SHOX/PRD_SHOX2	PRD_SHOX/PRD_SHOX2
Nvec_v1g48861	Homeodomains.HG2.43:PRD_DMBX1	PRD_DMBX1
Nvec_v1g113102	Homeodomains.HG2.43:PRD_DMBX1	PRD_DMBX1
Nvec_v1g79707	Homeodomains.HG2.43:PRD_DMBX1	PRD_DMBX1
Nvec_v1g153628	Homeodomains.HG2.43:PRD_DMBX1	PRD_DMBX1
Nvec_v1g113172	Homeodomains.HG2.43:PRD_DMBX1	PRD_DMBX1
Nvec_v1g18446	Homeodomains.HG2.43:PRD_DMBX1	PRD_DMBX1
Nvec_v1g121827	Homeodomains.HG2.45:PRD_CRX/PRD_OTX1/PRD_OTX2	PRD_CRX/PRD_OTX1/PRD_OTX2
Nvec_v1g213735	Homeodomains.HG2.45:PRD_CRX/PRD_OTX1/PRD_OTX2	PRD_CRX/PRD_OTX1/PRD_OTX2
Nvec_v1g121842	Homeodomains.HG2.45:PRD_CRX/PRD_OTX1/PRD_OTX2	PRD_CRX/PRD_OTX1/PRD_OTX2
Nvec_v1g113057	Homeodomains.HG2.47:like:Other_CPHX1/Other_CPHX2/PRD_ALX1/PRD_ALX3/PRD_ALX4/PRD_ARGFX/PRD_ARX/PRD_CRX/PRD_DMBX1/PRD_DPRX/PRD_DRGX/PRD_ESX1/PRD_GSC/PRD_GSC2/PRD_ISX/PRD_LEUTX/PRD_MIXL1/PRD_NOBOX/PRD_OTP/PRD_OTX1/PRD_OTX2/PRD_PHOX2A/PRD_PROP1/PRD_PRRX1/PRD_PRRX2/PRD_RAX/PRD_RAX2/PRD_RHOXF2/PRD_RHOXF2B/PRD_SEBOX/PRD_SHOX/PRD_SHOX2/PRD_UNCX/PRD_VSX1/PRD_VSX2:likeclu:10/11/13/16/18/20/21/22/28/29/30/31/32/34/35/40/42/43/45/48/49/50	
Nvec_v1g91378	Homeodomains.HG3.2:ANTP_PDX1	ANTP_PDX1
Nvec_v1g196876	Homeodomains.HG3.4:like:ANTP_CDX1/ANTP_CDX2/ANTP_CDX4/ANTP_EVX1/ANTP_EVX2/ANTP_GBX1/ANTP_GBX2/ANTP_GSX1/ANTP_GSX2/ANTP_HOXA1/ANTP_HOXA2/ANTP_HOXA3/ANTP_HOXA4/ANTP_HOXA5/ANTP_HOXA6/ANTP_HOXA7/ANTP_HOXA9/ANTP_HOXA10/ANTP_HOXA11/ANTP_HOXA13/ANTP_HOXB1/ANTP_HOXB2/ANTP_HOXB3/ANTP_HOXB4/ANTP_HOXB5/ANTP_HOXB6/ANTP_HOXB7/ANTP_HOXB8/ANTP_HOXB9/ANTP_HOXB13/ANTP_HOXC4/ANTP_HOXC5/ANTP_HOXC6/ANTP_HOXC8/ANTP_HOXC9/ANTP_HOXC10/ANTP_HOXC12/ANTP_HOXC13/ANTP_HOXD1/ANTP_HOXD3/ANTP_HOXD4/ANTP_HOXD8/ANTP_HOXD9/ANTP_HOXD10/ANTP_HOXD11/ANTP_HOXD12/ANTP_HOXD13/ANTP_MEOX1/ANTP_MEOX2/ANTP_MNX1/ANTP_MSX1/ANTP_MSX2/ANTP_PDX1:likeclu:0/2/7/8/9/10/11/12/15/18/20/23/24/25/26/27/28/29/31	
Nvec_v1g81249	Homeodomains.HG3.6:like:ANTP_CDX1/ANTP_CDX2/ANTP_CDX4/ANTP_EVX1/ANTP_EVX2/ANTP_GBX1/ANTP_GBX2/ANTP_GSX1/ANTP_GSX2/ANTP_HOXA1/ANTP_HOXA2/ANTP_HOXA3/ANTP_HOXA4/ANTP_HOXA5/ANTP_HOXA6/ANTP_HOXA7/ANTP_HOXA9/ANTP_HOXA10/ANTP_HOXA11/ANTP_HOXA13/ANTP_HOXB1/ANTP_HOXB2/ANTP_HOXB3/ANTP_HOXB4/ANTP_HOXB5/ANTP_HOXB6/ANTP_HOXB7/ANTP_HOXB8/ANTP_HOXB9/ANTP_HOXB13/ANTP_HOXC4/ANTP_HOXC5/ANTP_HOXC6/ANTP_HOXC8/ANTP_HOXC9/ANTP_HOXC10/ANTP_HOXC12/ANTP_HOXC13/ANTP_HOXD1/ANTP_HOXD3/ANTP_HOXD4/ANTP_HOXD8/ANTP_HOXD9/ANTP_HOXD10/ANTP_HOXD11/ANTP_HOXD12/ANTP_HOXD13/ANTP_MEOX1/ANTP_MEOX2/ANTP_MNX1/ANTP_MSX1/ANTP_MSX2/ANTP_PDX1:likeclu:0/2/7/8/9/10/11/12/15/18/20/23/24/25/26/27/28/29/31	
Nvec_v1g205636	Homeodomains.HG3.8:ANTP_HOXA2/ANTP_HOXA3/ANTP_HOXB2/ANTP_HOXB3/ANTP_HOXD3	ANTP_HOXA2/ANTP_HOXA3/ANTP_HOXB2/ANTP_HOXB3/ANTP_HOXD3
Nvec_v1g101611	Homeodomains.HG3.8:ANTP_HOXA2/ANTP_HOXA3/ANTP_HOXB2/ANTP_HOXB3/ANTP_HOXD3	ANTP_HOXA2/ANTP_HOXA3/ANTP_HOXB2/ANTP_HOXB3/ANTP_HOXD3
Nvec_v1g90956	Homeodomains.HG3.8:ANTP_HOXA2/ANTP_HOXA3/ANTP_HOXB2/ANTP_HOXB3/ANTP_HOXD3	ANTP_HOXA2/ANTP_HOXA3/ANTP_HOXB2/ANTP_HOXB3/ANTP_HOXD3
Nvec_v1g101730	Homeodomains.HG3.8:ANTP_HOXA2/ANTP_HOXA3/ANTP_HOXB2/ANTP_HOXB3/ANTP_HOXD3	ANTP_HOXA2/ANTP_HOXA3/ANTP_HOXB2/ANTP_HOXB3/ANTP_HOXD3
Nvec_v1g101740	Homeodomains.HG3.15:ANTP_HOXA1/ANTP_HOXB1/ANTP_HOXD1	ANTP_HOXA1/ANTP_HOXB1/ANTP_HOXD1
Nvec_v1g80987	Homeodomains.HG3.16:like:ANTP_EVX1/ANTP_EVX2/ANTP_GBX1/ANTP_GBX2/ANTP_GSX1/ANTP_GSX2/ANTP_HOXA1/ANTP_HOXB1/ANTP_HOXD1/ANTP_MEOX1/ANTP_MEOX2/ANTP_MNX1/ANTP_MSX1/ANTP_MSX2:likeclu:15/20/23/24/26/29/31	
Nvec_v1g91593	Homeodomains.HG3.20:ANTP_GSX1/ANTP_GSX2	ANTP_GSX1/ANTP_GSX2
Nvec_v1g150519	Homeodomains.HG3.20:ANTP_GSX1/ANTP_GSX2	ANTP_GSX1/ANTP_GSX2
Nvec_v1g128302	Homeodomains.HG3.23:ANTP_MEOX1/ANTP_MEOX2	ANTP_MEOX1/ANTP_MEOX2
Nvec_v1g128275	Homeodomains.HG3.23:ANTP_MEOX1/ANTP_MEOX2	ANTP_MEOX1/ANTP_MEOX2
Nvec_v1g128289	Homeodomains.HG3.23:ANTP_MEOX1/ANTP_MEOX2	ANTP_MEOX1/ANTP_MEOX2
Nvec_v1g128296	Homeodomains.HG3.23:ANTP_MEOX1/ANTP_MEOX2	ANTP_MEOX1/ANTP_MEOX2
Nvec_v1g101731	Homeodomains.HG3.24:ANTP_MNX1	ANTP_MNX1
Nvec_v1g101680	Homeodomains.HG3.26:ANTP_EVX1/ANTP_EVX2	ANTP_EVX1/ANTP_EVX2
Nvec_v1g27862	Homeodomains.HG3.29:ANTP_GBX1/ANTP_GBX2	ANTP_GBX1/ANTP_GBX2
Nvec_v1g59496	Homeodomains.HG3.30:like:ANTP_MSX1/ANTP_MSX2:likeclu:31	
Nvec_v1g82785	Homeodomains.HG3.31:ANTP_MSX1/ANTP_MSX2	ANTP_MSX1/ANTP_MSX2
Nvec_v1g80927	Homeodomains.HG3.32:like:ANTP_MSX1/ANTP_MSX2:likeclu:31	
Nvec_v1g80394	Homeodomains.HG3.32:like:ANTP_MSX1/ANTP_MSX2:likeclu:31	
Nvec_v1g89029	Homeodomains.HG4.2:ANTP_DLX1/ANTP_DLX2/ANTP_DLX3/ANTP_DLX4/ANTP_DLX5/ANTP_DLX6	ANTP_DLX1/ANTP_DLX2/ANTP_DLX3/ANTP_DLX4/ANTP_DLX5/ANTP_DLX6
Nvec_v1g197493	Homeodomains.HG4.3:ANTP_NKX1-1/ANTP_NKX1-2	ANTP_NKX1-1/ANTP_NKX1-2
Nvec_v1g123764	Homeodomains.HG4.9:ANTP_BARX1/ANTP_BARX2	islike:ANTP_BARX1/ANTP_BARX2
Nvec_v1g39924	Homeodomains.HG4.9:ANTP_BARX1/ANTP_BARX2	islike:ANTP_BARX1/ANTP_BARX2
Nvec_v1g5943	Homeodomains.HG4.9:ANTP_BARX1/ANTP_BARX2	ANTP_BARX1/ANTP_BARX2
Nvec_v1g123745	Homeodomains.HG4.9:ANTP_BARX1/ANTP_BARX2	islike:ANTP_BARX1/ANTP_BARX2
Nvec_v1g81309	Homeodomains.HG5.2:like:ANTP_EMX1/ANTP_EMX2/ANTP_NOTO/ANTP_VAX1/ANTP_VAX2:likeclu:7/8/15	
Nvec_v1g81163	Homeodomains.HG5.4:like:ANTP_EMX1/ANTP_EMX2/ANTP_NOTO/ANTP_VAX1/ANTP_VAX2:likeclu:7/8/15	
Nvec_v1g4795	Homeodomains.HG5.4:like:ANTP_EMX1/ANTP_EMX2/ANTP_NOTO/ANTP_VAX1/ANTP_VAX2:likeclu:7/8/15	
Nvec_v1g118347	Homeodomains.HG5.4:like:ANTP_EMX1/ANTP_EMX2/ANTP_NOTO/ANTP_VAX1/ANTP_VAX2:likeclu:7/8/15	
Nvec_v1g8907	Homeodomains.HG5.6:like:ANTP_EMX1/ANTP_EMX2/ANTP_NOTO/ANTP_VAX1/ANTP_VAX2:likeclu:7/8/15	
Nvec_v1g80405	Homeodomains.HG5.7:ANTP_NOTO	ANTP_NOTO
Nvec_v1g117718	Homeodomains.HG5.11:like:ANTP_EMX1/ANTP_EMX2:likeclu:15	
Nvec_v1g117688	Homeodomains.HG5.13:like:ANTP_EMX1/ANTP_EMX2/ANTP_VAX1/ANTP_VAX2:likeclu:8/15	
Nvec_v1g91847	Homeodomains.HG5.13:like:ANTP_EMX1/ANTP_EMX2/ANTP_VAX1/ANTP_VAX2:likeclu:8/15	
Nvec_v1g123192	Homeodomains.HG5.16:like:ANTP_EMX1/ANTP_EMX2:likeclu:15	
Nvec_v1g39913	Homeodomains.HG5.17:like:ANTP_EMX1/ANTP_EMX2:likeclu:15	
Nvec_v1g206468	Homeodomains.HG6.3:Other_LOC647589	Other_LOC647589
Nvec_v1g130873	Homeodomains.HG6.4:SINE_SIX3/SINE_SIX5	SINE_SIX3/SINE_SIX5
Nvec_v1g56637	Homeodomains.HG6.5:SINE_SIX4/SINE_SIX5	SINE_SIX4/SINE_SIX5
Nvec_v1g138693	Homeodomains.HG6.5:SINE_SIX4/SINE_SIX5	SINE_SIX4/SINE_SIX5
Nvec_v1g157078	Homeodomains.HG6.5:SINE_SIX4/SINE_SIX5	SINE_SIX4/SINE_SIX5
Nvec_v1g99489	Homeodomains.HG6.6:SINE_SIX1/SINE_SIX2	islike:SINE_SIX1/SINE_SIX2
Nvec_v1g126214	Homeodomains.HG6.6:SINE_SIX1/SINE_SIX2	SINE_SIX1/SINE_SIX2
Nvec_v1g68616	Homeodomains.HG7.2:like:ANTP_NKX2-1/ANTP_NKX2-2/ANTP_NKX2-3/ANTP_NKX2-4/ANTP_NKX2-5/ANTP_NKX2-6/ANTP_NKX2-8/ANTP_NKX3-1/ANTP_NKX3-2:likeclu:5/8/10/12	
Nvec_v1g48313	Homeodomains.HG7.3:like:ANTP_NKX2-1/ANTP_NKX2-2/ANTP_NKX2-3/ANTP_NKX2-4/ANTP_NKX2-5/ANTP_NKX2-6/ANTP_NKX2-8/ANTP_NKX3-1/ANTP_NKX3-2:likeclu:5/8/10/12	
Nvec_v1g68647	Homeodomains.HG7.3:like:ANTP_NKX2-1/ANTP_NKX2-2/ANTP_NKX2-3/ANTP_NKX2-4/ANTP_NKX2-5/ANTP_NKX2-6/ANTP_NKX2-8/ANTP_NKX3-1/ANTP_NKX3-2:likeclu:5/8/10/12	
Nvec_v1g127828	Homeodomains.HG7.3:like:ANTP_NKX2-1/ANTP_NKX2-2/ANTP_NKX2-3/ANTP_NKX2-4/ANTP_NKX2-5/ANTP_NKX2-6/ANTP_NKX2-8/ANTP_NKX3-1/ANTP_NKX3-2:likeclu:5/8/10/12	
Nvec_v1g192469	Homeodomains.HG7.3:like:ANTP_NKX2-1/ANTP_NKX2-2/ANTP_NKX2-3/ANTP_NKX2-4/ANTP_NKX2-5/ANTP_NKX2-6/ANTP_NKX2-8/ANTP_NKX3-1/ANTP_NKX3-2:likeclu:5/8/10/12	
Nvec_v1g127891	Homeodomains.HG7.3:like:ANTP_NKX2-1/ANTP_NKX2-2/ANTP_NKX2-3/ANTP_NKX2-4/ANTP_NKX2-5/ANTP_NKX2-6/ANTP_NKX2-8/ANTP_NKX3-1/ANTP_NKX3-2:likeclu:5/8/10/12	
Nvec_v1g59839	Homeodomains.HG7.3:like:ANTP_NKX2-1/ANTP_NKX2-2/ANTP_NKX2-3/ANTP_NKX2-4/ANTP_NKX2-5/ANTP_NKX2-6/ANTP_NKX2-8/ANTP_NKX3-1/ANTP_NKX3-2:likeclu:5/8/10/12	
Nvec_v1g197288	Homeodomains.HG7.9:like:ANTP_NKX2-3/ANTP_NKX2-5/ANTP_NKX2-6/ANTP_NKX3-1/ANTP_NKX3-2:likeclu:10/12	
Nvec_v1g208035	Homeodomains.HG7.10:ANTP_NKX2-3/ANTP_NKX2-5/ANTP_NKX2-6	ANTP_NKX2-3/ANTP_NKX2-5/ANTP_NKX2-6
Nvec_v1g208034	Homeodomains.HG7.12:ANTP_NKX3-1/ANTP_NKX3-2	ANTP_NKX3-2
Nvec_v1g114232	Homeodomains.HG7.12:ANTP_NKX3-1/ANTP_NKX3-2	islike:ANTP_NKX3-2
Nvec_v1g105055	Homeodomains.HG8.3:TALE_TGIF1/TALE_TGIF2/TALE_TGIF2LX/TALE_TGIF2LY	TALE_TGIF1/TALE_TGIF2
Nvec_v1g22855	Homeodomains.HG8.5:TALE_PKNOX1/TALE_PKNOX2	TALE_PKNOX1/TALE_PKNOX2
Nvec_v1g119733	Homeodomains.HG8.6:TALE_MEIS1/TALE_MEIS3	TALE_MEIS1/TALE_MEIS3
Nvec_v1g7208	Homeodomains.HG9.0:POU_POU6F1/POU_POU6F2	POU_POU6F1/POU_POU6F2
Nvec_v1g112929	Homeodomains.HG9.3:POU_POU1F1	POU_POU1F1
Nvec_v1g62471	Homeodomains.HG9.8:like:POU_POU3F1/POU_POU3F2/POU_POU3F3/POU_POU3F4:likeclu:10	
Nvec_v1g3734	Homeodomains.HG9.8:like:POU_POU3F1/POU_POU3F2/POU_POU3F3/POU_POU3F4:likeclu:10	
Nvec_v1g129257	Homeodomains.HG9.10:POU_POU3F1/POU_POU3F2/POU_POU3F3/POU_POU3F4	POU_POU3F1/POU_POU3F2/POU_POU3F3/POU_POU3F4
Nvec_v1g207172	HSF.HG1.2:like:HSF5:likeclu:1	
Nvec_v1g217135	HSF.HG1.3:like:HSFX1/HSFX2/HSFX3/HSFX4/HSFY1/HSFY2:likeclu:4	
Nvec_v1g86916	HSF.HG1.6:HSF1/HSF2/HSF4	HSF1/HSF2/HSF4
Nvec_v1g86955	IRF.HG1.1:IRF3/IRF4/IRF5/IRF6/IRF7/IRF8/IRF9	IRF3/IRF4/IRF5/IRF6/IRF7/IRF8/IRF9
Nvec_v1g124291	IRF.HG1.1:IRF3/IRF4/IRF5/IRF6/IRF7/IRF8/IRF9	IRF3/IRF4/IRF5/IRF6/IRF7/IRF8/IRF9
Nvec_v1g141683	IRF.HG1.4:IRF1/IRF2	IRF1/IRF2
Nvec_v1g47103	IRF.HG1.4:IRF1/IRF2	IRF1/IRF2
Nvec_v1g92283	IRF.HG1.4:IRF1/IRF2	IRF1/IRF2
Nvec_v1g206550	LAG1_CSL.HG1.0:RBPJ/RBPJL	RBPJ/RBPJL
Nvec_v1g164599	MADS-box_SRF.HG1.3:SRF	SRF
Nvec_v1g170111	MADS-box_SRF.HG2.0:BORCS8/MEF2A/MEF2B/MEF2C/MEF2D	BORCS8/MEF2A/MEF2B/MEF2C/MEF2D
Nvec_v1g122107	MADS-box_SRF.HG2.0:BORCS8/MEF2A/MEF2B/MEF2C/MEF2D	BORCS8/MEF2A/MEF2B/MEF2C/MEF2D
Nvec_v1g125309	MBD.HG1.2:MBD2/MBD3	MBD2/MBD3
Nvec_v1g90531	MBD.HG1.5:MBD4	MBD4
Nvec_v1g39779	MBD.HG1.5:MBD4	MBD4
Nvec_v1g237922	mTERF.HG1.1:like:MTERF1/MTERF2/MTERF3/MTERF4:likeclu:4/5/6	
Nvec_v1g215533	mTERF.HG1.2:like:MTERF1/MTERF2/MTERF3/MTERF4:likeclu:4/5/6	
Nvec_v1g169217	Myb.HG10.0:CDC5L	CDC5L
Nvec_v1g241050	Myb.HG11.0:TERF2IP	TERF2IP
Nvec_v1g162604	Myb.HG12.0:DMAP1	DMAP1
Nvec_NVE12610	Myb.HG13.0:BDP1	BDP1
Nvec_NVE21772	Myb.HG1.8:NA	
Nvec_v1g245569	Myb.HG1.30:NA	
Nvec_NVE4932	Myb.HG1.30:NA	
Nvec_v1g247253	Myb.HG1.31:NA	
Nvec_v1g247105	Myb.HG1.40:NA	
Nvec_v1g239655	Myb.HG2.4:like:HSPA14/MSANTD1/MSANTD2/ZKSCAN2/ZSCAN20/ZSCAN29/ZSCAN32:likeclu:10/16/22	
Nvec_NVE2819	Myb.HG2.5:like:HSPA14/MSANTD1/MSANTD2/ZKSCAN2/ZSCAN20/ZSCAN29/ZSCAN32:likeclu:10/16/22	
Nvec_v1g244636	Myb.HG2.5:like:HSPA14/MSANTD1/MSANTD2/ZKSCAN2/ZSCAN20/ZSCAN29/ZSCAN32:likeclu:10/16/22	
Nvec_NVE6563	Myb.HG2.18:like:HSPA14/MSANTD1/MSANTD2/ZKSCAN2/ZSCAN20/ZSCAN29/ZSCAN32:likeclu:10/16/22	
Nvec_NVE20289	Myb.HG3.8:like:MSANTD4/MYPOP/NAIF1/TSNARE1:likeclu:4/5/6	
Nvec_NVE6511	Myb.HG3.10:like:MSANTD4/MYPOP/NAIF1/TSNARE1:likeclu:4/5/6	
Nvec_v1g31202	Myb.HG4.1:MYSM1	MYSM1
Nvec_v1g127920	Myb.HG4.2:AC118549	AC118549
Nvec_v1g30373	Myb.HG4.3:SMARCC1/SMARCC2	SMARCC1/SMARCC2
Nvec_v1g129837	Myb.HG4.4:MIER1/MIER2/MIER3/MTA1/MTA3/RCOR1/RCOR2/RCOR3	RCOR1/RCOR2/RCOR3
Nvec_v1g237737	Myb.HG4.6:NCOR1/NCOR2	islike:NCOR1/NCOR2
Nvec_v1g238213	Myb.HG5.2:TERF1/TERF2	TERF1/TERF2
Nvec_v1g243027	Myb.HG5.3:like:SNAPC4:likeclu:5	
Nvec_v1g38726	Myb.HG5.4:MYB/MYBL1/MYBL2	MYB/MYBL1/MYBL2
Nvec_v1g22981	Myb.HG6.0:DMTF1	DMTF1
Nvec_v1g162294	Myb.HG6.1:TTF1	TTF1
Nvec_v1g244074	Myb.HG6.1:TTF1	TTF1
Nvec_v1g243208	Myb.HG6.1:TTF1	TTF1
Nvec_v1g171779	Myb.HG7.0:TADA2B	TADA2B
Nvec_v1g222546	Myb.HG7.0:TADA2B	TADA2B
Nvec_v1g13916	Myb.HG7.1:TADA2A	TADA2A
Nvec_v1g143620	Myb.HG7.1:TADA2A	TADA2A
Nvec_v1g238672	Myb.HG8.1:MIS18BP1	MIS18BP1
Nvec_v1g240013	Myb.HG8.2:DNAJC2	DNAJC2
Nvec_v1g3950	Myb.HG8.2:DNAJC2	DNAJC2
Nvec_v1g224109	Myb.HG9.0:NA	
Nvec_v1g219175	Myb.HG9.0:NA	
Nvec_v1g221370	Myb.HG9.0:NA	
Nvec_v1g201760	Myb.HG9.0:NA	
Nvec_v1g243725	Myb.HG9.0:NA	
Nvec_NVE22890	Myb.HG9.0:NA	
Nvec_NVE13999	Myb.HG9.0:NA	
Nvec_v1g201290	Myb.HG9.0:NA	
Nvec_v1g22270	Ndt80_PhoG.HG1.0:MYRF/MYRFL	MYRF/MYRFL
Nvec_v1g103200	NFX1_ZF.HG1.0:NFXL1	NFXL1
Nvec_v1g240231	NFX1_ZF.HG1.1:NFX1	NFX1
Nvec_v1g248844	NFYA.HG1.0:like:NFYA:likeclu:1	
Nvec_v1g82757	NFYA.HG1.0:like:NFYA:likeclu:1	
Nvec_NVE9292	NFYA.HG1.1:NFYA	islike:NFYA
Nvec_v1g239929	NFYB_NFYC.HG2.0:CHRAC1	CHRAC1
Nvec_v1g205207	NFYB_NFYC.HG2.1:POLE4	POLE4
Nvec_v1g139976	NFYB_NFYC.HG3.0:TAF12	TAF12
Nvec_v1g241356	NFYB_NFYC.HG3.1:DR1	DR1
Nvec_v1g88215	NFYB_NFYC.HG4.0:NFYB	NFYB
Nvec_v1g47437	NFYB_NFYC.HG5.0:DRAP1	DRAP1
Nvec_v1g170236	NFYB_NFYC.HG6.0:POLE3	POLE3
Nvec_v1g138459	NFYB_NFYC.HG7.0:TAF11	TAF11
Nvec_NVE16556	NFYB_NFYC.HG9.0:NA	
Nvec_v1g192750	NRF1.HG1.2:NRF1	NRF1
Nvec_v1g104131	P53.HG1.0:like:TP53/TP63/TP73:likeclu:3	
Nvec_v1g211521	P53.HG1.2:like:TP53/TP63/TP73:likeclu:3	
Nvec_v1g100372	P53.HG1.3:TP53/TP63/TP73	TP53/TP63/TP73
Nvec_v1g245290	Pipsqueak.HG1.10:NA	
Nvec_v1g110404	RFX.HG1.0:RFX4/RFX6/RFX8	islike:RFX6
Nvec_v1g122918	RFX.HG1.0:RFX4/RFX6/RFX8	islike:RFX4/RFX6
Nvec_v1g85569	RFX.HG1.0:RFX4/RFX6/RFX8	RFX6
Nvec_v1g25228	RFX.HG1.1:RFX5/RFX7	RFX5/RFX7
Nvec_v1g96414	RFX.HG2.0:RFX1/RFX2/RFX3	RFX1/RFX2/RFX3
Nvec_v1g9068	RHD_Rel.HG1.0:NFKB1/NFKB2/REL/RELA/RELB	NFKB1/NFKB2/REL/RELA/RELB
Nvec_v1g174238	RHD_Rel.HG1.0:NFKB1/NFKB2/REL/RELA/RELB	NFKB1/NFKB2/REL/RELA/RELB
Nvec_v1g243338	RHD_Rel.HG2.0:NFAT5/NFATC1/NFATC2/NFATC3/NFATC4	NFAT5/NFATC1/NFATC2/NFATC3/NFATC4
Nvec_v1g129231	Runt_Runx.HG1.1:RUNX1/RUNX2/RUNX3	RUNX1/RUNX2/RUNX3
Nvec_v1g247683	SAND.HG1.2:DEAF1	DEAF1
Nvec_v1g110153	SMAD_MH1.HG1.0:SMAD6/SMAD7	SMAD6/SMAD7
Nvec_v1g228395	SMAD_MH1.HG1.4:like:SMAD1/SMAD2/SMAD3/SMAD5/SMAD9:likeclu:6/8	
Nvec_v1g168041	SMAD_MH1.HG1.8:SMAD2/SMAD3	SMAD2/SMAD3
Nvec_v1g116293	SMAD_MH1.HG2.0:like:SMAD4:likeclu:1	
Nvec_v1g18576	SMAD_MH1.HG2.0:like:SMAD4:likeclu:1	
Nvec_v1g248037	SMAD_MH1.HG2.1:SMAD4	SMAD4
Nvec_v1g241935	STAT.HG1.0:STAT1/STAT2/STAT3/STAT4/STAT5A/STAT5B/STAT6	STAT5A/STAT5B/STAT6
Nvec_v1g220410	T-box.HG1.0:TBX15/TBX18/TBX20/TBX22	TBX20
Nvec_v1g106123	T-box.HG1.0:TBX15/TBX18/TBX20/TBX22	TBX20
Nvec_v1g117456	T-box.HG1.0:TBX15/TBX18/TBX20/TBX22	TBX20
Nvec_v1g117393	T-box.HG1.0:TBX15/TBX18/TBX20/TBX22	TBX20
Nvec_v1g88753	T-box.HG1.0:TBX15/TBX18/TBX20/TBX22	TBX15/TBX18/TBX22
Nvec_v1g57075	T-box.HG1.0:TBX15/TBX18/TBX20/TBX22	TBX20
Nvec_v1g214571	T-box.HG1.2:TBX1/TBX10	TBX1/TBX10
Nvec_v1g214570	T-box.HG1.2:TBX1/TBX10	TBX1/TBX10
Nvec_v1g125098	T-box.HG1.6:like:EOMES/TBR1/TBX19/TBX21/TBXT:likeclu:11/13	
Nvec_v1g165815	T-box.HG1.8:TBX4/TBX5	TBX4/TBX5
Nvec_v1g102530	T-box.HG1.10:TBX2/TBX3	TBX2/TBX3
Nvec_v1g104923	T-box.HG1.12:like:EOMES/TBR1/TBX19/TBX21/TBXT:likeclu:11/13	
Nvec_NVE3568	T-box.HG1.13:TBX19/TBXT	TBX19/TBXT
Nvec_NVE695	T-box.HG1.14:like:EOMES/TBR1/TBX19/TBX21/TBXT:likeclu:11/13	
Nvec_v1g124737	T-box.HG1.14:like:EOMES/TBR1/TBX19/TBX21/TBXT:likeclu:11/13	
Nvec_v1g203375	TBP.HG1.3:TBP/TBPL2	TBP/TBPL2
Nvec_v1g86806	TEA.HG1.0:like:TEAD1/TEAD2/TEAD3/TEAD4:likeclu:1	
Nvec_v1g212385	TEA.HG1.2:like:TEAD1/TEAD2/TEAD3/TEAD4:likeclu:1	
Nvec_v1g111410	Tesmin_TSO1-like.HG1.2:LIN54/TESMIN	LIN54
Nvec_v1g118178	TFIIB.HG1.1:GTF2B	GTF2B
Nvec_v1g147404	TFIIB.HG2.0:BRF1	BRF1
Nvec_v1g169387	TFIIB.HG2.0:BRF1	BRF1
Nvec_v1g114480	TFIIB.HG2.0:BRF1	BRF1
Nvec_v1g218220	THAP_finger.HG1.41:like:THAP6/THAP11:likeclu:25/28	
Nvec_v1g240014	THAP_finger.HG1.41:like:THAP6/THAP11:likeclu:25/28	
Nvec_v1g209438	THAP_finger.HG1.41:like:THAP6/THAP11:likeclu:25/28	
Nvec_v1g212824	THAP_finger.HG1.57:like:THAP6/THAP11:likeclu:25/28	
Nvec_v1g209342	THAP_finger.HG1.57:like:THAP6/THAP11:likeclu:25/28	
Nvec_v1g198753	THAP_finger.HG1.57:like:THAP6/THAP11:likeclu:25/28	
Nvec_v1g211017	THAP_finger.HG1.57:like:THAP6/THAP11:likeclu:25/28	
Nvec_v1g103876	THAP_finger.HG1.67:like:THAP6/THAP11:likeclu:25/28	
Nvec_v1g247538	THAP_finger.HG1.67:like:THAP6/THAP11:likeclu:25/28	
Nvec_v1g213787	THAP_finger.HG1.67:like:THAP6/THAP11:likeclu:25/28	
Nvec_v1g202603	THAP_finger.HG2.1:THAP10	THAP10
Nvec_v1g225694	THAP_finger.HG2.1:THAP10	THAP10
Nvec_v1g197154	THAP_finger.HG2.1:THAP10	THAP10
Nvec_v1g224396	THAP_finger.HG2.1:THAP10	THAP10
Nvec_v1g223094	THAP_finger.HG2.1:THAP10	THAP10
Nvec_NVE408	THAP_finger.HG2.1:THAP10	THAP10
Nvec_NVE25932	THAP_finger.HG2.1:THAP10	THAP10
Nvec_v1g225389	THAP_finger.HG2.1:THAP10	THAP10
Nvec_v1g216981	THAP_finger.HG2.1:THAP10	THAP10
Nvec_v1g239369	THAP_finger.HG2.4:like:AC073612/THAP2/THAP4/THAP7/THAP8/THAP10:likeclu:1/9/12/13	
Nvec_v1g244685	TSC22.HG1.0:TSC22D1/TSC22D2/TSC22D3/TSC22D4	TSC22D1/TSC22D2/TSC22D3/TSC22D4
Nvec_v1g147760	Tub.HG1.1:TUB/TULP1/TULP2/TULP3	TUB/TULP1/TULP3
Nvec_v1g113757	Tub.HG1.1:TUB/TULP1/TULP2/TULP3	TUB/TULP1/TULP3
Nvec_v1g107461	YL1.HG1.0:VPS72	VPS72
Nvec_NVE16803	zf-C2H2.HG10.4:like:GFI1/GFI1B/ZNF146/ZNF319/ZNF358/ZNF362/ZNF384/ZNF576:likeclu:1/2/5/6/8/10	
Nvec_v1g182742	zf-C2H2.HG10.8:GFI1/GFI1B	GFI1/GFI1B
Nvec_v1g112378	zf-C2H2.HG10.12:like:GFI1/GFI1B:likeclu:8	
Nvec_v1g95684	zf-C2H2.HG10.13:like:GFI1/GFI1B:likeclu:8	
Nvec_v1g141921	zf-C2H2.HG10.22:like:GFI1/GFI1B/ZNF146/ZNF319/ZNF358/ZNF362/ZNF384/ZNF576:likeclu:1/2/5/6/8/10	
Nvec_v1g242817	zf-C2H2.HG11.2:like:AL121581/L3MBTL1/L3MBTL4/MYT1/MYT1L/ST18:likeclu:7/8	
Nvec_v1g187589	zf-C2H2.HG11.8:L3MBTL1/L3MBTL4	L3MBTL1/L3MBTL4
Nvec_v1g20650	zf-C2H2.HG11.8:L3MBTL1/L3MBTL4	L3MBTL1/L3MBTL4
Nvec_v1g225627	zf-C2H2.HG12.0:like:YY1/YY2/ZFP42:likeclu:2	
Nvec_v1g118750	zf-C2H2.HG12.2:YY1/YY2/ZFP42	ZFP42
Nvec_v1g80021	zf-C2H2.HG17.0:ZNF277	ZNF277
Nvec_v1g125130	zf-C2H2.HG20.0:like:ZNF32:likeclu:1	
Nvec_v1g47061	zf-C2H2.HG20.0:like:ZNF32:likeclu:1	
Nvec_v1g121965	zf-C2H2.HG3.1:INSM1/INSM2	INSM1/INSM2
Nvec_v1g118951	zf-C2H2.HG3.3:like:HINFP:likeclu:15	
Nvec_v1g115551	zf-C2H2.HG3.7:like:HINFP:likeclu:15	
Nvec_v1g118928	zf-C2H2.HG3.23:like:ZNF532/ZNF592/ZNF687:likeclu:31	
Nvec_NVE16807	zf-C2H2.HG3.24:like:ZNF532/ZNF592/ZNF687:likeclu:31	
Nvec_NVE16808	zf-C2H2.HG3.24:like:ZNF532/ZNF592/ZNF687:likeclu:31	
Nvec_v1g82654	zf-C2H2.HG3.26:like:ZNF532/ZNF592/ZNF687:likeclu:31	
Nvec_v1g185507	zf-C2H2.HG3.32:like:ZNF532/ZNF592/ZNF687:likeclu:31	
Nvec_v1g23194	zf-C2H2.HG3.35:like:ZNF512:likeclu:67	
Nvec_NVE6858	zf-C2H2.HG3.45:like:ZNF512:likeclu:67	
Nvec_NVE16809	zf-C2H2.HG3.58:like:ZNF512:likeclu:67	
Nvec_v1g39805	zf-C2H2.HG4.5:EGR1/EGR2/EGR3/EGR4	islike:EGR1/EGR2/EGR3
Nvec_v1g89106	zf-C2H2.HG4.8:like:MTF1/ZNF70/ZNF76/ZNF143/ZNF410/ZNF697:likeclu:10/14/20/23	
Nvec_v1g52811	zf-C2H2.HG4.8:like:MTF1/ZNF70/ZNF76/ZNF143/ZNF410/ZNF697:likeclu:10/14/20/23	
Nvec_v1g20538	zf-C2H2.HG4.8:like:MTF1/ZNF70/ZNF76/ZNF143/ZNF410/ZNF697:likeclu:10/14/20/23	
Nvec_NVE3182	zf-C2H2.HG4.8:like:MTF1/ZNF70/ZNF76/ZNF143/ZNF410/ZNF697:likeclu:10/14/20/23	
Nvec_v1g171510	zf-C2H2.HG4.8:like:MTF1/ZNF70/ZNF76/ZNF143/ZNF410/ZNF697:likeclu:10/14/20/23	
Nvec_v1g6843	zf-C2H2.HG4.8:like:MTF1/ZNF70/ZNF76/ZNF143/ZNF410/ZNF697:likeclu:10/14/20/23	
Nvec_v1g82548	zf-C2H2.HG4.11:KLF15	KLF15
Nvec_v1g19278	zf-C2H2.HG4.12:KLF13/KLF14/KLF16/KLF9	KLF13/KLF9
Nvec_v1g99612	zf-C2H2.HG4.13:SP1/SP2/SP3/SP4/SP5/SP6/SP7/SP8/SP9	islike:SP8/SP9
Nvec_v1g101900	zf-C2H2.HG4.13:SP1/SP2/SP3/SP4/SP5/SP6/SP7/SP8/SP9	islike:SP5
Nvec_v1g27142	zf-C2H2.HG4.13:SP1/SP2/SP3/SP4/SP5/SP6/SP7/SP8/SP9	SP1/SP3/SP4
Nvec_v1g28237	zf-C2H2.HG4.13:SP1/SP2/SP3/SP4/SP5/SP6/SP7/SP8/SP9	SP5
Nvec_v1g154925	zf-C2H2.HG4.15:like:KLF1/KLF2/KLF3/KLF4/KLF5/KLF6/KLF7/KLF8/KLF12:likeclu:25/26/27/30	
Nvec_v1g84782	zf-C2H2.HG4.15:like:KLF1/KLF2/KLF3/KLF4/KLF5/KLF6/KLF7/KLF8/KLF12:likeclu:25/26/27/30	
Nvec_v1g85109	zf-C2H2.HG4.15:like:KLF1/KLF2/KLF3/KLF4/KLF5/KLF6/KLF7/KLF8/KLF12:likeclu:25/26/27/30	
Nvec_v1g39461	zf-C2H2.HG4.19:KLF10/KLF11	KLF10/KLF11
Nvec_v1g120836	zf-C2H2.HG4.20:MTF1	MTF1
Nvec_v1g123077	zf-C2H2.HG4.23:ZNF143/ZNF76	ZNF143/ZNF76
Nvec_v1g229565	zf-C2H2.HG4.27:KLF6/KLF7	KLF6/KLF7
Nvec_v1g147359	zf-C2H2.HG4.27:KLF6/KLF7	KLF6/KLF7
Nvec_v1g236177	zf-C2H2.HG4.27:KLF6/KLF7	islike:KLF6/KLF7
Nvec_v1g83807	zf-C2H2.HG4.27:KLF6/KLF7	KLF6/KLF7
Nvec_v1g107193	zf-C2H2.HG4.31:like:KLF5:likeclu:30	
Nvec_v1g92831	zf-C2H2.HG5.10:PRDM9	islike:PRDM9
Nvec_v1g126348	zf-C2H2.HG5.10:PRDM9	islike:PRDM9
Nvec_v1g113856	zf-C2H2.HG5.10:PRDM9	PRDM9
Nvec_v1g96522	zf-C2H2.HG5.16:PRDM14	PRDM14
Nvec_v1g193459	zf-C2H2.HG5.16:PRDM14	PRDM14
Nvec_v1g104327	zf-C2H2.HG5.16:PRDM14	PRDM14
Nvec_v1g61034	zf-C2H2.HG5.16:PRDM14	PRDM14
Nvec_NVE21127	zf-C2H2.HG5.17:PRDM6	islike:PRDM6
Nvec_v1g90196	zf-C2H2.HG5.17:PRDM6	islike:PRDM6
Nvec_v1g90179	zf-C2H2.HG5.17:PRDM6	islike:PRDM6
Nvec_v1g84066	zf-C2H2.HG5.17:PRDM6	PRDM6
Nvec_v1g112757	zf-C2H2.HG5.17:PRDM6	islike:PRDM6
Nvec_v1g23386	zf-C2H2.HG5.19:like:HIC1/HIC2/MYNN/PATZ1/PRDM1/PRDM2/PRDM4/PRDM6/PRDM8/PRDM9/PRDM10/PRDM12/PRDM14/PRDM15/RLF/ZBTB2/ZBTB3/ZBTB8A/ZBTB17/ZBTB18/ZBTB21/ZBTB24/ZBTB25/ZBTB32/ZBTB38/ZBTB40/ZBTB42/ZBTB47/ZBTB49/ZNF652/ZNF654/ZNF683:likeclu:5/8/10/13/16/17/18/20/21/22/24/26/28/30/31	
Nvec_v1g119550	zf-C2H2.HG5.21:PRDM12	PRDM12
Nvec_v1g171849	zf-C2H2.HG5.24:PRDM2	PRDM2
Nvec_v1g34342	zf-C2H2.HG5.25:like:HIC1/HIC2/MYNN/PATZ1/PRDM1/PRDM2/PRDM4/PRDM6/PRDM8/PRDM9/PRDM10/PRDM12/PRDM14/PRDM15/RLF/ZBTB2/ZBTB3/ZBTB8A/ZBTB17/ZBTB18/ZBTB21/ZBTB24/ZBTB25/ZBTB32/ZBTB38/ZBTB40/ZBTB42/ZBTB47/ZBTB49/ZNF652/ZNF654/ZNF683:likeclu:5/8/10/13/16/17/18/20/21/22/24/26/28/30/31	
Nvec_v1g100176	zf-C2H2.HG5.43:like:HIC1/HIC2/MYNN/PATZ1/PRDM1/PRDM2/PRDM4/PRDM6/PRDM8/PRDM9/PRDM10/PRDM12/PRDM14/PRDM15/RLF/ZBTB2/ZBTB3/ZBTB8A/ZBTB17/ZBTB18/ZBTB21/ZBTB24/ZBTB25/ZBTB32/ZBTB38/ZBTB40/ZBTB42/ZBTB47/ZBTB49/ZNF652/ZNF654/ZNF683:likeclu:5/8/10/13/16/17/18/20/21/22/24/26/28/30/31	
Nvec_v1g121294	zf-C2H2.HG6.0:GLI1/GLI2/GLI3/GLIS1/GLIS2/GLIS3/ZIC1/ZIC2/ZIC3/ZIC4/ZIC5	islike:ZIC1/ZIC2/ZIC3/ZIC4/ZIC5
Nvec_v1g37793	zf-C2H2.HG6.0:GLI1/GLI2/GLI3/GLIS1/GLIS2/GLIS3/ZIC1/ZIC2/ZIC3/ZIC4/ZIC5	GLIS1/GLIS3
Nvec_v1g121204	zf-C2H2.HG6.0:GLI1/GLI2/GLI3/GLIS1/GLIS2/GLIS3/ZIC1/ZIC2/ZIC3/ZIC4/ZIC5	ZIC1/ZIC2/ZIC3/ZIC4/ZIC5
Nvec_v1g116463	zf-C2H2.HG6.0:GLI1/GLI2/GLI3/GLIS1/GLIS2/GLIS3/ZIC1/ZIC2/ZIC3/ZIC4/ZIC5	GLI1/GLI2/GLI3
Nvec_v1g95177	zf-C2H2.HG6.0:GLI1/GLI2/GLI3/GLIS1/GLIS2/GLIS3/ZIC1/ZIC2/ZIC3/ZIC4/ZIC5	GLIS2
Nvec_v1g25267	zf-C2H2.HG6.0:GLI1/GLI2/GLI3/GLIS1/GLIS2/GLIS3/ZIC1/ZIC2/ZIC3/ZIC4/ZIC5	ZIC1/ZIC2/ZIC3/ZIC4/ZIC5
Nvec_v1g121215	zf-C2H2.HG6.0:GLI1/GLI2/GLI3/GLIS1/GLIS2/GLIS3/ZIC1/ZIC2/ZIC3/ZIC4/ZIC5	ZIC1/ZIC2/ZIC3/ZIC4/ZIC5
Nvec_v1g37085	zf-C2H2.HG6.0:GLI1/GLI2/GLI3/GLIS1/GLIS2/GLIS3/ZIC1/ZIC2/ZIC3/ZIC4/ZIC5	islike:GLI1/GLI2/GLI3/GLIS1/GLIS2/GLIS3/ZIC1/ZIC2/ZIC3/ZIC4/ZIC5
Nvec_v1g108729	zf-C2H2.HG6.0:GLI1/GLI2/GLI3/GLIS1/GLIS2/GLIS3/ZIC1/ZIC2/ZIC3/ZIC4/ZIC5	islike:ZIC1/ZIC2/ZIC3/ZIC4/ZIC5
Nvec_v1g242586	zf-C2H2.HG6.1:like:GLI1/GLI2/GLI3/GLIS1/GLIS2/GLIS3/ZIC1/ZIC2/ZIC3/ZIC4/ZIC5:likeclu:0	
Nvec_v1g82910	zf-C2H2.HG9.4:like:ZNF771:likeclu:6	
Nvec_v1g148776	zf-C2H2.HG9.5:like:ZNF771:likeclu:6	
Nvec_v1g91940	zf-C2H2.HG9.5:like:ZNF771:likeclu:6	
Nvec_v1g111220	zf-C2H2.HG9.5:like:ZNF771:likeclu:6	
Nvec_v1g89177	zf-C2H2.HG9.8:like:ZNF771:likeclu:6	
Nvec_v1g149683	zf-C4_Nuclear_receptors.HG1.2:like:AR/ESR1/ESR2/ESRRA/ESRRB/ESRRG/HNF4A/HNF4G/NR2C1/NR2C2/NR2E1/NR2E3/NR2F1/NR2F2/NR2F6/NR3C1/NR3C2/NR5A1/NR5A2/NR6A1/PGR/RXRA/RXRB/RXRG:likeclu:6/7/8/9/16/17/22/29/42	
Nvec_v1g108851	zf-C4_Nuclear_receptors.HG1.2:like:AR/ESR1/ESR2/ESRRA/ESRRB/ESRRG/HNF4A/HNF4G/NR2C1/NR2C2/NR2E1/NR2E3/NR2F1/NR2F2/NR2F6/NR3C1/NR3C2/NR5A1/NR5A2/NR6A1/PGR/RXRA/RXRB/RXRG:likeclu:6/7/8/9/16/17/22/29/42	
Nvec_v1g93844	zf-C4_Nuclear_receptors.HG1.4:like:AR/ESR1/ESR2/ESRRA/ESRRB/ESRRG/HNF4A/HNF4G/NR2C1/NR2C2/NR2E1/NR2E3/NR2F1/NR2F2/NR2F6/NR3C1/NR3C2/NR5A1/NR5A2/NR6A1/PGR/RXRA/RXRB/RXRG:likeclu:6/7/8/9/16/17/22/29/42	
Nvec_v1g101676	zf-C4_Nuclear_receptors.HG1.5:like:AR/ESR1/ESR2/ESRRA/ESRRB/ESRRG/HNF4A/HNF4G/NR2C1/NR2C2/NR2E1/NR2E3/NR2F1/NR2F2/NR2F6/NR3C1/NR3C2/NR5A1/NR5A2/NR6A1/PGR/RXRA/RXRB/RXRG:likeclu:6/7/8/9/16/17/22/29/42	
Nvec_v1g152310	zf-C4_Nuclear_receptors.HG1.5:like:AR/ESR1/ESR2/ESRRA/ESRRB/ESRRG/HNF4A/HNF4G/NR2C1/NR2C2/NR2E1/NR2E3/NR2F1/NR2F2/NR2F6/NR3C1/NR3C2/NR5A1/NR5A2/NR6A1/PGR/RXRA/RXRB/RXRG:likeclu:6/7/8/9/16/17/22/29/42	
Nvec_v1g134436	zf-C4_Nuclear_receptors.HG1.9:NR6A1	NR6A1
Nvec_v1g89471	zf-C4_Nuclear_receptors.HG1.17:HNF4A/HNF4G	HNF4A/HNF4G
Nvec_v1g209681	zf-C4_Nuclear_receptors.HG1.22:NR2C1/NR2C2	NR2C1/NR2C2
Nvec_v1g167880	zf-C4_Nuclear_receptors.HG1.22:NR2C1/NR2C2	NR2C1/NR2C2
Nvec_v1g99425	zf-C4_Nuclear_receptors.HG1.29:NR2E1/NR2E3	islike:NR2E1/NR2E3
Nvec_v1g132075	zf-C4_Nuclear_receptors.HG1.29:NR2E1/NR2E3	islike:NR2E1/NR2E3
Nvec_v1g114090	zf-C4_Nuclear_receptors.HG1.29:NR2E1/NR2E3	NR2E1
Nvec_v1g183874	zf-C4_Nuclear_receptors.HG1.29:NR2E1/NR2E3	islike:NR2E1
Nvec_v1g169225	zf-C4_Nuclear_receptors.HG1.29:NR2E1/NR2E3	islike:NR2E1/NR2E3
Nvec_v1g94673	zf-C4_Nuclear_receptors.HG1.34:like:NR2E1/NR2E3/NR2F1/NR2F2/NR2F6:likeclu:29/42	
Nvec_v1g203423	zf-C4_Nuclear_receptors.HG1.39:like:NR2F1/NR2F2/NR2F6:likeclu:42	
Nvec_v1g242271	zf-C4_Nuclear_receptors.HG1.40:like:NR2F1/NR2F2/NR2F6:likeclu:42	
Nvec_v1g165424	zf-C4_Nuclear_receptors.HG1.41:like:NR2F1/NR2F2/NR2F6:likeclu:42	
Nvec_v1g189134	zf-C4_Nuclear_receptors.HG1.42:NR2F1/NR2F2/NR2F6	NR2F1/NR2F2/NR2F6
Nvec_v1g242923	zf-CXXC.HG1.1:FBXL19/KDM2A/KDM2B	FBXL19/KDM2A/KDM2B
Nvec_v1g10765	zf-CXXC.HG1.5:CXXC1	CXXC1
Nvec_v1g125496	zf-CXXC.HG1.7:DNMT1	DNMT1
Nvec_v1g165407	zf-met.HG10.0:ZMAT2	ZMAT2
Nvec_v1g243113	zf-met.HG11.0:SF3A2	SF3A2
Nvec_v1g208963	zf-met.HG12.0:SCAPER	SCAPER
Nvec_v1g238693	zf-met.HG13.0:NA	
Nvec_v1g81344	zf-met.HG13.0:NA	
Nvec_v1g236569	zf-met.HG16.0:NA	
Nvec_v1g238029	zf-met.HG18.0:AP002990/TUT1	AP002990/TUT1
Nvec_v1g32208	zf-met.HG20.0:NA	
Nvec_v1g49810	zf-met.HG24.0:NA	
Nvec_v1g93710	zf-met.HG26.0:NA	
Nvec_NVE3371	zf-met.HG32.0:NA	
Nvec_v1g89657	zf-met.HG36.0:ZNF706	ZNF706
Nvec_v1g239921	zf-met.HG3.2:ZNF385A/ZNF385B/ZNF385C/ZNF385D	ZNF385A/ZNF385B/ZNF385C/ZNF385D
Nvec_v1g221490	zf-met.HG4.0:like:ZFR/ZFR2:likeclu:2	
Nvec_v1g233208	zf-met.HG4.0:like:ZFR/ZFR2:likeclu:2	
Nvec_v1g11096	zf-met.HG4.2:ZFR/ZFR2	ZFR/ZFR2
Nvec_v1g201862	zf-met.HG7.1:like:DNAJC21:likeclu:0	
Nvec_v1g134544	zf-MIZ.HG1.1:PIAS1/PIAS2/PIAS3/PIAS4	PIAS1/PIAS2/PIAS3/PIAS4
Nvec_v1g106305	zf-MIZ.HG1.3:ZMIZ1/ZMIZ2	ZMIZ1/ZMIZ2
Nvec_v1g68554	zf-C2H2.HG13.1:TRERF1/ZNF541	TRERF1/ZNF541
Nvec_v1g37078	zf-C2H2.HG14.0:OVOL1/OVOL2/OVOL3	OVOL3
Nvec_v1g92799	zf-C2H2.HG14.0:OVOL1/OVOL2/OVOL3	OVOL3
Nvec_v1g184519	zf-C2H2.HG15.0:ZNF622	ZNF622
Nvec_NVE21662	zf-C2H2.Unclassified	
Nvec_NVE3722	zf-met.Unclassified	
Nvec_v1g102092	zf-C2H2.Unclassified	
Nvec_v1g105290	zf-C2H2.Unclassified	
Nvec_v1g108304	zf-C2H2.Unclassified	
Nvec_v1g113433	zf-met.Unclassified	
Nvec_v1g114027	zf-C2H2.Unclassified	
Nvec_v1g119386	zf-C2H2.Unclassified	
Nvec_v1g119949	zf-met.Unclassified	
Nvec_v1g123933	zf-C2H2.Unclassified	
Nvec_v1g135766	zf-met.Unclassified	
Nvec_v1g142228	zf-C2H2.Unclassified	
Nvec_v1g14714	zf-C2H2.Unclassified	
Nvec_v1g152167	zf-C2H2.Unclassified	
Nvec_v1g179413	zf-C2H2.Unclassified	
Nvec_v1g201626	zf-C2H2.Unclassified	
Nvec_v1g209396	zf-C2H2.Unclassified	
Nvec_v1g214579	zf-C2H2.Unclassified	
Nvec_v1g231992	zf-C2H2.Unclassified	
Nvec_v1g242269	bZIP.Unclassified	
Nvec_v1g248713	bZIP.Unclassified	
Nvec_v1g33613	zf-met.Unclassified	
Nvec_v1g83449	zf-C2H2.Unclassified	
Nvec_v1g85918	zf-BED.Unclassified	
Nvec_v1g9597	zf-C2H2.Unclassified	
Nvec_v1g98273	zf-met.Unclassified	
Nvec_v1g99684	zf-C2H2.Unclassified	
