Spis_XP_022804332_1	AF-4.AFF1/AFF2/AFF3/AFF4	AFF1/AFF2/AFF3/AFF4
Spis_XP_022782802_1	AP-2.TFAP2A/TFAP2B/TFAP2C/TFAP2D/TFAP2E	islike:TFAP2A/TFAP2B/TFAP2C/TFAP2D/TFAP2E
Spis_XP_022802080_1	AP-2.TFAP2A/TFAP2B/TFAP2C/TFAP2D/TFAP2E	TFAP2A/TFAP2B/TFAP2C/TFAP2D/TFAP2E
Spis_XP_022789287_1	ARID_BRIGHT.like:ARID4A/ARID4B	NA
Spis_XP_022792789_1	ARID_BRIGHT.ARID4A/ARID4B	ARID4A/ARID4B
Spis_XP_022779056_1	ARID_BRIGHT.ARID5A/ARID5B	ARID5A/ARID5B
Spis_XP_022794916_1	ARID_BRIGHT.ARID1A/ARID1B	ARID1A/ARID1B
Spis_XP_022780438_1	ARID_BRIGHT.ARID3A/ARID3B/ARID3C	ARID3A/ARID3B/ARID3C
Spis_XP_022781073_1	ARID_BRIGHT.JARID2	JARID2
Spis_XP_022801801_1	ARID_BRIGHT.KDM5A/KDM5B/KDM5C/KDM5D	KDM5A/KDM5B/KDM5C/KDM5D
Spis_1937_1	Brinker.POGK	POGK
Spis_11086_1	Brinker.like:POGK	NA
Spis_208_1	Brinker.like:POGK	NA
Spis_22673_1	Brinker.like:POGK	NA
Spis_XP_022790817_1	bZIP.ATF4/ATF5	ATF4/ATF5
Spis_XP_022803855_1	bZIP.like:DBP/HLF/NFIL3/TEF	NA
Spis_XP_022788130_1	bZIP.like:DBP/HLF/NFIL3/TEF	NA
Spis_XP_022808499_1	bZIP.CEBPA/CEBPB/CEBPD/CEBPE/CEBPG	islike:CEBPA/CEBPB/CEBPD/CEBPE
Spis_XP_022782200_1	bZIP.CEBPA/CEBPB/CEBPD/CEBPE/CEBPG	CEBPA/CEBPB/CEBPD/CEBPE
Spis_XP_022791813_1	bZIP.ATF2/ATF7/CREB5	ATF2/ATF7/CREB5
Spis_XP_022788875_1	bZIP.like:DBP/HLF/NFIL3/TEF	NA
Spis_XP_022788849_1	bZIP.like:DBP/HLF/NFIL3/TEF	NA
Spis_XP_022801779_1	bZIP.like:DBP/HLF/NFIL3/TEF	NA
Spis_XP_022806056_1	bZIP.DBP/HLF/TEF	DBP/HLF/TEF
Spis_XP_022785127_1	bZIP.DBP/HLF/TEF	DBP/HLF/TEF
Spis_XP_022787524_1	bZIP.DBP/HLF/TEF	DBP/HLF/TEF
Spis_XP_022803294_1	bZIP.FOS/FOSB/FOSL1/FOSL2	FOS/FOSB/FOSL1/FOSL2
Spis_XP_022803298_1	bZIP.FOS/FOSB/FOSL1/FOSL2	FOS/FOSB/FOSL1/FOSL2
Spis_XP_022803299_1	bZIP.FOS/FOSB/FOSL1/FOSL2	FOS/FOSB/FOSL1/FOSL2
Spis_XP_022792639_1	bZIP.ATF3/JDP2	ATF3/JDP2
Spis_XP_022809245_1	bZIP.MAFF/MAFG/MAFK	MAFF/MAFG/MAFK
Spis_XP_022794775_1	bZIP.like:MAF/MAFA/MAFB/MAFF/MAFG/MAFK/NRL	NA
Spis_XP_022791127_1	bZIP.like:MAF/MAFA/MAFB/MAFF/MAFG/MAFK/NRL	NA
Spis_XP_022791124_1	bZIP.like:MAF/MAFA/MAFB/MAFF/MAFG/MAFK/NRL	NA
Spis_XP_022791102_1	bZIP.like:MAF/MAFA/MAFB/MAFF/MAFG/MAFK/NRL	NA
Spis_XP_022791098_1	bZIP.like:MAF/MAFA/MAFB/MAFF/MAFG/MAFK/NRL	NA
Spis_XP_022794205_1	bZIP.like:MAF/MAFA/MAFB/MAFF/MAFG/MAFK/NRL	NA
Spis_XP_022791128_1	bZIP.like:MAF/MAFA/MAFB/MAFF/MAFG/MAFK/NRL	NA
Spis_XP_022791093_1	bZIP.like:MAF/MAFA/MAFB/MAFF/MAFG/MAFK/NRL	NA
Spis_XP_022793713_1	bZIP.CREBZF	CREBZF
Spis_XP_022780383_1	bZIP.CREB3/CREB3L3/CREB3L4	CREB3/CREB3L3/CREB3L4
Spis_XP_022792224_1	bZIP.CREB3L1/CREB3L2	CREB3L1/CREB3L2
Spis_XP_022802213_1	bZIP.CREB3L1/CREB3L2	islike:CREB3L1/CREB3L2
Spis_XP_022808057_1	bZIP.JUN/JUNB/JUND	islike:JUN/JUNB/JUND
Spis_XP_022784946_1	bZIP.JUN/JUNB/JUND	islike:JUN/JUNB/JUND
Spis_XP_022783289_1	bZIP.JUN/JUNB/JUND	islike:JUN/JUNB/JUND
Spis_XP_022788336_1	bZIP.JUN/JUNB/JUND	islike:JUN/JUNB/JUND
Spis_XP_022802957_1	bZIP.CREBL2	CREBL2
Spis_XP_022782518_1	bZIP.ATF1/CREB1/CREM	ATF1/CREB1/CREM
Spis_XP_022779261_1	bZIP.BACH1/BACH2/NFE2/NFE2L1/NFE2L2/NFE2L3	NFE2/NFE2L1/NFE2L2/NFE2L3
Spis_XP_022794277_1	bZIP.XBP1	XBP1
Spis_XP_022786881_1	bZIP.ATF6/ATF6B	ATF6/ATF6B
Spis_XP_022788799_1	CG-1.CAMTA1/CAMTA2	CAMTA1/CAMTA2
Spis_XP_022810631_1	CSD.like:LIN28A/LIN28B/YBX1/YBX2/YBX3	NA
Spis_XP_022784029_1	CSD.CSDE1	CSDE1
Spis_XP_022790819_1	CSD.CARHSP1/CSDC2	CARHSP1/CSDC2
Spis_XP_022789587_1	CSD.YBX1/YBX2/YBX3	YBX1/YBX2/YBX3
Spis_XP_022792056_1	CSD.YBX1/YBX2/YBX3	YBX1/YBX2/YBX3
Spis_XP_022810290_1	CSD.like:CARHSP1/CSDC2	NA
Spis_XP_022802328_1	Doublesex_DM.like:DMRT1/DMRT2/DMRT3/DMRTA1/DMRTA2/DMRTB1/DMRTC2	NA
Spis_XP_022801791_1	Doublesex_DM.like:DMRT1/DMRT2/DMRT3/DMRTA1/DMRTA2/DMRTB1/DMRTC2	NA
Spis_XP_022795024_1	Doublesex_DM.like:DMRT1/DMRT2/DMRT3/DMRTA1/DMRTA2/DMRTB1/DMRTC2	NA
Spis_XP_022803202_1	Doublesex_DM.like:DMRT1/DMRT2/DMRT3/DMRTA1/DMRTA2/DMRTB1/DMRTC2	NA
Spis_XP_022785075_1	Doublesex_DM.like:DMRT1/DMRT2/DMRT3/DMRTA1/DMRTA2/DMRTC2	NA
Spis_XP_022802333_1	Doublesex_DM.like:DMRT1/DMRT2/DMRT3/DMRTA1/DMRTA2/DMRTC2	NA
Spis_XP_022791301_1	Doublesex_DM.like:DMRT1/DMRT2/DMRT3/DMRTA1/DMRTA2/DMRTC2	NA
Spis_XP_022791280_1	Doublesex_DM.like:DMRT1/DMRT2/DMRT3/DMRTA1/DMRTA2/DMRTC2	NA
Spis_XP_022792802_1	Doublesex_DM.like:DMRT1/DMRT3/DMRTA1/DMRTA2/DMRTC2	NA
Spis_XP_022792798_1	Doublesex_DM.like:DMRT1/DMRT3/DMRTA1/DMRTA2/DMRTC2	NA
Spis_XP_022797052_1	Doublesex_DM.DMRTA1/DMRTA2	DMRTA1/DMRTA2
Spis_XP_022804974_1	Doublesex_DM.DMRT1/DMRTC2	DMRT1/DMRTC2
Spis_XP_022804462_1	E2F_TDP.E2F4/E2F5	E2F4/E2F5
Spis_XP_022806208_1	E2F_TDP.E2F1/E2F2/E2F3/E2F6	islike:E2F1/E2F2/E2F3/E2F6
Spis_XP_022779116_1	E2F_TDP.TFDP1/TFDP2/TFDP3	TFDP1/TFDP2/TFDP3
Spis_XP_022806502_1	E2F_TDP.E2F7/E2F8	E2F7/E2F8
Spis_XP_022804083_1	Ets.unclass	NA
Spis_XP_022804091_1	Ets.GABPA	GABPA
Spis_XP_022804085_1	Ets.ETS1/ETS2	ETS1/ETS2
Spis_XP_022780139_1	Ets.ETS1/ETS2	ETS1/ETS2
Spis_XP_022797372_1	Ets.ERG/FEV/FLI1	islike:ERG/FEV/FLI1
Spis_XP_022794506_1	Ets.ETV1/ETV4/ETV5	ETV1/ETV4/ETV5
Spis_XP_022784515_1	Ets.like:AC020909/EHF/ELF1/ELF2/ELF3/ELF4/ELF5/ETV6/ETV7/SPDEF/SPI1/SPIB/SPIC	NA
Spis_XP_022784509_1	Ets.like:AC020909/EHF/ELF1/ELF2/ELF3/ELF4/ELF5/ETV6/ETV7/SPDEF/SPI1/SPIB/SPIC	NA
Spis_XP_022784523_1	Ets.like:AC020909/EHF/ELF1/ELF2/ELF3/ELF4/ELF5/ETV6/ETV7/SPDEF/SPI1/SPIB/SPIC	NA
Spis_XP_022791468_1	Ets.like:AC020909/EHF/ELF1/ELF2/ELF3/ELF4/ELF5/ETV6/ETV7/SPDEF/SPI1/SPIB/SPIC	NA
Spis_XP_022791471_1	Ets.like:AC020909/EHF/ELF1/ELF2/ELF3/ELF4/ELF5/ETV6/ETV7/SPDEF/SPI1/SPIB/SPIC	NA
Spis_XP_022784502_1	Ets.like:AC020909/EHF/ELF1/ELF2/ELF3/ELF4/ELF5/ETV6/ETV7/SPDEF/SPI1/SPIB/SPIC	NA
Spis_XP_022784487_1	Ets.like:AC020909/EHF/ELF1/ELF2/ELF3/ELF4/ELF5/ETV6/ETV7/SPDEF/SPI1/SPIB/SPIC	NA
Spis_XP_022784501_1	Ets.like:AC020909/EHF/ELF1/ELF2/ELF3/ELF4/ELF5/ETV6/ETV7/SPDEF/SPI1/SPIB/SPIC	NA
Spis_XP_022784520_1	Ets.like:AC020909/EHF/ELF1/ELF2/ELF3/ELF4/ELF5/ETV6/ETV7/SPDEF/SPI1/SPIB/SPIC	NA
Spis_XP_022784499_1	Ets.like:AC020909/EHF/ELF1/ELF2/ELF3/ELF4/ELF5/ETV6/ETV7/SPDEF/SPI1/SPIB/SPIC	NA
Spis_XP_022785023_1	Ets.SPDEF	SPDEF
Spis_XP_022785671_1	Ets.ETV6/ETV7	ETV6/ETV7
Spis_XP_022779978_1	Ets.AC020909/EHF/ELF3/ELF5/SPI1/SPIB/SPIC	EHF/ELF3/ELF5
Spis_XP_022783463_1	Forkhead.FOXJ2/FOXJ3	FOXJ3
Spis_XP_022782449_1	Forkhead.FOXN2/FOXN3	FOXN2/FOXN3
Spis_XP_022785666_1	Forkhead.FOXM1	FOXM1
Spis_XP_022800280_1	Forkhead.FOXK1/FOXK2	FOXK1/FOXK2
Spis_XP_022784179_1	Forkhead.FOXJ1	FOXJ1
Spis_XP_022799069_1	Forkhead.FOXG1	FOXG1
Spis_XP_022799810_1	Forkhead.FOXC1/FOXC2	FOXC1/FOXC2
Spis_XP_022781401_1	Forkhead.FOXL1	islike:FOXL1
Spis_XP_022781399_1	Forkhead.FOXL1	islike:FOXL1
Spis_XP_022799809_1	Forkhead.FOXQ1	FOXQ1
Spis_XP_022800136_1	Forkhead.FOXD3	FOXD3
Spis_XP_022799797_1	Forkhead.FOXQ1	FOXQ1
Spis_XP_022780223_1	Forkhead.FOXD1/FOXD2/FOXD3/FOXD4/FOXD4L1/FOXD4L3/FOXD4L4/FOXD4L5/FOXD4L6/	islike:FOXD1/FOXD2/FOXD3/FOXD4/FOXD4L1/FOXD4L3/FOXD4L4/FOXD4L5/FOXD4L6
Spis_XP_022800147_1	Forkhead.FOXD3	FOXD3
Spis_XP_022780476_1	Forkhead.like:FOXA1/FOXA2/FOXA3/FOXB1/FOXB2	NA
Spis_XP_022810126_1	Forkhead.FOXL2	FOXL2
Spis_XP_022780413_1	Forkhead.FOXB1/FOXB2	FOXB1/FOXB2
Spis_XP_022789920_1	Forkhead.FOXA1/FOXA2/FOXA3	FOXA1/FOXA2/FOXA3
Spis_XP_022801171_1	Forkhead.NA	NA
Spis_XP_022801170_1	Forkhead.NA	NA
Spis_XP_022805085_1	Forkhead.NA	NA
Spis_XP_022806034_1	Forkhead.NA	NA
Spis_XP_022787555_1	Forkhead.NA	NA
Spis_XP_022803289_1	Forkhead.NA	NA
Spis_XP_022793010_1	Forkhead.NA	NA
Spis_XP_022788808_1	Forkhead.NA	NA
Spis_XP_022793008_1	Forkhead.NA	NA
Spis_XP_022793009_1	Forkhead.NA	NA
Spis_XP_022783718_1	Forkhead.NA	NA
Spis_XP_022792313_1	Forkhead.like:FOXO1/FOXO3/FOXO4/FOXO6	NA
Spis_XP_022789569_1	Forkhead.FOXO1/FOXO3/FOXO4/FOXO6	islike:FOXO1/FOXO3/FOXO4/FOXO6
Spis_XP_022801164_1	Forkhead.FOXP1/FOXP2/FOXP3/FOXP4	FOXP1/FOXP2/FOXP3/FOXP4
Spis_XP_022799620_1	Forkhead.FOXN1/FOXN4/FOXR1/FOXR2	FOXN1/FOXN4/FOXR1/FOXR2
Spis_XP_022794956_1	GATA.ZGLP1	ZGLP1
Spis_XP_022791815_1	GATA.like:GATA1/GATA2/GATA3/GATA4/GATA5/GATA6	NA
Spis_XP_022781270_1	GATA.GATA1/GATA2/GATA3	GATA2/GATA3
Spis_XP_022789785_1	GATA.RERE	RERE
Spis_XP_022789887_1	GCM.GCM1/GCM2	GCM1/GCM2
Spis_XP_022794020_1	Grainyhead_LSF.GRHL1/GRHL2/GRHL3	GRHL1/GRHL2/GRHL3
Spis_XP_022779320_1	Grainyhead_LSF.TFCP2/TFCP2L1/UBP1	TFCP2/TFCP2L1/UBP1
Spis_20717_1	GTF2-like.like:GTF2I/GTF2IRD1/GTF2IRD2/GTF2IRD2B	NA
Spis_XP_022790031_1	HLH.like:MYF5/MYF6/MYOD1/MYOG	NA
Spis_XP_022781519_1	HLH.like:ATOH1/ATOH7/ATOH8/BHLHA9/BHLHA15/BHLHE22/BHLHE23/NEUROD1/NEUROD2/NEUROD4/NEUROD6/NEUROG1/NEUROG2/NEUROG3/OLIG1/OLIG2/OLIG3	NA
Spis_XP_022805710_1	HLH.like:ATOH1/ATOH7/ATOH8/BHLHA9/BHLHA15/BHLHE22/BHLHE23/NEUROD1/NEUROD2/NEUROD4/NEUROD6/NEUROG1/NEUROG2/NEUROG3/OLIG1/OLIG2/OLIG3	NA
Spis_XP_022799673_1	HLH.like:ATOH1/ATOH7/ATOH8/BHLHA9/BHLHA15/BHLHE22/BHLHE23/NEUROD1/NEUROD2/NEUROD4/NEUROD6/NEUROG1/NEUROG2/NEUROG3/OLIG1/OLIG2/OLIG3	NA
Spis_XP_022799683_1	HLH.NEUROD1/NEUROD2/NEUROD4/NEUROD6/NEUROG1/NEUROG2/NEUROG3	NEUROD1/NEUROD2/NEUROD4/NEUROD6/NEUROG1/NEUROG2/NEUROG3
Spis_XP_022799694_1	HLH.BHLHA15	BHLHA15
Spis_25774_1	HLH.BHLHA15	BHLHA15
Spis_XP_022799700_1	HLH.like:ATOH8	NA
Spis_XP_022792346_1	HLH.PTF1A	PTF1A
Spis_XP_022795347_1	HLH.HAND1/HAND2	HAND1/HAND2
Spis_XP_022795348_1	HLH.HAND1/HAND2	HAND1/HAND2
Spis_XP_022797588_1	HLH.like:ATOH8	NA
Spis_XP_022799701_1	HLH.ATOH8	ATOH8
Spis_XP_022802371_1	HLH.TCF23/TCF24	TCF23/TCF24
Spis_XP_022792336_1	HLH.like:SCX/TCF15	NA
Spis_XP_022783046_1	HLH.like:LYL1/TAL1/TAL2	NA
Spis_XP_022783126_1	HLH.LYL1/TAL1/TAL2	LYL1/TAL1/TAL2
Spis_XP_022783047_1	HLH.LYL1/TAL1/TAL2	islike:LYL1/TAL1/TAL2
Spis_XP_022804749_1	HLH.SCX/TCF15	SCX/TCF15
Spis_XP_022804780_1	HLH.like:SCX/TCF15	NA
Spis_XP_022786173_1	HLH.ASCL3/ASCL4/ASCL5	ASCL4
Spis_XP_022804659_1	HLH.like:SCX/TCF15	NA
Spis_XP_022788482_1	HLH.like:ID1/ID2/ID3/ID4	NA
Spis_XP_022786203_1	HLH.like:ASCL1/ASCL2	NA
Spis_XP_022786197_1	HLH.like:ASCL1/ASCL2	NA
Spis_XP_022804052_1	HLH.like:SCX/TCF15	NA
Spis_XP_022804034_1	HLH.like:SCX/TCF15	NA
Spis_XP_022804673_1	HLH.like:SCX/TCF15	NA
Spis_XP_022804325_1	HLH.like:SCX/TCF15	NA
Spis_XP_022804681_1	HLH.like:SCX/TCF15	NA
Spis_XP_022803971_1	HLH.like:SCX/TCF15	NA
Spis_XP_022788818_1	HLH.unclass	NA
Spis_XP_022783505_1	HLH.unclass	NA
Spis_XP_022788165_1	HLH.like:HES1/HES2/HES3/HES4/HES5/HES6/HES7	NA
Spis_XP_022783488_1	HLH.like:HES1/HES2/HES3/HES4/HES5/HES6/HES7	NA
Spis_XP_022783471_1	HLH.like:HES1/HES2/HES3/HES4/HES5/HES6/HES7	NA
Spis_XP_022783489_1	HLH.like:HES1/HES2/HES3/HES4/HES5/HES6/HES7	NA
Spis_XP_022783510_1	HLH.like:HES1/HES2/HES3/HES4/HES5/HES6/HES7	NA
Spis_XP_022783470_1	HLH.like:HES1/HES2/HES3/HES4/HES5/HES6/HES7	NA
Spis_XP_022804497_1	HLH.HEY1/HEY2/HEYL	HEY1/HEY2/HEYL
Spis_XP_022800756_1	HLH.like:HES1/HES2/HES3/HES4/HES5/HES6/HES7	NA
Spis_XP_022786510_1	HLH.HELT	HELT
Spis_XP_022808439_1	HLH.HELT	HELT
Spis_XP_022786017_1	HLH.like:CCDC169/SOHLH1/SOHLH2	NA
Spis_XP_022793388_1	HLH.CCDC169/SOHLH2	CCDC169/SOHLH2
Spis_XP_022783531_1	HLH.like:MGA/MLX/MLXIP/MLXIPL	NA
Spis_XP_022807320_1	HLH.MAX	MAX
Spis_XP_022807528_1	HLH.MNT/MXD1/MXD3/MXD4/MXI1	MNT
Spis_XP_022779410_1	HLH.MNT/MXD1/MXD3/MXD4/MXI1	islike:MXD1/MXD3/MXD4/MXI1
Spis_XP_022792082_1	HLH.MYC/MYCL/MYCN	MYC/MYCL/MYCN
Spis_XP_022781941_1	HLH.MYC/MYCL/MYCN	MYC/MYCL/MYCN
Spis_XP_022782003_1	HLH.MYC/MYCL/MYCN	islike:MYC/MYCL/MYCN
Spis_XP_022781943_1	HLH.MYC/MYCL/MYCN	islike:MYC/MYCL/MYCN
Spis_XP_022781938_1	HLH.MYC/MYCL/MYCN	islike:MYC/MYCL/MYCN
Spis_XP_022781945_1	HLH.MYC/MYCL/MYCN	MYC/MYCL/MYCN
Spis_XP_022800525_1	HLH.MGA/MLXIP/MLXIPL	MLXIP/MLXIPL
Spis_XP_022787484_1	HLH.MLX	MLX
Spis_XP_022801417_1	HLH.TFAP4	islike:TFAP4
Spis_XP_022787954_1	HLH.TFAP4	TFAP4
Spis_XP_022797137_1	HLH.SREBF1/SREBF2	SREBF1/SREBF2
Spis_XP_022785921_1	HLH.MITF/TFE3/TFEB/TFEC	MITF/TFE3/TFEB/TFEC
Spis_XP_022779131_1	HLH.USF1/USF2	USF1/USF2
Spis_XP_022779167_1	HLH.USF1/USF2	islike:USF1/USF2
Spis_XP_022784951_1	HLH.AC019117/AHR/AHRR/NCOA1/NPAS1/SIM1	islike:AC019117/AHR/AHRR
Spis_XP_022782459_1	HLH.AC019117/AHR/AHRR/NCOA1/NPAS1/SIM1	NPAS1/SIM1
Spis_XP_022798931_1	HLH.AC019117/AHR/AHRR/NCOA1/NPAS1/SIM1	AC019117/AHR/AHRR
Spis_XP_022793794_1	HLH.ARNT/ARNT2/ARNTL/ARNTL2	ARNTL/ARNTL2
Spis_XP_022803380_1	HLH.ARNT/ARNT2/ARNTL/ARNTL2	ARNT/ARNT2
Spis_XP_022786748_1	HLH.like:CLOCK/NPAS2	NA
Spis_XP_022780636_1	HLH.CLOCK/NPAS2	CLOCK/NPAS2
Spis_XP_022780635_1	HLH.CLOCK/NPAS2	CLOCK/NPAS2
Spis_XP_022781763_1	HLH.CLOCK/NPAS2	CLOCK/NPAS2
Spis_XP_022797670_1	HLH.TCF12/TCF3/TCF4	TCF12/TCF3/TCF4
Spis_XP_022790526_1	HLH.EBF1/EBF2/EBF3/EBF4	EBF1/EBF2/EBF3/EBF4
Spis_XP_022789609_1	HMGbox_Sox.like:BBX/CIC/HBP1	NA
Spis_XP_022806717_1	HMGbox_Sox.BBX/CIC	CIC
Spis_XP_022783477_1	HMGbox_Sox.HBP1	HBP1
Spis_XP_022779440_1	HMGbox_Sox.like:BHMG1/SOX1/SOX2/SOX3/SOX14/SOX15/SOX21/SRY	NA
Spis_XP_022791887_1	HMGbox_Sox.SOX30	SOX30
Spis_XP_022799621_1	HMGbox_Sox.SOX30	islike:SOX30
Spis_XP_022799847_1	HMGbox_Sox.SOX11/SOX12/SOX4	SOX11/SOX12/SOX4
Spis_XP_022803535_1	HMGbox_Sox.SOX17/SOX18/SOX7	SOX17/SOX18/SOX7
Spis_XP_022801713_1	HMGbox_Sox.like:BHMG1/SOX1/SOX2/SOX3/SOX14/SOX15/SOX21/SRY	NA
Spis_XP_022792317_1	HMGbox_Sox.like:BHMG1/SOX1/SOX2/SOX3/SOX14/SOX15/SOX21/SRY	NA
Spis_XP_022797058_1	HMGbox_Sox.like:BHMG1/SOX1/SOX2/SOX3/SOX14/SOX15/SOX21/SRY	NA
Spis_XP_022785508_1	HMGbox_Sox.like:BHMG1/SOX1/SOX2/SOX3/SOX14/SOX15/SOX21/SRY	NA
Spis_6578_1	HMGbox_Sox.like:BHMG1/SOX1/SOX2/SOX3/SOX14/SOX15/SOX21/SRY	NA
Spis_XP_022791197_1	HMGbox_Sox.SOX1/SOX15/SOX2/SOX3/SRY	SOX1/SOX2/SOX3
Spis_XP_022808610_1	HMGbox_Sox.like:BHMG1/SOX1/SOX2/SOX3/SOX14/SOX15/SOX21/SRY	NA
Spis_XP_022802526_1	HMGbox_Sox.like:BHMG1/SOX14/SOX21	NA
Spis_XP_022802906_1	HMGbox_Sox.like:SOX8/SOX9/SOX10	NA
Spis_XP_022780323_1	HMGbox_Sox.SOX10/SOX8/SOX9	SOX10/SOX9
Spis_XP_022785521_1	HMGbox_Sox.like:BHMG1/SOX1/SOX2/SOX3/SOX14/SOX15/SOX21/SRY	NA
Spis_XP_022798025_1	HMGbox_Sox.SOX14/SOX21	SOX14/SOX21
Spis_XP_022787726_1	HMGbox_Sox.like:HMG20A/HMG20B/HMGXB4/PMS1/TFAM/TOX/TOX2/TOX3/TOX4/UBTF/UBTFL1	NA
Spis_XP_022784581_1	HMGbox_Sox.PBRM1	PBRM1
Spis_XP_022800071_1	HMGbox_Sox.TOX/TOX2/TOX3/TOX4	TOX/TOX2/TOX3/TOX4
Spis_XP_022787088_1	HMGbox_Sox.HMG20A/HMG20B	HMG20A/HMG20B
Spis_XP_022803439_1	HMGbox_Sox.HMG20A/HMG20B	islike:HMG20A/HMG20B
Spis_XP_022789396_1	HMGbox_Sox.HMG20A/HMG20B	islike:HMG20A/HMG20B
Spis_XP_022783136_1	HMGbox_Sox.HMGXB4	HMGXB4
Spis_XP_022794362_1	HMGbox_Sox.UBTF/UBTFL1	UBTF/UBTFL1
Spis_XP_022792867_1	HMGbox_Sox.TFAM	TFAM
Spis_XP_022803190_1	HMGbox_Sox.TFAM	TFAM
Spis_XP_022789747_1	HMGbox_Sox.SSRP1	SSRP1
Spis_XP_022793154_1	HMGbox_Sox.SSRP1	islike:SSRP1
Spis_XP_022807598_1	HMGbox_Sox.like:SSRP1	NA
Spis_XP_022800695_1	HMGbox_Sox.like:SSRP1	NA
Spis_XP_022809767_1	HMGbox_Sox.like:LEF1/TCF7/TCF7L1/TCF7L2	NA
Spis_XP_022792891_1	HMGbox_Sox.SMARCE1	SMARCE1
Spis_XP_022779135_1	HMGbox_Sox.MAEL	MAEL
Spis_XP_022802187_1	Homeodomains.like:ANTP_HMX1/ANTP_HMX2/ANTP_HMX3/ANTP_NKX6-1/ANTP_NKX6-2/ANTP_NKX6-3	NA
Spis_XP_022794697_1	Homeodomains.ANTP_HMX1/ANTP_HMX2/ANTP_HMX3/ANTP_NKX6-1/ANTP_NKX6-2/ANTP_NKX6-3	ANTP_HMX1
Spis_XP_022800116_1	Homeodomains.ANTP_HMX1/ANTP_HMX2/ANTP_HMX3/ANTP_NKX6-1/ANTP_NKX6-2/ANTP_NKX6-3	ANTP_NKX6-1/ANTP_NKX6-2/ANTP_NKX6-3
Spis_XP_022797996_1	Homeodomains.CUT_ONECUT1/CUT_ONECUT2/CUT_ONECUT3	CUT_ONECUT1/CUT_ONECUT2/CUT_ONECUT3
Spis_XP_022790518_1	Homeodomains.PRD_DUX4/PRD_DUXA/PRD_DUXB	islike:PRD_DUX4/PRD_DUXA/PRD_DUXB
Spis_XP_022800822_1	Homeodomains.PRD_DUX4/PRD_DUXA/PRD_DUXB	islike:PRD_DUX4/PRD_DUXA/PRD_DUXB
Spis_XP_022783917_1	Homeodomains.PRD_DUX4/PRD_DUXA/PRD_DUXB	islike:PRD_DUX4/PRD_DUXA/PRD_DUXB
Spis_XP_022804454_1	Homeodomains.TALE_IRX1/TALE_IRX2/TALE_IRX3/TALE_IRX4/TALE_IRX6/TALE_MKX	islike:TALE_IRX1/TALE_IRX2/TALE_IRX3/TALE_IRX4/TALE_IRX6
Spis_XP_022804587_1	Homeodomains.like:PRD_PITX1/PRD_PITX2	NA
Spis_XP_022797107_1	Homeodomains.like:PRD_PITX1/PRD_PITX2	NA
Spis_XP_022781877_1	Homeodomains.TALE_PBX1/TALE_PBX2/TALE_PBX3/TALE_PBX4	TALE_PBX1/TALE_PBX3/TALE_PBX4
Spis_XP_022803267_1	Homeodomains.ANTP_DBX1/ANTP_DBX2/ANTP_HLX	ANTP_DBX1/ANTP_DBX2/ANTP_HLX
Spis_XP_022789944_1	Homeodomains.ANTP_DBX1/ANTP_DBX2/ANTP_HLX	ANTP_DBX1/ANTP_DBX2/ANTP_HLX
Spis_XP_022805326_1	Homeodomains.like:ANTP_DBX1/ANTP_DBX2/ANTP_HLX	NA
Spis_XP_022794392_1	Homeodomains.LIM_LMX1A/LIM_LMX1B	LIM_LMX1A/LIM_LMX1B
Spis_XP_022802414_1	Homeodomains.HNF_HNF1A/HNF_HNF1B	HNF_HNF1A/HNF_HNF1B
Spis_XP_022781105_1	Homeodomains.POU_POU4F1/POU_POU4F2/POU_POU4F3	POU_POU4F1/POU_POU4F2/POU_POU4F3
Spis_21423_1	Homeodomains.unclass	NA
Spis_XP_022796023_1	Homeodomains.ANTP_EN1/ANTP_EN2/ANTP_HHEX/ANTP_LBX1/ANTP_LBX2/ANTP_TLX1/ANTP_TLX2/ANTP_TLX3	islike:ANTP_HHEX/ANTP_LBX1/ANTP_LBX2
Spis_XP_022791862_1	Homeodomains.ANTP_EN1/ANTP_EN2/ANTP_HHEX/ANTP_LBX1/ANTP_LBX2/ANTP_TLX1/ANTP_TLX2/ANTP_TLX3	islike:ANTP_EN1/ANTP_EN2
Spis_XP_022792033_1	Homeodomains.ANTP_EN1/ANTP_EN2/ANTP_HHEX/ANTP_LBX1/ANTP_LBX2/ANTP_TLX1/ANTP_TLX2/ANTP_TLX3	islike:ANTP_EN1/ANTP_EN2
Spis_XP_022792040_1	Homeodomains.ANTP_EN1/ANTP_EN2/ANTP_HHEX/ANTP_LBX1/ANTP_LBX2/ANTP_TLX1/ANTP_TLX2/ANTP_TLX3	islike:ANTP_EN1/ANTP_EN2
Spis_XP_022791853_1	Homeodomains.ANTP_EN1/ANTP_EN2/ANTP_HHEX/ANTP_LBX1/ANTP_LBX2/ANTP_TLX1/ANTP_TLX2/ANTP_TLX3	islike:ANTP_EN1/ANTP_EN2
Spis_XP_022794681_1	Homeodomains.ANTP_EN1/ANTP_EN2/ANTP_HHEX/ANTP_LBX1/ANTP_LBX2/ANTP_TLX1/ANTP_TLX2/ANTP_TLX3	ANTP_HHEX
Spis_XP_022782910_1	Homeodomains.ANTP_EN1/ANTP_EN2/ANTP_HHEX/ANTP_LBX1/ANTP_LBX2/ANTP_TLX1/ANTP_TLX2/ANTP_TLX3	ANTP_LBX1/ANTP_LBX2
Spis_XP_022788526_1	Homeodomains.ANTP_EN1/ANTP_EN2/ANTP_HHEX/ANTP_LBX1/ANTP_LBX2/ANTP_TLX1/ANTP_TLX2/ANTP_TLX3	islike:ANTP_EN1/ANTP_EN2
Spis_XP_022796024_1	Homeodomains.ANTP_EN1/ANTP_EN2/ANTP_HHEX/ANTP_LBX1/ANTP_LBX2/ANTP_TLX1/ANTP_TLX2/ANTP_TLX3	islike:ANTP_HHEX/ANTP_LBX1/ANTP_LBX2
Spis_XP_022785504_1	Homeodomains.PRD_PAX3/PRD_PAX7/PRD_RHOXF1	PRD_PAX3/PRD_PAX7/PRD_RHOXF1
Spis_XP_022781084_1	Homeodomains.PRD_PAX3/PRD_PAX7/PRD_RHOXF1	PRD_PAX3/PRD_PAX7/PRD_RHOXF1
Spis_XP_022785382_1	Homeodomains.PRD_PAX3/PRD_PAX7/PRD_RHOXF1	PRD_PAX3/PRD_PAX7/PRD_RHOXF1
Spis_XP_022780780_1	Homeodomains.PRD_PAX3/PRD_PAX7/PRD_RHOXF1	PRD_PAX3/PRD_PAX7/PRD_RHOXF1
Spis_XP_022779112_1	Homeodomains.PRD_PAX3/PRD_PAX7/PRD_RHOXF1	PRD_PAX3/PRD_PAX7/PRD_RHOXF1
Spis_XP_022786406_1	Homeodomains.like:ANTP_EN1/ANTP_EN2/ANTP_HHEX/ANTP_LBX1/ANTP_LBX2/ANTP_TLX1/ANTP_TLX2/ANTP_TLX3	NA
Spis_XP_022786405_1	Homeodomains.like:ANTP_EN1/ANTP_EN2/ANTP_HHEX/ANTP_LBX1/ANTP_LBX2/ANTP_TLX1/ANTP_TLX2/ANTP_TLX3	NA
Spis_XP_022786436_1	Homeodomains.like:ANTP_EN1/ANTP_EN2/ANTP_HHEX/ANTP_LBX1/ANTP_LBX2/ANTP_TLX1/ANTP_TLX2/ANTP_TLX3	NA
Spis_XP_022786402_1	Homeodomains.like:ANTP_EN1/ANTP_EN2/ANTP_HHEX/ANTP_LBX1/ANTP_LBX2/ANTP_TLX1/ANTP_TLX2/ANTP_TLX3	NA
Spis_XP_022806060_1	Homeodomains.PRD_PAX2/PRD_PAX5/PRD_PAX8	PRD_PAX2/PRD_PAX5/PRD_PAX8
Spis_XP_022801214_1	Homeodomains.like:PRD_PAX4/PRD_PAX6	NA
Spis_XP_022797157_1	Homeodomains.like:PRD_PAX4/PRD_PAX6	NA
Spis_XP_022790148_1	Homeodomains.LIM_LHX6/LIM_LHX8	LIM_LHX6/LIM_LHX8
Spis_XP_022790172_1	Homeodomains.LIM_LHX2	LIM_LHX2
Spis_XP_022803726_1	Homeodomains.LIM_LHX1/LIM_LHX3/LIM_LHX4	LIM_LHX1
Spis_XP_022780388_1	Homeodomains.LIM_ISL1/LIM_ISL2	LIM_ISL1/LIM_ISL2
Spis_XP_022802254_1	Homeodomains.NA	NA
Spis_XP_022797733_1	Homeodomains.NA	NA
Spis_XP_022791030_1	Homeodomains.NA	NA
Spis_XP_022797584_1	Homeodomains.NA	NA
Spis_XP_022801440_1	Homeodomains.NA	NA
Spis_XP_022801441_1	Homeodomains.NA	NA
Spis_XP_022801426_1	Homeodomains.NA	NA
Spis_XP_022803838_1	Homeodomains.NA	NA
Spis_XP_022801442_1	Homeodomains.NA	NA
Spis_XP_022785950_1	Homeodomains.CERS_CERS2/CERS_CERS3/CERS_CERS4/CERS_CERS5/CERS_CERS6	CERS_CERS2/CERS_CERS3/CERS_CERS4
Spis_XP_022781876_1	Homeodomains.unclass	NA
Spis_XP_022799112_1	Homeodomains.unclass	NA
Spis_XP_022801449_1	Homeodomains.unclass	NA
Spis_XP_022797714_1	Homeodomains.unclass	NA
Spis_XP_022782409_1	Homeodomains.unclass	NA
Spis_XP_022800137_1	Homeodomains.PRD_VSX1/PRD_VSX2	PRD_VSX1/PRD_VSX2
Spis_XP_022796171_1	Homeodomains.PRD_ARX	PRD_ARX
Spis_XP_022790401_1	Homeodomains.PRD_ARX	islike:PRD_ARX
Spis_XP_022780406_1	Homeodomains.PRD_RAX/PRD_RAX2	PRD_RAX/PRD_RAX2
Spis_XP_022780380_1	Homeodomains.like:PRD_OTP/PRD_PROP1	NA
Spis_XP_022779957_1	Homeodomains.like:PRD_ALX1/PRD_ALX3/PRD_ALX4	NA
Spis_XP_022782301_1	Homeodomains.PRD_UNCX	PRD_UNCX
Spis_XP_022782369_1	Homeodomains.like:PRD_UNCX	NA
Spis_XP_022791645_1	Homeodomains.PRD_GSC/PRD_GSC2	PRD_GSC/PRD_GSC2
Spis_XP_022782276_1	Homeodomains.PRD_PROP1	PRD_PROP1
Spis_XP_022800300_1	Homeodomains.PRD_PROP1	islike:PRD_PROP1
Spis_XP_022780405_1	Homeodomains.PRD_OTP	PRD_OTP
Spis_XP_022780982_1	Homeodomains.like:PRD_NOBOX	NA
Spis_XP_022806536_1	Homeodomains.PRD_SHOX/PRD_SHOX2	PRD_SHOX/PRD_SHOX2
Spis_XP_022797146_1	Homeodomains.PRD_DMBX1	PRD_DMBX1
Spis_XP_022797158_1	Homeodomains.PRD_DMBX1	PRD_DMBX1
Spis_XP_022797156_1	Homeodomains.PRD_DMBX1	PRD_DMBX1
Spis_XP_022797168_1	Homeodomains.PRD_DMBX1	PRD_DMBX1
Spis_XP_022797162_1	Homeodomains.PRD_DMBX1	PRD_DMBX1
Spis_XP_022797147_1	Homeodomains.PRD_DMBX1	PRD_DMBX1
Spis_XP_022791628_1	Homeodomains.PRD_CRX/PRD_OTX1/PRD_OTX2	PRD_CRX/PRD_OTX1/PRD_OTX2
Spis_XP_022791641_1	Homeodomains.PRD_CRX/PRD_OTX1/PRD_OTX2	PRD_CRX/PRD_OTX1/PRD_OTX2
Spis_XP_022791637_1	Homeodomains.PRD_CRX/PRD_OTX1/PRD_OTX2	PRD_CRX/PRD_OTX1/PRD_OTX2
Spis_XP_022791615_1	Homeodomains.PRD_CRX/PRD_OTX1/PRD_OTX2	PRD_CRX/PRD_OTX1/PRD_OTX2
Spis_XP_022791657_1	Homeodomains.PRD_CRX/PRD_OTX1/PRD_OTX2	PRD_CRX/PRD_OTX1/PRD_OTX2
Spis_XP_022801040_1	Homeodomains.ANTP_PDX1	ANTP_PDX1
Spis_XP_022804456_1	Homeodomains.unclass	NA
Spis_XP_022784688_1	Homeodomains.unclass	NA
Spis_XP_022804634_1	Homeodomains.ANTP_HOXA2/ANTP_HOXA3/ANTP_HOXB2/ANTP_HOXB3/ANTP_HOXD3	ANTP_HOXA2/ANTP_HOXA3/ANTP_HOXB2/ANTP_HOXB3/ANTP_HOXD3
Spis_XP_022804023_1	Homeodomains.ANTP_HOXA2/ANTP_HOXA3/ANTP_HOXB2/ANTP_HOXB3/ANTP_HOXD3	ANTP_HOXA2/ANTP_HOXA3/ANTP_HOXB2/ANTP_HOXB3/ANTP_HOXD3
Spis_XP_022804770_1	Homeodomains.ANTP_HOXA2/ANTP_HOXA3/ANTP_HOXB2/ANTP_HOXB3/ANTP_HOXD3	ANTP_HOXA2/ANTP_HOXA3/ANTP_HOXB2/ANTP_HOXB3/ANTP_HOXD3
Spis_XP_022803778_1	Homeodomains.ANTP_HOXA2/ANTP_HOXA3/ANTP_HOXB2/ANTP_HOXB3/ANTP_HOXD3	ANTP_HOXA2/ANTP_HOXA3/ANTP_HOXB2/ANTP_HOXB3/ANTP_HOXD3
Spis_XP_022804334_1	Homeodomains.ANTP_HOXA1/ANTP_HOXB1/ANTP_HOXD1	ANTP_HOXA1/ANTP_HOXB1/ANTP_HOXD1
Spis_XP_022800588_1	Homeodomains.ANTP_GSX1/ANTP_GSX2	ANTP_GSX1/ANTP_GSX2
Spis_XP_022779237_1	Homeodomains.ANTP_MEOX1/ANTP_MEOX2	ANTP_MEOX1/ANTP_MEOX2
Spis_XP_022779304_1	Homeodomains.ANTP_MEOX1/ANTP_MEOX2	ANTP_MEOX1/ANTP_MEOX2
Spis_XP_022779308_1	Homeodomains.ANTP_MEOX1/ANTP_MEOX2	ANTP_MEOX1/ANTP_MEOX2
Spis_XP_022779303_1	Homeodomains.ANTP_MEOX1/ANTP_MEOX2	ANTP_MEOX1/ANTP_MEOX2
Spis_XP_022803993_1	Homeodomains.ANTP_MNX1	ANTP_MNX1
Spis_XP_022803981_1	Homeodomains.ANTP_EVX1/ANTP_EVX2	ANTP_EVX1/ANTP_EVX2
Spis_XP_022791842_1	Homeodomains.ANTP_GBX1/ANTP_GBX2	ANTP_GBX1/ANTP_GBX2
Spis_XP_022804238_1	Homeodomains.like:ANTP_MSX1/ANTP_MSX2	NA
Spis_XP_022782913_1	Homeodomains.ANTP_MSX1/ANTP_MSX2	ANTP_MSX1/ANTP_MSX2
Spis_XP_022798373_1	Homeodomains.like:ANTP_MSX1/ANTP_MSX2	NA
Spis_XP_022798377_1	Homeodomains.like:ANTP_MSX1/ANTP_MSX2	NA
Spis_XP_022798368_1	Homeodomains.like:ANTP_MSX1/ANTP_MSX2	NA
Spis_XP_022792039_1	Homeodomains.ANTP_DLX1/ANTP_DLX2/ANTP_DLX3/ANTP_DLX4/ANTP_DLX5/ANTP_DLX6	ANTP_DLX1/ANTP_DLX2/ANTP_DLX3/ANTP_DLX4/ANTP_DLX5/ANTP_DLX6
Spis_XP_022794677_1	Homeodomains.ANTP_NKX1-1/ANTP_NKX1-2	ANTP_NKX1-1/ANTP_NKX1-2
Spis_XP_022808246_1	Homeodomains.ANTP_BARX1/ANTP_BARX2	islike:ANTP_BARX1/ANTP_BARX2
Spis_XP_022793160_1	Homeodomains.ANTP_BARX1/ANTP_BARX2	ANTP_BARX1/ANTP_BARX2
Spis_XP_022808078_1	Homeodomains.ANTP_BARX1/ANTP_BARX2	islike:ANTP_BARX1/ANTP_BARX2
Spis_XP_022782991_1	Homeodomains.ANTP_BARX1/ANTP_BARX2	islike:ANTP_BARX1/ANTP_BARX2
Spis_XP_022799105_1	Homeodomains.like:ANTP_EMX1/ANTP_EMX2/ANTP_NOTO/ANTP_VAX1/ANTP_VAX2	NA
Spis_XP_022791938_1	Homeodomains.like:ANTP_EMX1/ANTP_EMX2/ANTP_NOTO/ANTP_VAX1/ANTP_VAX2	NA
Spis_XP_022791939_1	Homeodomains.like:ANTP_EMX1/ANTP_EMX2/ANTP_NOTO/ANTP_VAX1/ANTP_VAX2	NA
Spis_XP_022790514_1	Homeodomains.like:ANTP_EMX1/ANTP_EMX2/ANTP_NOTO/ANTP_VAX1/ANTP_VAX2	NA
Spis_XP_022791943_1	Homeodomains.like:ANTP_EMX1/ANTP_EMX2/ANTP_NOTO/ANTP_VAX1/ANTP_VAX2	NA
Spis_XP_022791916_1	Homeodomains.like:ANTP_EMX1/ANTP_EMX2/ANTP_NOTO/ANTP_VAX1/ANTP_VAX2	NA
Spis_XP_022782838_1	Homeodomains.like:ANTP_EMX1/ANTP_EMX2/ANTP_NOTO/ANTP_VAX1/ANTP_VAX2	NA
Spis_XP_022796599_1	Homeodomains.like:ANTP_EMX1/ANTP_EMX2/ANTP_NOTO/ANTP_VAX1/ANTP_VAX2	NA
Spis_XP_022799626_1	Homeodomains.ANTP_NOTO	ANTP_NOTO
Spis_XP_022798990_1	Homeodomains.like:ANTP_EMX1/ANTP_EMX2	NA
Spis_XP_022790468_1	Homeodomains.like:ANTP_EMX1/ANTP_EMX2/ANTP_VAX1/ANTP_VAX2	NA
Spis_12227_1	Homeodomains.like:ANTP_EMX1/ANTP_EMX2/ANTP_VAX1/ANTP_VAX2	NA
Spis_XP_022790523_1	Homeodomains.like:ANTP_EMX1/ANTP_EMX2	NA
Spis_XP_022792175_1	Homeodomains.like:ANTP_EMX1/ANTP_EMX2	NA
Spis_XP_022799007_1	Homeodomains.like:ANTP_EMX1/ANTP_EMX2	NA
Spis_XP_022782439_1	Homeodomains.Other_LOC647589	Other_LOC647589
Spis_XP_022778987_1	Homeodomains.Other_LOC647589	Other_LOC647589
Spis_XP_022791259_1	Homeodomains.SINE_SIX3/SINE_SIX5	SINE_SIX3/SINE_SIX5
Spis_XP_022791258_1	Homeodomains.SINE_SIX4/SINE_SIX5	SINE_SIX4/SINE_SIX5
Spis_XP_022791270_1	Homeodomains.SINE_SIX1/SINE_SIX2	SINE_SIX1/SINE_SIX2
Spis_XP_022791269_1	Homeodomains.SINE_SIX1/SINE_SIX2	islike:SINE_SIX1/SINE_SIX2
Spis_XP_022794616_1	Homeodomains.like:ANTP_NKX2-1/ANTP_NKX2-2/ANTP_NKX2-3/ANTP_NKX2-4/ANTP_NKX2-5/ANTP_NKX2-6/ANTP_NKX2-8/ANTP_NKX3-1/ANTP_NKX3-2	NA
Spis_XP_022794618_1	Homeodomains.like:ANTP_NKX2-1/ANTP_NKX2-2/ANTP_NKX2-3/ANTP_NKX2-4/ANTP_NKX2-5/ANTP_NKX2-6/ANTP_NKX2-8/ANTP_NKX3-1/ANTP_NKX3-2	NA
Spis_XP_022794604_1	Homeodomains.like:ANTP_NKX2-1/ANTP_NKX2-2/ANTP_NKX2-3/ANTP_NKX2-4/ANTP_NKX2-5/ANTP_NKX2-6/ANTP_NKX2-8/ANTP_NKX3-1/ANTP_NKX3-2	NA
Spis_XP_022794603_1	Homeodomains.like:ANTP_NKX2-1/ANTP_NKX2-2/ANTP_NKX2-3/ANTP_NKX2-4/ANTP_NKX2-5/ANTP_NKX2-6/ANTP_NKX2-8/ANTP_NKX3-1/ANTP_NKX3-2	NA
Spis_XP_022794643_1	Homeodomains.like:ANTP_NKX2-1/ANTP_NKX2-2/ANTP_NKX2-3/ANTP_NKX2-4/ANTP_NKX2-5/ANTP_NKX2-6/ANTP_NKX2-8/ANTP_NKX3-1/ANTP_NKX3-2	NA
Spis_XP_022782912_1	Homeodomains.ANTP_NKX2-3/ANTP_NKX2-5/ANTP_NKX2-6	ANTP_NKX2-3/ANTP_NKX2-5/ANTP_NKX2-6
Spis_XP_022782914_1	Homeodomains.ANTP_NKX3-1/ANTP_NKX3-2	ANTP_NKX3-2
Spis_XP_022798665_1	Homeodomains.TALE_TGIF1/TALE_TGIF2/TALE_TGIF2LX/TALE_TGIF2LY	TALE_TGIF1/TALE_TGIF2
Spis_XP_022788915_1	Homeodomains.TALE_PKNOX1/TALE_PKNOX2	TALE_PKNOX1/TALE_PKNOX2
Spis_XP_022779483_1	Homeodomains.TALE_MEIS1/TALE_MEIS3	TALE_MEIS1/TALE_MEIS3
Spis_XP_022794491_1	Homeodomains.POU_POU6F1/POU_POU6F2	POU_POU6F1/POU_POU6F2
Spis_XP_022804818_1	Homeodomains.POU_POU1F1	POU_POU1F1
Spis_XP_022791433_1	Homeodomains.POU_POU3F1/POU_POU3F2/POU_POU3F3/POU_POU3F4	POU_POU3F1/POU_POU3F2/POU_POU3F3/POU_POU3F4
Spis_XP_022781377_1	Homeodomains.POU_POU3F1/POU_POU3F2/POU_POU3F3/POU_POU3F4	POU_POU3F1/POU_POU3F2/POU_POU3F3/POU_POU3F4
Spis_XP_022791434_1	Homeodomains.POU_POU3F1/POU_POU3F2/POU_POU3F3/POU_POU3F4	POU_POU3F1/POU_POU3F2/POU_POU3F3/POU_POU3F4
Spis_XP_022804300_1	HSF.like:HSF5	NA
Spis_XP_022792307_1	HSF.like:HSF5	NA
Spis_XP_022807073_1	HSF.like:HSFX1/HSFX2/HSFX3/HSFX4/HSFY1/HSFY2	NA
Spis_XP_022785885_1	HSF.HSF1/HSF2/HSF4	HSF1/HSF2/HSF4
Spis_XP_022802168_1	IRF.IRF3/IRF4/IRF5/IRF6/IRF7/IRF8/IRF9	IRF3/IRF4/IRF5/IRF6/IRF7/IRF8/IRF9
Spis_XP_022791712_1	IRF.IRF3/IRF4/IRF5/IRF6/IRF7/IRF8/IRF9	IRF3/IRF4/IRF5/IRF6/IRF7/IRF8/IRF9
Spis_XP_022802946_1	IRF.IRF1/IRF2	IRF1/IRF2
Spis_XP_022806069_1	IRF.IRF1/IRF2	IRF1/IRF2
Spis_XP_022792483_1	LAG1_CSL.RBPJ/RBPJL	RBPJ/RBPJL
Spis_XP_022788032_1	MADS-box_SRF.SRF	SRF
Spis_XP_022807802_1	MADS-box_SRF.BORCS8/MEF2A/MEF2B/MEF2C/MEF2D	BORCS8/MEF2A/MEF2B/MEF2C/MEF2D
Spis_XP_022793784_1	MBD.SETDB1/SETDB2	SETDB1/SETDB2
Spis_XP_022784019_1	MBD.MBD2/MBD3	MBD2/MBD3
Spis_XP_022779266_1	MBD.BAZ2A/BAZ2B	BAZ2A/BAZ2B
Spis_XP_022799611_1	MBD.MBD4	MBD4
Spis_XP_022800335_1	mTERF.like:MTERF1/MTERF2/MTERF3/MTERF4	NA
Spis_XP_022809142_1	mTERF.like:MTERF1/MTERF2/MTERF3/MTERF4	NA
Spis_XP_022781366_1	Myb.CDC5L	CDC5L
Spis_XP_022794008_1	Myb.TERF2IP	TERF2IP
Spis_XP_022807146_1	Myb.BDP1	BDP1
Spis_XP_022794157_1	Myb.NA	NA
Spis_XP_022793278_1	Myb.NA	NA
Spis_932_1	Myb.NA	NA
Spis_24378_1	Myb.NA	NA
Spis_23508_1	Myb.NA	NA
Spis_10302_1	Myb.NA	NA
Spis_XP_022792046_1	Myb.NA	NA
Spis_7120_1	Myb.NA	NA
Spis_265_1	Myb.NA	NA
Spis_XP_022791696_1	Myb.NA	NA
Spis_4284_1	Myb.NA	NA
Spis_22379_1	Myb.NA	NA
Spis_6074_1	Myb.like:HSPA14/MSANTD1/MSANTD2/ZKSCAN2/ZSCAN20/ZSCAN29/ZSCAN32	NA
Spis_XP_022800913_1	Myb.like:HSPA14/MSANTD1/MSANTD2/ZKSCAN2/ZSCAN20/ZSCAN29/ZSCAN32	NA
Spis_XP_022781956_1	Myb.like:HSPA14/MSANTD1/MSANTD2/ZKSCAN2/ZSCAN20/ZSCAN29/ZSCAN32	NA
Spis_XP_022794562_1	Myb.like:HSPA14/MSANTD1/MSANTD2/ZKSCAN2/ZSCAN20/ZSCAN29/ZSCAN32	NA
Spis_24597_1	Myb.like:HSPA14/MSANTD1/MSANTD2/ZKSCAN2/ZSCAN20/ZSCAN29/ZSCAN32	NA
Spis_13662_1	Myb.like:HSPA14/MSANTD1/MSANTD2/ZKSCAN2/ZSCAN20/ZSCAN29/ZSCAN32	NA
Spis_XP_022806343_1	Myb.like:HSPA14/MSANTD1/MSANTD2/ZKSCAN2/ZSCAN20/ZSCAN29/ZSCAN32	NA
Spis_1210_1	Myb.like:HSPA14/MSANTD2/ZKSCAN2/ZSCAN20/ZSCAN29/ZSCAN32	NA
Spis_XP_022778162_1	Myb.like:HSPA14/MSANTD2/ZKSCAN2/ZSCAN20/ZSCAN29/ZSCAN32	NA
Spis_XP_022781449_1	Myb.like:HSPA14/MSANTD2/ZKSCAN2/ZSCAN20/ZSCAN29/ZSCAN32	NA
Spis_XP_022808751_1	Myb.like:HSPA14/MSANTD2/ZKSCAN2/ZSCAN20/ZSCAN29/ZSCAN32	NA
Spis_XP_022809529_1	Myb.like:HSPA14/MSANTD2/ZKSCAN2/ZSCAN20/ZSCAN29/ZSCAN32	NA
Spis_14567_1	Myb.like:HSPA14/MSANTD2/ZKSCAN2/ZSCAN20/ZSCAN29/ZSCAN32	NA
Spis_17220_1	Myb.like:HSPA14/MSANTD1/MSANTD2/ZKSCAN2/ZSCAN20/ZSCAN29/ZSCAN32	NA
Spis_XP_022809088_1	Myb.like:HSPA14/MSANTD1/MSANTD2/ZKSCAN2/ZSCAN20/ZSCAN29/ZSCAN32	NA
Spis_XP_022795551_1	Myb.like:HSPA14/MSANTD1/MSANTD2/ZKSCAN2/ZSCAN20/ZSCAN29/ZSCAN32	NA
Spis_XP_022809090_1	Myb.like:HSPA14/MSANTD1/MSANTD2/ZKSCAN2/ZSCAN20/ZSCAN29/ZSCAN32	NA
Spis_XP_022807195_1	Myb.like:HSPA14/MSANTD1/MSANTD2/ZKSCAN2/ZSCAN20/ZSCAN29/ZSCAN32	NA
Spis_XP_022795550_1	Myb.like:HSPA14/MSANTD1/MSANTD2/ZKSCAN2/ZSCAN20/ZSCAN29/ZSCAN32	NA
Spis_XP_022809980_1	Myb.like:HSPA14/MSANTD1/MSANTD2/ZKSCAN2/ZSCAN20/ZSCAN29/ZSCAN32	NA
Spis_20343_1	Myb.like:MSANTD2	NA
Spis_XP_022780801_1	Myb.like:MSANTD4/MYPOP/NAIF1/TSNARE1	NA
Spis_XP_022784752_1	Myb.like:MSANTD4/MYPOP/NAIF1/TSNARE1	NA
Spis_XP_022808767_1	Myb.like:MSANTD4/MYPOP/NAIF1/TSNARE1	NA
Spis_XP_022777924_1	Myb.like:MSANTD4/MYPOP/NAIF1/TSNARE1	NA
Spis_XP_022797840_1	Myb.like:MSANTD4/MYPOP/NAIF1/TSNARE1	NA
Spis_23219_1	Myb.like:MSANTD4/MYPOP/NAIF1/TSNARE1	NA
Spis_13439_1	Myb.like:MSANTD4/MYPOP/NAIF1/TSNARE1	NA
Spis_XP_022796230_1	Myb.like:MSANTD4/MYPOP/NAIF1/TSNARE1	NA
Spis_XP_022794724_1	Myb.like:MSANTD4/MYPOP/NAIF1/TSNARE1	NA
Spis_XP_022802344_1	Myb.MYSM1	MYSM1
Spis_XP_022790162_1	Myb.AC118549	AC118549
Spis_XP_022782699_1	Myb.SMARCC1/SMARCC2	SMARCC1/SMARCC2
Spis_XP_022807584_1	Myb.MIER1/MIER2/MIER3/MTA1/MTA3/RCOR1/RCOR2/RCOR3	RCOR1/RCOR2/RCOR3
Spis_XP_022788313_1	Myb.like:NCOR1/NCOR2	NA
Spis_XP_022808170_1	Myb.NCOR1/NCOR2	NCOR1/NCOR2
Spis_XP_022795802_1	Myb.NCOR1/NCOR2	islike:NCOR1/NCOR2
Spis_XP_022791992_1	Myb.TERF1/TERF2	TERF1/TERF2
Spis_XP_022797667_1	Myb.like:SNAPC4	NA
Spis_XP_022808074_1	Myb.MYB/MYBL1/MYBL2	MYB/MYBL1/MYBL2
Spis_XP_022801818_1	Myb.DMTF1	DMTF1
Spis_XP_022782833_1	Myb.TTF1	TTF1
Spis_XP_022792814_1	Myb.TADA2B	TADA2B
Spis_XP_022783919_1	Myb.TADA2A	TADA2A
Spis_XP_022787384_1	Myb.MIS18BP1	MIS18BP1
Spis_XP_022809311_1	Myb.DNAJC2	DNAJC2
Spis_XP_022800879_1	Ndt80_PhoG.MYRF/MYRFL	MYRF/MYRFL
Spis_XP_022791808_1	NFX1_ZF.NFX1	NFX1
Spis_XP_022792712_1	NFYA.like:NFYA	NA
Spis_XP_022801825_1	NFYA.NFYA	islike:NFYA
Spis_XP_022788158_1	NFYB_NFYC.CHRAC1	CHRAC1
Spis_XP_022808137_1	NFYB_NFYC.POLE4	POLE4
Spis_XP_022790686_1	NFYB_NFYC.NFYC	NFYC
Spis_XP_022788333_1	NFYB_NFYC.DR1	DR1
Spis_XP_022801153_1	NFYB_NFYC.NFYB	NFYB
Spis_XP_022791011_1	NFYB_NFYC.DRAP1	DRAP1
Spis_XP_022801833_1	NFYB_NFYC.POLE3	POLE3
Spis_XP_022781736_1	NFYB_NFYC.TAF11	TAF11
Spis_XP_022785167_1	NFYB_NFYC.NA	NA
Spis_XP_022780290_1	NFYB_NFYC.NA	NA
Spis_XP_022797541_1	NRF1.NRF1	NRF1
Spis_XP_022799559_1	P53.like:TP53/TP63/TP73	NA
Spis_XP_022788776_1	P53.like:TP53/TP63/TP73	NA
Spis_XP_022798783_1	P53.TP53/TP63/TP73	TP53/TP63/TP73
Spis_XP_022789725_1	RFX.RFX4/RFX6/RFX8	RFX6
Spis_XP_022779108_1	RFX.RFX4/RFX6/RFX8	islike:RFX4/RFX6
Spis_XP_022801709_1	RFX.RFX4/RFX6/RFX8	islike:RFX6
Spis_XP_022796885_1	RFX.RFX5/RFX7	RFX5/RFX7
Spis_XP_022782132_1	RFX.RFX1/RFX2/RFX3	RFX1/RFX2/RFX3
Spis_XP_022789210_1	RHD_Rel.NFKB1/NFKB2/REL/RELA/RELB	NFKB1/NFKB2/REL/RELA/RELB
Spis_XP_022795880_1	RHD_Rel.NFAT5/NFATC1/NFATC2/NFATC3/NFATC4	NFAT5/NFATC1/NFATC2/NFATC3/NFATC4
Spis_XP_022805311_1	Runt_Runx.RUNX1/RUNX2/RUNX3	RUNX1/RUNX2/RUNX3
Spis_XP_022800980_1	SAND.like:AIRE/DEAF1/SP100/SP110/SP140/SP140L	NA
Spis_XP_022786148_1	SAND.DEAF1	DEAF1
Spis_XP_022799192_1	SMAD_MH1.SMAD6/SMAD7	SMAD6/SMAD7
Spis_XP_022786844_1	SMAD_MH1.like:SMAD1/SMAD2/SMAD3/SMAD5/SMAD9	NA
Spis_XP_022787232_1	SMAD_MH1.like:SMAD1/SMAD2/SMAD3/SMAD5/SMAD9	NA
Spis_XP_022799176_1	SMAD_MH1.SMAD2/SMAD3	SMAD2/SMAD3
Spis_XP_022799041_1	SMAD_MH1.like:SMAD4	NA
Spis_XP_022804191_1	SMAD_MH1.SMAD4	SMAD4
Spis_XP_022785205_1	SMAD_MH1.NFIA/NFIB/NFIC/NFIX	NFIA/NFIB/NFIC/NFIX
Spis_XP_022788507_1	STAT.STAT1/STAT2/STAT3/STAT4/STAT5A/STAT5B/STAT6	STAT5A/STAT5B/STAT6
Spis_XP_022783189_1	T-box.TBX15/TBX18/TBX20/TBX22	TBX15/TBX18/TBX22
Spis_XP_022795331_1	T-box.TBX15/TBX18/TBX20/TBX22	TBX20
Spis_XP_022806196_1	T-box.TBX15/TBX18/TBX20/TBX22	TBX20
Spis_XP_022807440_1	T-box.TBX1/TBX10	TBX1/TBX10
Spis_XP_022808436_1	T-box.TBX1/TBX10	TBX1/TBX10
Spis_XP_022786467_1	T-box.like:EOMES/TBR1/TBX19/TBX21/TBXT	NA
Spis_XP_022808659_1	T-box.TBX4/TBX5	TBX4/TBX5
Spis_XP_022808590_1	T-box.TBX2/TBX3	TBX2/TBX3
Spis_XP_022792066_1	T-box.like:EOMES/TBR1/TBX19/TBX21/TBXT	NA
Spis_XP_022787493_1	T-box.TBX19/TBXT	TBX19/TBXT
Spis_XP_022795321_1	T-box.like:EOMES/TBR1/TBX19/TBX21/TBXT	NA
Spis_XP_022783279_1	TBP.TBP/TBPL2	TBP/TBPL2
Spis_XP_022798981_1	TEA.like:TEAD1/TEAD2/TEAD3/TEAD4	NA
Spis_XP_022786538_1	TEA.like:TEAD1/TEAD2/TEAD3/TEAD4	NA
Spis_XP_022786519_1	Tesmin_TSO1-like.LIN54/TESMIN	LIN54
Spis_XP_022789101_1	TFIIA.GTF2A1/GTF2A1L/STON1	GTF2A1/GTF2A1L/STON1
Spis_XP_022783856_1	TFIIB.GTF2B	GTF2B
Spis_XP_022798725_1	TFIIB.BRF1	BRF1
Spis_XP_022791951_1	THAP_finger.like:THAP6/THAP11	NA
Spis_XP_022808753_1	THAP_finger.like:THAP6/THAP11	NA
Spis_XP_022809248_1	THAP_finger.like:THAP6/THAP11	NA
Spis_XP_022804472_1	THAP_finger.like:THAP6/THAP11	NA
Spis_20580_1	THAP_finger.like:THAP6/THAP11	NA
Spis_XP_022792607_1	THAP_finger.like:THAP6/THAP11	NA
Spis_XP_022801509_1	THAP_finger.like:THAP6/THAP11	NA
Spis_XP_022796281_1	THAP_finger.like:THAP6/THAP11	NA
Spis_XP_022802736_1	THAP_finger.like:THAP6/THAP11	NA
Spis_XP_022783251_1	THAP_finger.like:THAP6/THAP11	NA
Spis_XP_022777967_1	THAP_finger.like:THAP6/THAP11	NA
Spis_XP_022795282_1	THAP_finger.like:THAP6/THAP11	NA
Spis_XP_022797861_1	THAP_finger.like:THAP6/THAP11	NA
Spis_XP_022794663_1	THAP_finger.like:THAP6/THAP11	NA
Spis_XP_022807255_1	THAP_finger.like:THAP6/THAP11	NA
Spis_XP_022801365_1	THAP_finger.like:THAP6/THAP11	NA
Spis_XP_022783438_1	THAP_finger.like:THAP6/THAP11	NA
Spis_XP_022809528_1	THAP_finger.like:THAP6/THAP11	NA
Spis_XP_022808320_1	THAP_finger.like:THAP6/THAP11	NA
Spis_XP_022810421_1	THAP_finger.like:THAP6/THAP11	NA
Spis_XP_022788961_1	THAP_finger.like:THAP6/THAP11	NA
Spis_XP_022805808_1	THAP_finger.like:THAP6/THAP11	NA
Spis_XP_022777714_1	THAP_finger.like:THAP6/THAP11	NA
Spis_XP_022809206_1	THAP_finger.like:THAP6/THAP11	NA
Spis_XP_022795303_1	THAP_finger.like:THAP6/THAP11	NA
Spis_XP_022810256_1	THAP_finger.like:THAP6/THAP11	NA
Spis_XP_022806705_1	THAP_finger.like:THAP6/THAP11	NA
Spis_XP_022809931_1	THAP_finger.like:THAP6/THAP11	NA
Spis_XP_022805851_1	THAP_finger.like:THAP6/THAP11	NA
Spis_10627_1	THAP_finger.like:THAP6/THAP11	NA
Spis_XP_022809914_1	THAP_finger.like:THAP6/THAP11	NA
Spis_XP_022794540_1	THAP_finger.like:THAP6/THAP11	NA
Spis_XP_022807457_1	THAP_finger.like:THAP6/THAP11	NA
Spis_XP_022810141_1	THAP_finger.like:THAP6/THAP11	NA
Spis_XP_022806915_1	THAP_finger.like:THAP6/THAP11	NA
Spis_XP_022791350_1	THAP_finger.like:THAP6/THAP11	NA
Spis_17195_1	THAP_finger.like:THAP6/THAP11	NA
Spis_XP_022806310_1	THAP_finger.like:THAP6/THAP11	NA
Spis_XP_022803023_1	THAP_finger.like:THAP6/THAP11	NA
Spis_XP_022783684_1	THAP_finger.like:THAP6/THAP11	NA
Spis_20761_1	THAP_finger.like:THAP6/THAP11	NA
Spis_XP_022792007_1	THAP_finger.like:THAP6/THAP11	NA
Spis_XP_022810200_1	THAP_finger.like:THAP6/THAP11	NA
Spis_XP_022805635_1	THAP_finger.like:THAP6/THAP11	NA
Spis_XP_022798322_1	THAP_finger.like:THAP6/THAP11	NA
Spis_XP_022784269_1	THAP_finger.like:THAP6/THAP11	NA
Spis_XP_022777686_1	THAP_finger.like:THAP6/THAP11	NA
Spis_XP_022782206_1	THAP_finger.like:THAP6/THAP11	NA
Spis_XP_022800734_1	THAP_finger.like:THAP6/THAP11	NA
Spis_XP_022797549_1	THAP_finger.like:THAP6/THAP11	NA
Spis_XP_022791336_1	THAP_finger.like:THAP6/THAP11	NA
Spis_XP_022808164_1	THAP_finger.like:THAP6/THAP11	NA
Spis_XP_022810147_1	THAP_finger.like:THAP6/THAP11	NA
Spis_XP_022804685_1	THAP_finger.like:THAP6/THAP11	NA
Spis_XP_022780185_1	THAP_finger.like:THAP6/THAP11	NA
Spis_XP_022808849_1	THAP_finger.like:THAP6/THAP11	NA
Spis_XP_022808340_1	THAP_finger.like:THAP6/THAP11	NA
Spis_XP_022793346_1	THAP_finger.like:THAP6/THAP11	NA
Spis_XP_022784026_1	THAP_finger.like:THAP6/THAP11	NA
Spis_XP_022804901_1	THAP_finger.like:THAP6/THAP11	NA
Spis_XP_022807037_1	THAP_finger.like:THAP6/THAP11	NA
Spis_XP_022787710_1	THAP_finger.like:THAP6/THAP11	NA
Spis_XP_022794086_1	THAP_finger.like:THAP6/THAP11	NA
Spis_XP_022781620_1	THAP_finger.like:THAP6/THAP11	NA
Spis_XP_022802642_1	THAP_finger.like:THAP6/THAP11	NA
Spis_XP_022782695_1	THAP_finger.like:THAP6/THAP11	NA
Spis_23453_1	THAP_finger.like:THAP6/THAP11	NA
Spis_XP_022802164_1	THAP_finger.like:THAP6/THAP11	NA
Spis_XP_022777611_1	THAP_finger.like:THAP6/THAP11	NA
Spis_XP_022794753_1	THAP_finger.like:THAP6/THAP11	NA
Spis_XP_022790680_1	THAP_finger.like:THAP6/THAP11	NA
Spis_XP_022805412_1	THAP_finger.like:THAP6/THAP11	NA
Spis_13073_1	THAP_finger.like:THAP6/THAP11	NA
Spis_XP_022807268_1	THAP_finger.like:THAP6/THAP11	NA
Spis_XP_022791500_1	THAP_finger.like:THAP6/THAP11	NA
Spis_XP_022809893_1	THAP_finger.like:THAP6/THAP11	NA
Spis_XP_022808109_1	THAP_finger.like:THAP6/THAP11	NA
Spis_XP_022789697_1	THAP_finger.like:THAP6/THAP11	NA
Spis_19597_1	THAP_finger.like:THAP6/THAP11	NA
Spis_XP_022778042_1	THAP_finger.like:THAP6/THAP11	NA
Spis_XP_022800416_1	THAP_finger.like:THAP6/THAP11	NA
Spis_XP_022804156_1	THAP_finger.like:THAP6/THAP11	NA
Spis_XP_022783355_1	THAP_finger.like:THAP6/THAP11	NA
Spis_XP_022780931_1	THAP_finger.like:THAP6/THAP11	NA
Spis_XP_022807222_1	THAP_finger.like:THAP6/THAP11	NA
Spis_XP_022779002_1	THAP_finger.like:THAP6/THAP11	NA
Spis_XP_022807135_1	THAP_finger.like:THAP6/THAP11	NA
Spis_XP_022802578_1	THAP_finger.like:THAP6/THAP11	NA
Spis_XP_022808551_1	THAP_finger.like:THAP6/THAP11	NA
Spis_XP_022806532_1	THAP_finger.like:THAP6/THAP11	NA
Spis_XP_022807266_1	THAP_finger.like:THAP6/THAP11	NA
Spis_XP_022801325_1	THAP_finger.like:THAP6/THAP11	NA
Spis_XP_022807667_1	THAP_finger.like:THAP6/THAP11	NA
Spis_XP_022809490_1	THAP_finger.like:THAP6/THAP11	NA
Spis_XP_022783384_1	THAP_finger.like:THAP6/THAP11	NA
Spis_XP_022777448_1	THAP_finger.like:THAP6/THAP11	NA
Spis_XP_022796276_1	THAP_finger.like:THAP6/THAP11	NA
Spis_XP_022802258_1	THAP_finger.like:THAP6/THAP11	NA
Spis_10086_1	THAP_finger.like:THAP6/THAP11	NA
Spis_XP_022805595_1	THAP_finger.like:THAP6/THAP11	NA
Spis_XP_022806413_1	THAP_finger.like:THAP6/THAP11	NA
Spis_XP_022789293_1	THAP_finger.like:THAP6/THAP11	NA
Spis_XP_022789294_1	THAP_finger.like:THAP6/THAP11	NA
Spis_XP_022798334_1	THAP_finger.like:THAP6/THAP11	NA
Spis_XP_022780821_1	THAP_finger.like:THAP6/THAP11	NA
Spis_XP_022778043_1	THAP_finger.like:THAP6/THAP11	NA
Spis_XP_022794703_1	THAP_finger.like:THAP6/THAP11	NA
Spis_XP_022794717_1	THAP_finger.like:THAP6/THAP11	NA
Spis_XP_022796275_1	THAP_finger.like:THAP6/THAP11	NA
Spis_XP_022804735_1	THAP_finger.like:THAP6/THAP11	NA
Spis_XP_022790729_1	THAP_finger.like:THAP6/THAP11	NA
Spis_XP_022797384_1	THAP_finger.like:THAP6/THAP11	NA
Spis_XP_022777860_1	THAP_finger.THAP10	THAP10
Spis_XP_022808983_1	THAP_finger.THAP10	THAP10
Spis_XP_022795540_1	THAP_finger.THAP10	THAP10
Spis_XP_022804423_1	THAP_finger.THAP10	THAP10
Spis_5930_1	THAP_finger.THAP10	THAP10
Spis_XP_022788406_1	THAP_finger.THAP10	THAP10
Spis_XP_022791620_1	THAP_finger.THAP10	THAP10
Spis_XP_022785710_1	THAP_finger.THAP10	THAP10
Spis_20891_1	THAP_finger.THAP10	THAP10
Spis_XP_022777525_1	THAP_finger.THAP10	THAP10
Spis_8878_1	THAP_finger.THAP10	THAP10
Spis_XP_022796460_1	THAP_finger.THAP10	THAP10
Spis_XP_022800844_1	THAP_finger.like:AC073612/THAP2/THAP4/THAP8	NA
Spis_XP_022801223_1	THAP_finger.like:THAP7	NA
Spis_XP_022797740_1	THAP_finger.like:THAP7	NA
Spis_XP_022781441_1	THAP_finger.NA	NA
Spis_XP_022777942_1	THAP_finger.NA	NA
Spis_XP_022810660_1	THAP_finger.NA	NA
Spis_XP_022807085_1	THAP_finger.NA	NA
Spis_XP_022793887_1	THAP_finger.NA	NA
Spis_XP_022788458_1	THAP_finger.NA	NA
Spis_XP_022806288_1	THAP_finger.NA	NA
Spis_XP_022778905_1	THAP_finger.NA	NA
Spis_XP_022787045_1	THAP_finger.NA	NA
Spis_XP_022806946_1	THAP_finger.THAP12	THAP12
Spis_XP_022805500_1	THAP_finger.THAP12	THAP12
Spis_XP_022796503_1	THAP_finger.THAP12	THAP12
Spis_XP_022802841_1	THAP_finger.THAP12	THAP12
Spis_XP_022796959_1	THAP_finger.THAP12	THAP12
Spis_XP_022795730_1	THAP_finger.THAP12	THAP12
Spis_XP_022807701_1	THAP_finger.THAP12	THAP12
Spis_XP_022791540_1	THAP_finger.THAP12	THAP12
Spis_XP_022797658_1	THAP_finger.THAP12	THAP12
Spis_XP_022807274_1	THAP_finger.THAP12	THAP12
Spis_XP_022777505_1	THAP_finger.THAP12	THAP12
Spis_XP_022801382_1	THAP_finger.THAP12	THAP12
Spis_XP_022810519_1	THAP_finger.THAP12	THAP12
Spis_XP_022808754_1	THAP_finger.THAP12	THAP12
Spis_XP_022810232_1	THAP_finger.THAP12	THAP12
Spis_XP_022784189_1	THAP_finger.THAP12	THAP12
Spis_XP_022785233_1	THAP_finger.THAP12	THAP12
Spis_XP_022802836_1	THAP_finger.THAP12	THAP12
Spis_XP_022780618_1	THAP_finger.THAP12	THAP12
Spis_XP_022799612_1	Tub.TUB/TULP1/TULP2/TULP3	TUB/TULP1/TULP3
Spis_XP_022797878_1	YL1.VPS72	VPS72
Spis_XP_022804186_1	zf-BED.like:ZBED1	NA
Spis_XP_022790572_1	zf-C2H2.GFI1/GFI1B	GFI1/GFI1B
Spis_XP_022790570_1	zf-C2H2.like:GFI1/GFI1B	NA
Spis_XP_022790567_1	zf-C2H2.like:GFI1/GFI1B	NA
Spis_XP_022799853_1	zf-C2H2.like:AL121581/L3MBTL1/L3MBTL4/MYT1/MYT1L/ST18	NA
Spis_XP_022786543_1	zf-C2H2.like:KAT7	NA
Spis_XP_022788197_1	zf-C2H2.KAT7	KAT7
Spis_XP_022804678_1	zf-C2H2.L3MBTL1/L3MBTL4	L3MBTL1/L3MBTL4
Spis_XP_022788944_1	zf-C2H2.L3MBTL1/L3MBTL4	L3MBTL1/L3MBTL4
Spis_XP_022790347_1	zf-C2H2.like:YY1/YY2/ZFP42	NA
Spis_XP_022789456_1	zf-C2H2.YY1/YY2/ZFP42	ZFP42
Spis_XP_022784370_1	zf-C2H2.like:TRERF1/ZNF541	NA
Spis_XP_022789468_1	zf-C2H2.TRERF1/ZNF541	TRERF1/ZNF541
Spis_XP_022791248_1	zf-C2H2.OVOL1/OVOL2/OVOL3	OVOL3
Spis_XP_022791236_1	zf-C2H2.OVOL1/OVOL2/OVOL3	OVOL3
Spis_XP_022806143_1	zf-C2H2.ZNF277	ZNF277
Spis_XP_022801846_1	zf-C2H2.like:ZNF32	NA
Spis_XP_022777808_1	zf-C2H2.INSM1/INSM2	INSM1/INSM2
Spis_XP_022782638_1	zf-C2H2.like:MTF1/ZNF70/ZNF76/ZNF143/ZNF408/ZNF410/ZNF697/ZNF865	NA
Spis_XP_022800781_1	zf-C2H2.like:MTF1/ZNF70/ZNF76/ZNF143/ZNF408/ZNF410/ZNF697/ZNF865	NA
Spis_XP_022781574_1	zf-C2H2.EGR1/EGR2/EGR3/EGR4	islike:EGR1/EGR2/EGR3
Spis_XP_022801018_1	zf-C2H2.like:MTF1/ZNF70/ZNF76/ZNF143/ZNF410/ZNF697	NA
Spis_XP_022784356_1	zf-C2H2.like:MTF1/ZNF70/ZNF76/ZNF143/ZNF410/ZNF697	NA
Spis_XP_022801160_1	zf-C2H2.KLF15	KLF15
Spis_XP_022780365_1	zf-C2H2.KLF13/KLF14/KLF16/KLF9	KLF13/KLF9
Spis_XP_022785196_1	zf-C2H2.SP1/SP2/SP3/SP4/SP5/SP6/SP7/SP8/SP9	SP1/SP3/SP4
Spis_XP_022785200_1	zf-C2H2.SP1/SP2/SP3/SP4/SP5/SP6/SP7/SP8/SP9	SP5
Spis_XP_022785137_1	zf-C2H2.SP1/SP2/SP3/SP4/SP5/SP6/SP7/SP8/SP9	islike:SP8/SP9
Spis_XP_022798698_1	zf-C2H2.SP1/SP2/SP3/SP4/SP5/SP6/SP7/SP8/SP9	islike:SP5
Spis_XP_022778864_1	zf-C2H2.like:KLF1/KLF2/KLF3/KLF4/KLF5/KLF6/KLF7/KLF8/KLF12	NA
Spis_XP_022796217_1	zf-C2H2.KLF10/KLF11	KLF10/KLF11
Spis_XP_022778527_1	zf-C2H2.ZNF143/ZNF76	ZNF143/ZNF76
Spis_XP_022796939_1	zf-C2H2.KLF6/KLF7	KLF6/KLF7
Spis_XP_022800322_1	zf-C2H2.KLF6/KLF7	KLF6/KLF7
Spis_XP_022788323_1	zf-C2H2.KLF6/KLF7	islike:KLF6/KLF7
Spis_XP_022800341_1	zf-C2H2.like:KLF5	NA
Spis_XP_022785311_1	zf-C2H2.PRDM9	PRDM9
Spis_XP_022785312_1	zf-C2H2.PRDM9	PRDM9
Spis_XP_022784076_1	zf-C2H2.PRDM9	islike:PRDM9
Spis_XP_022803860_1	zf-C2H2.unclass	NA
Spis_XP_022788832_1	zf-C2H2.PRDM14	PRDM14
Spis_XP_022788135_1	zf-C2H2.PRDM14	PRDM14
Spis_XP_022798145_1	zf-C2H2.PRDM14	PRDM14
Spis_XP_022788112_1	zf-C2H2.PRDM14	PRDM14
Spis_XP_022802009_1	zf-C2H2.PRDM6	PRDM6
Spis_XP_022781301_1	zf-C2H2.PRDM6	islike:PRDM6
Spis_XP_022781408_1	zf-C2H2.PRDM6	islike:PRDM6
Spis_XP_022798068_1	zf-C2H2.PRDM6	islike:PRDM6
Spis_XP_022781738_1	zf-C2H2.PRDM6	islike:PRDM6
Spis_XP_022797034_1	zf-C2H2.PRDM6	islike:PRDM6
Spis_XP_022797975_1	zf-C2H2.PRDM6	islike:PRDM6
Spis_XP_022797551_1	zf-C2H2.PRDM6	islike:PRDM6
Spis_XP_022779365_1	zf-C2H2.unclass	NA
Spis_XP_022793374_1	zf-C2H2.PRDM12	PRDM12
Spis_XP_022782590_1	zf-C2H2.unclass	NA
Spis_XP_022784944_1	zf-C2H2.GLI1/GLI2/GLI3/GLIS1/GLIS2/GLIS3/ZIC1/ZIC2/ZIC3/ZIC4/ZIC5	ZIC1/ZIC2/ZIC3/ZIC4/ZIC5
Spis_XP_022792121_1	zf-C2H2.GLI1/GLI2/GLI3/GLIS1/GLIS2/GLIS3/ZIC1/ZIC2/ZIC3/ZIC4/ZIC5	islike:ZIC1/ZIC2/ZIC3/ZIC4/ZIC5
Spis_XP_022782346_1	zf-C2H2.GLI1/GLI2/GLI3/GLIS1/GLIS2/GLIS3/ZIC1/ZIC2/ZIC3/ZIC4/ZIC5	islike:ZIC1/ZIC2/ZIC3/ZIC4/ZIC5
Spis_XP_022795122_1	zf-C2H2.GLI1/GLI2/GLI3/GLIS1/GLIS2/GLIS3/ZIC1/ZIC2/ZIC3/ZIC4/ZIC5	GLI1/GLI2/GLI3
Spis_XP_022787983_1	zf-C2H2.GLI1/GLI2/GLI3/GLIS1/GLIS2/GLIS3/ZIC1/ZIC2/ZIC3/ZIC4/ZIC5	GLIS2
Spis_XP_022784943_1	zf-C2H2.GLI1/GLI2/GLI3/GLIS1/GLIS2/GLIS3/ZIC1/ZIC2/ZIC3/ZIC4/ZIC5	islike:ZIC1/ZIC2/ZIC3/ZIC4/ZIC5
Spis_XP_022782085_1	zf-C2H2.GLI1/GLI2/GLI3/GLIS1/GLIS2/GLIS3/ZIC1/ZIC2/ZIC3/ZIC4/ZIC5	GLIS1/GLIS3
Spis_XP_022809866_1	zf-C2H2.like:FLYWCH1	NA
Spis_5450_1	zf-C2H2.like:FLYWCH1	NA
Spis_23408_1	zf-C2H2.like:FLYWCH1	NA
Spis_XP_022800835_1	zf-C2H2.like:FLYWCH1	NA
Spis_XP_022798641_1	zf-C2H2.like:FLYWCH1	NA
Spis_5933_1	zf-C2H2.like:ZNF771	NA
Spis_XP_022805803_1	zf-C2H2.like:ZNF771	NA
Spis_XP_022792684_1	zf-C2H2.like:ZNF771	NA
Spis_XP_022792055_1	zf-C4_Nuclear_receptors.unclass	NA
Spis_XP_022784094_1	zf-C4_Nuclear_receptors.unclass	NA
Spis_XP_022787902_1	zf-C4_Nuclear_receptors.unclass	NA
Spis_XP_022789619_1	zf-C4_Nuclear_receptors.NR6A1	NR6A1
Spis_XP_022808660_1	zf-C4_Nuclear_receptors.HNF4A/HNF4G	HNF4A/HNF4G
Spis_XP_022797916_1	zf-C4_Nuclear_receptors.NR2C1/NR2C2	NR2C1/NR2C2
Spis_XP_022794923_1	zf-C4_Nuclear_receptors.NR2E1/NR2E3	islike:NR2E1/NR2E3
Spis_XP_022801132_1	zf-C4_Nuclear_receptors.NR2E1/NR2E3	islike:NR2E1/NR2E3
Spis_XP_022794940_1	zf-C4_Nuclear_receptors.NR2E1/NR2E3	NR2E1
Spis_XP_022800215_1	zf-C4_Nuclear_receptors.NR2E1/NR2E3	islike:NR2E1
Spis_XP_022793135_1	zf-C4_Nuclear_receptors.NR2E1/NR2E3	islike:NR2E1/NR2E3
Spis_XP_022809335_1	zf-C4_Nuclear_receptors.like:NR2E1/NR2E3/NR2F1/NR2F2/NR2F6	NA
Spis_XP_022782179_1	zf-C4_Nuclear_receptors.like:NR2F1/NR2F2/NR2F6	NA
Spis_XP_022796338_1	zf-C4_Nuclear_receptors.like:NR2F1/NR2F2/NR2F6	NA
Spis_XP_022808266_1	zf-C4_Nuclear_receptors.like:NR2F1/NR2F2/NR2F6	NA
Spis_XP_022779139_1	zf-C4_Nuclear_receptors.NR2F1/NR2F2/NR2F6	NR2F1/NR2F2/NR2F6
Spis_XP_022780880_1	zf-CXXC.FBXL19/KDM2A/KDM2B	FBXL19/KDM2A/KDM2B
Spis_XP_022807504_1	zf-CXXC.CXXC4/CXXC5/TET1/TET3	TET1/TET3
Spis_XP_022800909_1	zf-CXXC.KMT2A/KMT2B	KMT2A/KMT2B
Spis_XP_022783467_1	zf-CXXC.CXXC1	CXXC1
Spis_XP_022779249_1	zf-CXXC.DNMT1	DNMT1
Spis_XP_022793362_1	zf-met.ZMAT2	ZMAT2
Spis_XP_022799537_1	zf-met.SF3A2	SF3A2
Spis_XP_022780370_1	zf-met.SCAPER	SCAPER
Spis_XP_022785176_1	zf-met.NA	NA
Spis_XP_022810505_1	zf-met.AP002990/TUT1	AP002990/TUT1
Spis_XP_022784287_1	zf-met.NA	NA
Spis_XP_022790584_1	zf-met.NA	NA
Spis_XP_022793432_1	zf-met.NA	NA
Spis_XP_022805728_1	zf-met.like:ZMAT1/ZMAT3/ZMAT4/ZNF346/ZNF385A/ZNF385B/ZNF385C/ZNF385D	NA
Spis_XP_022802945_1	zf-met.ZNF385A/ZNF385B/ZNF385C/ZNF385D	ZNF385A/ZNF385B/ZNF385C/ZNF385D
Spis_XP_022796136_1	zf-met.like:ZFR/ZFR2	NA
Spis_XP_022801185_1	zf-met.like:ZFR/ZFR2	NA
Spis_XP_022803756_1	zf-met.ZFR/ZFR2	ZFR/ZFR2
Spis_XP_022791039_1	zf-met.like:DNAJC21	NA
Spis_XP_022781875_1	zf-MIZ.PIAS1/PIAS2/PIAS3/PIAS4	PIAS1/PIAS2/PIAS3/PIAS4
Spis_XP_022792817_1	zf-MIZ.like:ZMIZ1/ZMIZ2	NA
Spis_XP_022802721_1	zf-MIZ.ZMIZ1/ZMIZ2	ZMIZ1/ZMIZ2
Spis_XP_022804872_1	zf-MIZ.ZMIZ1/ZMIZ2	ZMIZ1/ZMIZ2
Spis_XP_022799633_1	zf-MIZ.ZMIZ1/ZMIZ2	ZMIZ1/ZMIZ2
Spis_XP_022805198_1	ARID_BRIGHT.ARID2	ARID2
Spis_XP_022784821_1	zf-C2H2.ZNF576	ZNF576
Spis_XP_022801356_1	zf-C2H2.ZNF576	ZNF576
Spis_XP_022788893_1	Homeodomains.HNF_HMBOX1	HNF_HMBOX1
Spis_XP_022792898_1	zf-C2H2.ZNF622	ZNF622
Spis_XP_022780929_1	zf-C2H2.ZNF771	ZNF771
Spis_22226_1	Myb.Unclassified	NA
Spis_XP_022780664_1	zf-C2H2.Unclassified	NA
Spis_XP_022788660_1	zf-C2H2.Unclassified	NA
Spis_XP_022789298_1	zf-C2H2.Unclassified	NA
Spis_XP_022789450_1	zf-C2H2.Unclassified	NA
Spis_XP_022789961_1	zf-met.Unclassified	NA
Spis_XP_022793017_1	zf-C2H2.Unclassified	NA
Spis_XP_022793737_1	zf-C2H2.Unclassified	NA
Spis_XP_022795610_1	zf-met.Unclassified	NA
Spis_XP_022795611_1	zf-C2H2.Unclassified	NA
Spis_XP_022797368_1	AT_hook.Unclassified	NA
Spis_XP_022798805_1	zf-met.Unclassified	NA
Spis_XP_022801025_1	bZIP.Unclassified	NA
Spis_XP_022801802_1	zf-met.Unclassified	NA
Spis_XP_022806685_1	zf-met.Unclassified	NA
Spis_XP_022807069_1	zf-C2H2.Unclassified	NA
Spis_XP_022810192_1	zf-met.Unclassified	NA
Spis_XP_022810402_1	zf-met.Unclassified	NA
